article,title,days,views,first,last,created
Abdul_Razak_Ali_Artan,Abdul_Razak_Ali_Artan,2123,2989,2016-11-28,2024-12-31,2016-11-28
Alvin_Cole,Alvin_Cole,753,942,2020-10-12,2024-12-31,2020-10-12
Daniel_Prude,Daniel_Prude,1476,5905,2020-09-03,2024-12-31,2020-09-03
Death_of_Anthony_Baez,Death_of_Anthony_Baez,1358,15977,2021-04-14,2024-12-31,2006-08-30
Death_of_Anthony_Baez,"Baez,_Anthony",341,62,2018-07-06,2024-12-16,2018-07-06
Death_of_Anthony_Baez,Anthony_Baez,3469,75843,2015-07-01,2024-12-31,2021-04-14
Death_of_Jonathan_Sanders,Death_of_Jonathan_Sanders,3442,58890,2015-07-31,2024-12-31,2015-07-31
Death_of_Jonathan_Sanders,Jonathan_Sanders,1307,1582,2015-10-15,2024-12-31,2020-05-29
Death_of_Jonathan_Sanders,Killing_of_Jonathan_Sanders,69,24,2020-12-31,2024-12-12,2020-12-31
Death_of_Keenan_Anderson,Death_of_Keenan_Anderson,719,169594,2023-01-13,2024-12-31,2023-01-13
Death_of_Keenan_Anderson,Draft:Death_of_Keenan_Anderson,32,113,2023-01-13,2024-11-12,2023-01-13
Death_of_Keenan_Anderson,Keenan_Anderson,675,5164,2023-01-13,2024-12-31,2023-01-13
Death_of_Keenan_Anderson,Keenan_Darnell_Anderson,70,18,2023-01-13,2024-12-29,2023-01-13
Death_of_Mario_Gonzalez,Death_of_Mario_Gonzalez,1274,18200,2021-07-07,2024-12-31,2021-04-28
Death_of_Mario_Gonzalez,Mario_Arenales_Gonzalez,165,93,2021-04-30,2024-12-27,2021-04-30
Death_of_Mario_Gonzalez,Killing_of_Mario_Gonzalez,1192,14902,2021-04-28,2024-12-31,2021-07-07
Death_of_Mario_Gonzalez,Mario_Gonzalez_(construction_worker),566,299,2022-02-01,2024-12-31,2022-02-01
Death_of_Marvin_Scott,Death_of_Marvin_Scott,1373,16727,2021-03-28,2024-12-31,2021-03-28
Death_of_Marvin_Scott,Marvin_Scott_III,584,473,2021-03-21,2024-12-31,2021-03-21
Death_of_Marvin_Scott,Marvin_David_Scott_III,84,30,2021-03-21,2024-12-19,2021-03-21
Death_of_Marvin_Scott,Marvin_David_Scott,88,27,2021-03-21,2024-12-20,2021-03-21
Death_of_Michael_Stewart,Death_of_Michael_Stewart,3472,430368,2015-07-01,2024-12-31,2006-10-30
Death_of_Michael_Stewart,Michael_Stewart_(graffiti_writer),1659,1211,2015-07-01,2024-12-26,2008-06-15
Death_of_Michael_Stewart,Michael_Stewart_(Vandal),396,73,2015-07-01,2024-12-03,2009-08-19
Death_of_Michael_Stewart,Michael_Stewart_(graffiti_artist),3470,32094,2015-07-01,2024-12-31,2014-08-25
Death_of_Michael_Stewart,Michael_Jerome_Stewart,244,97,2018-09-15,2024-12-30,2018-09-15
Death_of_Michael_Stewart,Michael_J._Stewart,233,46,2018-09-15,2024-12-18,2018-09-15
Death_of_Natasha_McKenna,Death_of_Natasha_McKenna,1661,53053,2020-06-15,2024-12-31,2015-10-30
Death_of_Natasha_McKenna,Natasha_McKenna,3315,136493,2015-10-30,2024-12-31,2020-06-15
Death_of_Sandra_Bland,Death_of_Sandra_Bland,3452,6663188,2015-07-21,2024-12-31,2015-07-21
Death_of_Sandra_Bland,Sandra_Bland,3452,145450,2015-07-21,2024-12-31,2015-07-21
Death_of_Sandra_Bland,Suicide_of_Sandra_Bland,258,147,2019-02-13,2024-12-31,2019-02-13
Death_of_Tamla_Horsford,Death_of_Tamla_Horsford,1657,1460498,2020-06-19,2024-12-31,2020-06-19
Death_of_Tamla_Horsford,Tamla_Horsford,700,654,2022-01-06,2024-12-30,2022-01-06
Death_of_Tyrone_West,Death_of_Tyrone_West,2759,45435,2017-06-12,2024-12-31,2017-06-12
Death_of_Tyrone_West,Tyrone_West,1166,674,2015-07-04,2024-12-23,2006-01-19
Elijah_McClain,Elijah_McClain,1653,30087,2020-06-22,2024-12-31,2020-06-22
Eric_Garner,Eric_Garner,3472,280937,2015-07-01,2024-12-31,2014-07-20
Freddie_Gray,Freddie_Gray,3464,91238,2015-07-01,2024-12-31,2015-04-22
George_Floyd,George_Floyd,3408,14273271,2015-07-02,2024-12-31,2020-06-04
George_Floyd,"Floyd,_George",502,2153,2019-06-25,2024-12-31,2019-06-25
George_Floyd,George_Floyd_(rapper),405,462,2020-05-29,2024-12-11,2020-05-29
George_Floyd,George_Floyd_(died_2020),151,125,2020-05-29,2024-12-09,2020-05-29
George_Floyd,Big_Floyd,839,20596,2020-05-30,2024-12-31,2020-05-30
George_Floyd,George_Floyd_(detainee),171,134,2020-05-30,2024-12-22,2020-05-30
George_Floyd,George_Floyd_(Detainee),273,449,2020-05-30,2024-12-09,2020-05-30
George_Floyd,George_Perry_Floyd,519,2005,2020-06-01,2024-12-25,2020-06-01
George_Floyd,Geroge_Floyd,1002,2866,2020-06-03,2024-12-31,2020-06-03
George_Floyd,Draft:George_Floyd,613,328,2020-05-31,2024-12-31,2020-06-04
George_Floyd,George_Perry_Floyd_Jr.,304,158,2020-06-22,2024-12-16,2020-06-26
George_Floyd,George_P._Floyd,125,55,2020-07-06,2024-12-04,2020-07-06
George_Floyd,George_floyd,1533,53211,2020-10-21,2024-12-31,2020-10-21
George_Floyd,Perry_floyd,73,53,2021-05-26,2024-12-25,2021-05-26
George_Floyd,George_Floid,84,36,2023-10-22,2024-12-11,2023-10-22
Jonathan_Sanders,Jonathan_Sanders,1307,1582,2015-10-15,2024-12-31,2020-05-29
Kevin_Mullins,Kevin_Mullins,102,16662,2024-09-20,2024-12-31,2024-09-20
Killing_of_Akai_Gurley,Killing_of_Akai_Gurley,1149,54488,2021-11-09,2024-12-31,2014-12-10
Killing_of_Akai_Gurley,Akai_Gurley,3257,18499,2015-07-01,2024-12-31,2014-12-08
Killing_of_Akai_Gurley,Akai_Gurley_shooting,259,77,2015-07-15,2024-12-28,2014-12-15
Killing_of_Akai_Gurley,Shooting_of_Akai_Gurley,3472,509343,2015-07-01,2024-12-31,2021-11-09
Killing_of_Alfred_Olango,Killing_of_Alfred_Olango,1345,8934,2021-04-27,2024-12-31,2016-09-27
Killing_of_Alfred_Olango,Alfred_Olango,1343,2346,2016-09-28,2024-12-31,2016-09-29
Killing_of_Alfred_Olango,Shooting_of_Alfred_Olango,2951,38553,2016-09-29,2024-12-31,2021-04-27
Killing_of_Alton_Sterling,Killing_of_Alton_Sterling,1183,128855,2021-04-25,2024-12-31,2016-07-06
Killing_of_Alton_Sterling,Alton_Sterling,3101,68683,2016-07-06,2024-12-31,2016-07-07
Killing_of_Alton_Sterling,Alton_sterling,2278,24525,2016-07-06,2024-12-26,2016-07-07
Killing_of_Alton_Sterling,Murder_of_Alton_Sterling,495,149,2016-07-08,2024-12-31,2016-07-08
Killing_of_Alton_Sterling,Elton_Sterling,117,24,2020-09-11,2024-12-27,2020-09-11
Killing_of_Alton_Sterling,Shooting_of_Elton_Sterling,93,22,2020-09-11,2024-12-25,2020-09-11
Killing_of_Alton_Sterling,Shooting_of_Alton_Sterling,3101,1861004,2016-07-06,2024-12-31,2021-04-25
Killing_of_Alvin_Cole,Killing_of_Alvin_Cole,1518,25602,2020-11-05,2024-12-31,2020-10-11
Killing_of_Alvin_Cole,Alvin_Cole,753,942,2020-10-12,2024-12-31,2020-10-12
Killing_of_Alvin_Cole,Shooting_of_Alvin_Cole,1270,11741,2020-10-11,2024-12-31,2020-11-05
Killing_of_Amadou_Diallo,Killing_of_Amadou_Diallo,1077,449089,2022-01-20,2024-12-31,2003-08-21
Killing_of_Amadou_Diallo,Amadou_Dialou,1364,1617,2015-07-01,2024-12-31,2002-04-11
Killing_of_Amadou_Diallo,Amadou_Bailo_Diallo,3286,7997,2015-07-01,2024-12-31,2005-07-25
Killing_of_Amadou_Diallo,Amadou_Diallo_(shooting_victim),2763,3780,2015-07-01,2024-12-31,2003-12-15
Killing_of_Amadou_Diallo,Amadaou_diallo,731,336,2015-07-01,2024-12-31,2006-04-23
Killing_of_Amadou_Diallo,Amadu_diallo,921,680,2015-07-01,2024-12-31,2006-04-23
Killing_of_Amadou_Diallo,Kadiatou_Diallo,2069,2338,2015-07-01,2024-12-30,2006-11-28
Killing_of_Amadou_Diallo,Amadou_dialo,514,245,2015-07-01,2024-12-31,2006-12-01
Killing_of_Amadou_Diallo,Amadou_Dialo,627,211,2015-07-01,2024-12-31,2007-03-10
Killing_of_Amadou_Diallo,Amadou_Diallo,3472,316262,2015-07-01,2024-12-31,2010-08-20
Killing_of_Amadou_Diallo,Diallo_Shooting,925,486,2015-07-02,2024-12-31,2012-12-13
Killing_of_Amadou_Diallo,Amadou_Diallo_shooting,3472,167390,2015-07-01,2024-12-31,2013-10-28
Killing_of_Amadou_Diallo,Amadu_Diallo,937,768,2018-08-12,2024-12-31,2018-08-12
Killing_of_Amadou_Diallo,Shooting_of_Amadou_Diallo,3472,1820881,2015-07-01,2024-12-31,2022-01-20
Killing_of_Amadou_Diallo,Death_of_Amadou_Diallo,21,4,2023-01-31,2024-12-18,2023-01-31
Killing_of_Amir_Locke,Killing_of_Amir_Locke,1062,201123,2022-02-04,2024-12-31,2022-02-04
Killing_of_Amir_Locke,Amir_Locke,1046,6352,2022-02-04,2024-12-31,2022-02-04
Killing_of_Amir_Locke,Draft:Killing_of_Amir_Locke,134,137,2022-02-05,2024-12-28,2022-02-05
Killing_of_Amir_Locke,Amir_Lock,205,271,2022-02-07,2024-12-25,2022-02-07
Killing_of_Andres_Guardado,Killing_of_Andres_Guardado,1656,130570,2020-06-20,2024-12-31,2020-06-20
Killing_of_Andres_Guardado,Killing_of_Andrés_Guardado,212,43,2020-06-22,2024-12-31,2020-06-22
Killing_of_Andres_Guardado,Andrés_Guardado_(security_guard),856,352,2020-06-22,2024-12-31,2020-06-22
Killing_of_Andres_Guardado,Shooting_of_andres_guardado,93,33,2020-09-03,2024-12-24,2020-09-03
Killing_of_Andrew_Brown_Jr.,Killing_of_Andrew_Brown_Jr.,1346,117814,2021-04-26,2024-12-31,2021-04-25
Killing_of_Andrew_Brown_Jr.,"Andrew_Brown,_Jr.",409,189,2021-04-22,2024-12-31,2021-04-22
Killing_of_Andrew_Brown_Jr.,Andrew_Brown_Jr.,188,261,2021-04-22,2024-12-29,2021-04-22
Killing_of_Andrew_Brown_Jr.,Andrew_Brown_Jr,394,1421,2021-04-22,2024-12-29,2021-04-22
Killing_of_Andrew_Brown_Jr.,Death_of_Andrew_Brown_Jr.,113,28,2021-04-22,2024-12-29,2021-04-22
Killing_of_Andrew_Brown_Jr.,Murder_of_Andrew_Brown_Jr.,90,58,2021-04-26,2024-12-31,2021-04-26
Killing_of_Andrew_Brown_Jr.,Shooting_of_Andrew_Brown_Jr.,870,5371,2021-04-25,2024-12-29,2021-04-26
Killing_of_Angelo_Quinto,Killing_of_Angelo_Quinto,1404,15299,2021-02-26,2024-12-31,2021-02-26
Killing_of_Angelo_Quinto,Angelo_Quinto,918,1278,2021-02-26,2024-12-31,2021-02-26
Killing_of_Anthony_Hill,Killing_of_Anthony_Hill,1046,14671,2022-02-20,2024-12-31,2016-01-22
Killing_of_Anthony_Hill,Anthony_Hill_shooting,395,166,2016-01-23,2024-12-31,2016-01-23
Killing_of_Anthony_Hill,Anthony_Hill_(shooting_victim),758,747,2022-01-02,2024-12-31,2022-01-02
Killing_of_Anthony_Hill,Shooting_of_Anthony_Hill,3248,124965,2016-01-22,2024-12-31,2022-02-20
Killing_of_Anthony_Weber,Killing_of_Anthony_Weber,1043,3023,2022-02-20,2024-12-31,2018-02-25
Killing_of_Anthony_Weber,Anthony_Weber_(shooting_victim),482,312,2022-01-05,2024-12-30,2022-01-05
Killing_of_Anthony_Weber,Shooting_of_Anthony_Weber,2189,15203,2018-02-24,2024-12-31,2022-02-20
Killing_of_Antonio_Martin,Killing_of_Antonio_Martin,1044,3842,2022-02-20,2024-12-31,2014-12-25
Killing_of_Antonio_Martin,Antonio_Martin_(shooting_victim),363,152,2022-01-02,2024-12-31,2022-01-02
Killing_of_Antonio_Martin,Shooting_of_Antonio_Martin,3451,58806,2015-07-01,2024-12-31,2022-02-20
Killing_of_Antonio_Zambrano-Montes,Killing_of_Antonio_Zambrano-Montes,1037,5110,2022-02-20,2024-12-31,2015-02-17
Killing_of_Antonio_Zambrano-Montes,Shooting_of_Antonio_Zambrano-Montes,3326,47460,2015-07-01,2024-12-30,2022-02-20
Killing_of_Antwon_Rose_Jr.,Killing_of_Antwon_Rose_Jr.,1114,34153,2020-12-31,2024-12-31,2018-06-21
Killing_of_Antwon_Rose_Jr.,Antwon_Rose,1027,2479,2018-06-21,2024-12-31,2018-06-21
Killing_of_Antwon_Rose_Jr.,Death_of_Antwon_Rose,228,67,2018-06-21,2024-12-03,2018-06-21
Killing_of_Antwon_Rose_Jr.,Killing_of_Antwon_Rose,228,53,2018-06-21,2024-12-25,2018-06-21
Killing_of_Antwon_Rose_Jr.,Shooting_of_Antwon_Rose,634,2345,2018-06-21,2024-12-27,2018-06-22
Killing_of_Antwon_Rose_Jr.,Antwon_Rose_Jr.,940,556,2020-05-29,2024-12-31,2020-05-29
Killing_of_Antwon_Rose_Jr.,Shooting_of_Antwon_Rose_Jr.,2385,813291,2018-06-22,2024-12-31,2022-02-20
Killing_of_Atatiana_Jefferson,Killing_of_Atatiana_Jefferson,1903,383446,2019-10-13,2024-12-31,2019-10-13
Killing_of_Atatiana_Jefferson,Atatiana_Jefferson,1409,4951,2019-10-13,2024-12-31,2019-10-13
Killing_of_Atatiana_Jefferson,Atatiana_Koquice_Jefferson,179,148,2019-10-14,2024-12-31,2019-10-14
Killing_of_Atatiana_Jefferson,Atatiana,524,477,2019-10-14,2024-12-31,2019-10-14
Killing_of_Atatiana_Jefferson,Atatiana_K._Jefferson,122,48,2019-10-15,2024-12-31,2019-10-15
Killing_of_Atatiana_Jefferson,Murder_of_Atatiana_Jefferson,151,82,2019-10-15,2024-12-31,2019-10-15
Killing_of_Atatiana_Jefferson,Shooting_of_Atatiana_Jefferson,1814,401726,2019-10-13,2024-12-31,2021-12-21
Killing_of_Breonna_Taylor,Killing_of_Breonna_Taylor,1671,1996247,2020-05-13,2024-12-31,2020-05-13
Killing_of_Breonna_Taylor,Murder_of_Breonna_Taylor,652,1726,2020-06-01,2024-12-31,2020-05-13
Killing_of_Breonna_Taylor,Shooting_of_Breonna_Taylor,1689,11584129,2020-05-13,2024-12-31,2020-05-13
Killing_of_Breonna_Taylor,Death_of_Breonna_Taylor,1681,1152770,2020-05-13,2024-12-31,2020-06-01
Killing_of_Breonna_Taylor,Arrest_the_cops_that_killed_Breonna_Taylor,1113,1947,2020-07-03,2024-12-31,2020-07-03
Killing_of_Carlos_Carson,Killing_of_Carlos_Carson,413,779,2023-11-12,2024-12-31,2020-06-20
Killing_of_Carlos_Carson,Shooting_of_Carlos_Carson,1606,4835,2020-06-20,2024-12-31,2023-11-12
Killing_of_Casey_Goodson,Killing_of_Casey_Goodson,203,188,2020-12-11,2024-12-11,2020-12-11
Killing_of_Casey_Goodson,Casey_Goodson,471,670,2020-12-12,2024-12-31,2020-12-12
Killing_of_Charley_Leundeu_Keunang,Killing_of_Charley_Leundeu_Keunang,1272,9735,2021-07-09,2024-12-31,2016-01-25
Killing_of_Charley_Leundeu_Keunang,Charley_Leundeu_Keunang,768,313,2016-01-25,2024-12-27,2016-01-25
Killing_of_Charley_Leundeu_Keunang,Charly_Keunang,262,93,2016-01-28,2024-12-23,2016-01-28
Killing_of_Charley_Leundeu_Keunang,Shooting_of_Charley_Leundeu_Keunang,3213,39421,2016-01-25,2024-12-31,2021-07-09
Killing_of_Christian_Hall,Killing_of_Christian_Hall,1408,26999,2021-02-23,2024-12-31,2021-02-23
Killing_of_Christian_Hall,Christian_Hall,1268,4291,2021-02-23,2024-12-31,2021-02-23
Killing_of_Corey_Jones,Killing_of_Corey_Jones,490,14705,2020-12-31,2024-12-31,2015-11-16
Killing_of_Corey_Jones,Corey_Jones_(musician),2781,9498,2015-11-16,2024-12-31,2015-11-18
Killing_of_Corey_Jones,Manslaughter_of_Corey_Jones,94,199,2021-11-26,2024-12-27,2021-11-28
Killing_of_Corey_Jones,Shooting_of_Corey_Jones,3332,634166,2015-11-18,2024-12-31,2023-11-12
Killing_of_Daniel_Hambrick,Killing_of_Daniel_Hambrick,1277,17479,2021-07-04,2024-12-31,2021-07-04
Killing_of_Daniel_Hambrick,Draft:Killing_of_Daniel_Hambrick,28,6,2021-07-04,2024-12-29,2021-07-04
Killing_of_Daniel_Hambrick,Daniel_Hambrick,105,194,2021-07-04,2024-12-30,2021-07-04
Killing_of_Daniel_Prude,Killing_of_Daniel_Prude,1581,312655,2020-09-03,2024-12-31,2020-09-03
Killing_of_Daniel_Prude,Daniel_Prude,1476,5905,2020-09-03,2024-12-31,2020-09-03
Killing_of_Daniel_Prude,Death_of_Daniel_Prude,935,1188,2020-09-05,2024-12-31,2020-09-05
Killing_of_Daunte_Wright,Killing_of_Daunte_Wright,1360,1615050,2021-04-12,2024-12-31,2021-04-12
Killing_of_Daunte_Wright,Daunte_Wright,1360,34932,2021-04-12,2024-12-31,2021-04-12
Killing_of_Daunte_Wright,User:EDG_543/Killing_of_Daunte_Wright,31,11,2021-04-12,2024-11-15,2021-04-12
Killing_of_Daunte_Wright,Dante_Wright,628,4468,2021-04-12,2024-12-29,2021-04-12
Killing_of_Daunte_Wright,Killing_of_Dante_Wright,244,912,2021-04-12,2024-12-21,2021-04-12
Killing_of_Daunte_Wright,Daunte_Wright_shooting,308,485,2021-04-12,2024-12-31,2021-04-12
Killing_of_Daunte_Wright,Murder_of_Daunte_Wright,182,344,2021-04-12,2024-12-31,2021-04-12
Killing_of_Daunte_Wright,Death_of_Daunte_Wright,655,114,2021-04-12,2024-12-25,2021-04-12
Killing_of_Daunte_Wright,Shooting_of_Daunte_Wright,749,1155,2021-04-13,2024-12-31,2021-04-13
Killing_of_Daunte_Wright,Duante_Wright,306,1446,2021-04-13,2024-12-31,2021-04-13
Killing_of_Daunte_Wright,Killing_of_Duante_Wright,273,139,2021-04-13,2024-12-25,2021-04-13
Killing_of_Daunte_Wright,Daunte_Demetrius_Wright,389,411,2021-04-14,2024-12-19,2021-04-14
Killing_of_Daunte_Wright,"Wright,_Daunte",98,39,2021-04-23,2024-12-31,2021-04-23
Killing_of_Daunte_Wright,Manslaughter_of_Daunte_Wright,528,32378,2021-12-23,2024-12-30,2021-12-23
Killing_of_David_McAtee,Killing_of_David_McAtee,1215,26329,2020-06-06,2024-12-31,2020-06-02
Killing_of_David_McAtee,David_McAtee,1449,29419,2020-06-02,2024-12-31,2020-06-02
Killing_of_David_McAtee,Dave_McAtee,127,37,2020-06-03,2024-12-09,2020-06-03
Killing_of_David_McAtee,David_McAttee,278,1155,2020-06-03,2024-12-29,2020-06-03
Killing_of_David_McAtee,"McAtee,_David",125,60,2020-06-03,2024-12-31,2020-06-03
Killing_of_David_McAtee,David_Macatee,130,48,2020-06-04,2024-12-28,2020-06-04
Killing_of_David_McAtee,Death_of_David_McAtee,796,676,2020-06-16,2024-12-31,2020-06-16
Killing_of_David_McAtee,Shooting_of_David_McAtee,1674,349637,2020-06-02,2024-12-31,2021-12-21
Killing_of_Deborah_Danner,Killing_of_Deborah_Danner,835,6535,2022-09-19,2024-12-31,2016-10-23
Killing_of_Deborah_Danner,Deborah_Danner_shooting,243,127,2016-10-19,2024-12-26,2016-10-19
Killing_of_Deborah_Danner,Deborah_Danner,954,747,2020-05-29,2024-12-29,2020-05-29
Killing_of_Deborah_Danner,Shooting_of_Deborah_Danner,2884,49925,2016-10-23,2024-12-31,2022-09-19
Killing_of_Deona_Marie_Knajdek,Killing_of_Deona_Marie_Knajdek,933,14548,2022-06-13,2024-12-31,2020-07-29
Killing_of_Deona_Marie_Knajdek,Deona_Erickson,86,40,2021-06-14,2024-12-31,2021-06-14
Killing_of_Deona_Marie_Knajdek,Deona_Knajdek,1214,6081,2021-06-14,2024-12-31,2021-06-14
Killing_of_Deona_Marie_Knajdek,Deona_Marie,94,43,2021-06-14,2024-12-31,2021-06-14
Killing_of_Deona_Marie_Knajdek,Killing_of_Deona_M._Knajdek,1109,2631,2021-06-16,2024-12-31,2021-06-16
Killing_of_Deona_Marie_Knajdek,Killing_of_Deona_Knajdek,950,12196,2021-06-16,2024-12-28,2022-06-13
Killing_of_Deona_Marie_Knajdek,Deona_Marie_Erickson,28,13,2023-01-06,2024-12-31,2023-01-06
Killing_of_Dhal_Apet_and_Lueth_Mo,Killing_of_Dhal_Apet_and_Lueth_Mo,471,5430,2023-09-18,2024-12-31,2023-09-18
Killing_of_Dijon_Kizzee,Killing_of_Dijon_Kizzee,1518,17068,2020-11-05,2024-12-31,2020-09-10
Killing_of_Dijon_Kizzee,Shooting_of_Dijon_Kizee,135,697,2020-09-10,2024-12-21,2020-09-11
Killing_of_Dijon_Kizzee,Dijon_Kizzee,1202,2103,2020-09-11,2024-12-31,2020-09-11
Killing_of_Dijon_Kizzee,Shooting_of_Dijon_Kizzee,1151,9942,2020-09-11,2024-12-31,2020-11-05
Killing_of_Dijon_Kizzee,Kizzee,127,195,2023-09-12,2024-12-28,2023-09-12
Killing_of_Dion_Johnson,Killing_of_Dion_Johnson,416,2668,2023-11-12,2024-12-31,2020-06-10
Killing_of_Dion_Johnson,Death_of_Dion_Johnson,1411,13545,2020-06-10,2024-12-28,2020-09-14
Killing_of_Dion_Johnson,Dion_Johnson,676,639,2015-07-25,2024-12-29,2022-01-11
Killing_of_Dion_Johnson,Shooting_of_Dion_Johnson,1544,23665,2020-06-05,2024-12-31,2023-11-12
Killing_of_Dolal_Idd,Killing_of_Dolal_Idd,1461,73667,2021-01-01,2024-12-31,2021-01-01
Killing_of_Dolal_Idd,Dolal_Idd,1359,5745,2021-01-01,2024-12-31,2021-01-01
Killing_of_Dolal_Idd,Dolal_Bayle_Idd,114,115,2021-01-01,2024-12-20,2021-01-01
Killing_of_Dolal_Idd,Dolal_Idd_protests,102,86,2021-01-03,2024-12-20,2021-01-03
Killing_of_Donovan_Lewis,Killing_of_Donovan_Lewis,852,42246,2022-09-02,2024-12-31,2022-09-02
Killing_of_Donovan_Lewis,Draft:Killing_of_Donovan_Lewis,37,31,2022-09-02,2024-10-23,2022-09-02
Killing_of_Donovan_Lewis,Donovan_Lewis,361,197,2022-09-02,2024-12-31,2022-09-02
Killing_of_Dontre_Hamilton,Killing_of_Dontre_Hamilton,835,13149,2022-09-19,2024-12-31,2015-04-19
Killing_of_Dontre_Hamilton,Dontre_Hamilton,2755,5175,2015-07-06,2024-12-31,2015-01-04
Killing_of_Dontre_Hamilton,Shooting_of_Dontre_Hamilton,3462,165114,2015-07-01,2024-12-31,2022-09-19
Killing_of_Duncan_Lemp,Killing_of_Duncan_Lemp,961,79828,2022-05-16,2024-12-31,2020-04-24
Killing_of_Duncan_Lemp,Duncan_lemp,1150,7967,2020-04-24,2024-12-31,2020-04-24
Killing_of_Duncan_Lemp,Duncan_Lemp,1654,17714,2020-04-24,2024-12-31,2020-05-12
Killing_of_Duncan_Lemp,Duncan_Lemp_killing,1183,61032,2020-05-12,2024-12-31,2020-05-21
Killing_of_Duncan_Lemp,Shooting_of_Duncan_Lemp,1692,504934,2020-05-14,2024-12-31,2022-05-16
Killing_of_Elijah_McClain,Killing_of_Elijah_McClain,695,385660,2020-12-31,2024-12-31,2020-06-15
Killing_of_Elijah_McClain,Elijah_McClain,1653,30087,2020-06-22,2024-12-31,2020-06-22
Killing_of_Elijah_McClain,Elijah_Jovan_McClain,104,25,2021-03-19,2024-12-29,2021-03-19
Killing_of_Elijah_McClain,Death_of_Elijah_McClain,1661,2597146,2020-06-15,2024-12-31,2023-10-20
Killing_of_Emantic_Fitzgerald_Bradford_Jr.,Killing_of_Emantic_Fitzgerald_Bradford_Jr.,1523,35155,2020-10-31,2024-12-31,2018-11-24
Killing_of_Emantic_Fitzgerald_Bradford_Jr.,EJ_Bradford,238,162,2018-12-03,2024-12-31,2018-12-03
Killing_of_Emantic_Fitzgerald_Bradford_Jr.,E._J._Bradford,139,32,2018-12-06,2024-12-28,2018-12-06
Killing_of_Emantic_Fitzgerald_Bradford_Jr.,Emantic_Bradford,287,182,2019-01-09,2024-12-27,2019-01-09
Killing_of_Emantic_Fitzgerald_Bradford_Jr.,Emantic_Fitzgerald_Bradford_Jr.,1019,443,2019-01-09,2024-12-30,2019-01-09
Killing_of_Emantic_Fitzgerald_Bradford_Jr.,Shooting_of_Emantic_Fitzgerald_Bradford_Jr.,2223,100999,2018-11-24,2024-12-31,2020-10-31
Killing_of_Eric_Garner,Killing_of_Eric_Garner,2046,1383319,2015-07-09,2024-12-31,2014-07-19
Killing_of_Eric_Garner,Eric_Garner,3472,280937,2015-07-01,2024-12-31,2014-07-20
Killing_of_Eric_Garner,Death_of_Eric_Garner,3472,4562899,2015-07-01,2024-12-31,2020-06-09
Killing_of_Eric_Harris,Killing_of_Eric_Harris,835,18355,2022-09-19,2024-12-31,2015-04-23
Killing_of_Eric_Harris,Eric_Courtney_Harris,1984,27945,2015-07-01,2024-12-31,2015-04-24
Killing_of_Eric_Harris,Shooting_of_Eric_Courtney_Harris,3018,37410,2015-07-01,2024-12-29,2016-09-22
Killing_of_Eric_Harris,2015_shooting_of_Eric_Harris,2984,100135,2016-10-30,2024-12-31,2016-09-22
Killing_of_Eric_Harris,2015_Shooting_of_Eric_Harris,1532,8862,2016-09-22,2024-12-31,2016-10-30
Killing_of_Eric_Harris,Eric_Harris_(shooting_victim),369,219,2020-02-20,2024-12-31,2020-02-20
Killing_of_Eric_Harris,Shooting_of_Eric_Harris,1798,8505,2015-07-01,2024-12-31,2022-09-19
Killing_of_Ezell_Ford,Killing_of_Ezell_Ford,1024,7159,2015-07-19,2024-12-31,2015-01-04
Killing_of_Ezell_Ford,Ezell_Ford,2587,6775,2015-07-02,2024-12-31,2014-12-30
Killing_of_Ezell_Ford,Death_of_Ezell_Ford,483,92,2015-07-04,2024-12-11,2015-01-04
Killing_of_Ezell_Ford,Ezell_Ford_shooting,234,51,2015-07-08,2024-12-31,2015-01-04
Killing_of_Ezell_Ford,Ezell_Earl_Ford,322,94,2015-07-08,2024-12-31,2015-01-04
Killing_of_Ezell_Ford,Shooting_of_Ezell_Ford,3472,201553,2015-07-01,2024-12-31,2023-05-24
Killing_of_Freddie_Gray,Killing_of_Freddie_Gray,1034,904987,2022-03-04,2024-12-31,2015-04-22
Killing_of_Freddie_Gray,Freddie_Gray,3464,91238,2015-07-01,2024-12-31,2015-04-22
Killing_of_Freddie_Gray,Draft:Death_of_Freddie_Gray,25,3,2015-08-23,2023-12-07,2015-04-22
Killing_of_Freddie_Gray,Death_of_Freddie_Grey,974,146,2015-07-04,2024-12-29,2015-04-28
Killing_of_Freddie_Gray,Death_of_Freddy_Gray,1727,784,2015-07-04,2024-12-31,2015-04-28
Killing_of_Freddie_Gray,Freddie_Grey,2394,6850,2015-07-01,2024-12-31,2015-05-01
Killing_of_Freddie_Gray,Carolina_Gray,483,135,2015-07-07,2024-12-31,2015-05-01
Killing_of_Freddie_Gray,Fredericka_Gray,444,102,2015-07-02,2024-12-26,2015-05-01
Killing_of_Freddie_Gray,Freddie_Carlos_Grey,752,698,2017-10-29,2024-12-30,2017-10-29
Killing_of_Freddie_Gray,Freddie_Carlos_Gray_Jr.,101,42,2021-03-19,2024-12-30,2021-03-19
Killing_of_Freddie_Gray,Death_of_Freddie_Gray,3472,3262812,2015-07-01,2024-12-31,2022-03-04
Killing_of_George_Robinson,Killing_of_George_Robinson,1599,12916,2020-08-16,2024-12-31,2020-08-16
Killing_of_George_Robinson,George_Robinson_(police_brutality_victim),510,223,2022-01-06,2024-12-29,2022-01-06
Killing_of_Gidone_Busch,Killing_of_Gidone_Busch,407,2715,2023-11-21,2024-12-31,2006-08-30
Killing_of_Gidone_Busch,Gidone_busch,406,74,2015-07-04,2024-12-27,2006-08-30
Killing_of_Gidone_Busch,Gary_Busch,564,121,2016-09-25,2024-12-31,2016-09-25
Killing_of_Gidone_Busch,Gidone_Busch,3465,28917,2015-07-01,2024-12-31,2019-07-07
Killing_of_Gidone_Busch,Shooting_of_Gidone_Busch,1881,11320,2019-07-07,2024-12-30,2023-11-21
Killing_of_Jamar_Clark,Killing_of_Jamar_Clark,1184,32548,2021-10-05,2024-12-31,2015-11-17
Killing_of_Jamar_Clark,Jamar_Clark,3210,21254,2015-11-17,2024-12-31,2015-11-20
Killing_of_Jamar_Clark,Shooting_of_Jamar_Clark,3333,352354,2015-11-17,2024-12-31,2021-10-05
Killing_of_James_Boyd,Killing_of_James_Boyd,502,10484,2023-08-18,2024-12-31,2014-04-12
Killing_of_James_Boyd,James_Boyd_shooting,3170,13686,2015-07-01,2024-12-31,2015-08-03
Killing_of_James_Boyd,Draft:APD_and_James_Boyd,835,597,2016-11-11,2024-12-25,2016-11-11
Killing_of_James_Boyd,Shooting_of_James_Boyd,3434,169072,2015-08-03,2024-12-31,2023-08-18
Killing_of_James_Scurlock,Killing_of_James_Scurlock,1569,33661,2020-06-06,2024-12-31,2020-06-02
Killing_of_James_Scurlock,Shooting_of_James_Scurlock,1670,172207,2020-06-02,2024-12-31,2021-12-23
Killing_of_James_Scurlock,James_Scurlock_(shooting_victim),467,254,2022-01-20,2024-12-31,2022-01-20
Killing_of_Javier_Ambler,Killing_of_Javier_Ambler,1666,223207,2020-06-10,2024-12-31,2020-06-10
Killing_of_Javier_Ambler,Death_of_Javier_Ambler,149,176,2020-06-10,2024-12-28,2020-06-10
Killing_of_Javier_Ambler,Javier_Ambler,228,316,2020-06-10,2024-12-30,2020-06-10
Killing_of_Javier_Ambler,Javier_Ambler_II,751,472,2020-06-10,2024-12-31,2020-06-10
Killing_of_Jayland_Walker,Killing_of_Jayland_Walker,914,289931,2022-07-02,2024-12-31,2022-07-02
Killing_of_Jayland_Walker,Jayland_Walker,797,3466,2022-07-02,2024-12-31,2022-07-02
Killing_of_Jayland_Walker,Death_of_jayland_walker,68,15,2022-07-08,2024-12-02,2022-07-08
Killing_of_Jayland_Walker,Shooting_of_Jayland_Walker,58,3,2024-05-22,2024-12-29,2024-05-22
Killing_of_Jeremy_McDole,Killing_of_Jeremy_McDole,1032,8197,2022-03-05,2024-12-31,2015-09-30
Killing_of_Jeremy_McDole,Jeremy_McDole,1785,2403,2015-09-30,2024-12-31,2015-09-30
Killing_of_Jeremy_McDole,Death_of_Jeremy_McDole,3144,24637,2015-09-30,2024-12-31,2015-11-10
Killing_of_Jeremy_McDole,Shooting_of_Jeremy_McDole,3373,166573,2015-09-30,2024-12-31,2022-03-05
Killing_of_John_Albers,Killing_of_John_Albers,457,1546,2023-09-16,2024-12-31,2023-09-16
Killing_of_John_Crawford_III,Killing_of_John_Crawford_III,997,88572,2020-06-14,2024-12-31,2014-12-11
Killing_of_John_Crawford_III,John_crawford_III,1244,1758,2015-07-02,2024-12-27,2015-05-14
Killing_of_John_Crawford_III,John_Crawford_III,1243,1889,2020-05-29,2024-12-31,2020-05-29
Killing_of_John_Crawford_III,Shooting_of_John_Crawford,108,42,2020-06-14,2024-12-27,2020-06-14
Killing_of_John_Crawford_III,Shooting_of_John_Crawford_III,3472,1205821,2015-07-01,2024-12-31,2022-06-20
Killing_of_Jonathan_Ferrell,Killing_of_Jonathan_Ferrell,835,13206,2022-09-19,2024-12-31,2015-08-23
Killing_of_Jonathan_Ferrell,Jonathan_Ferrell,3320,46246,2015-08-23,2024-12-31,2015-08-23
Killing_of_Jonathan_Ferrell,Jonathan_Farrell,478,202,2015-08-23,2024-12-31,2015-08-23
Killing_of_Jonathan_Ferrell,Shooting_of_Jonathan_Ferrell,3419,259523,2015-08-23,2024-12-31,2022-09-19
Killing_of_Joseph_Mann,Killing_of_Joseph_Mann,1265,7335,2021-07-15,2024-12-31,2016-10-02
Killing_of_Joseph_Mann,Shooting_of_Joseph_Mann,2819,45535,2016-10-02,2024-12-31,2021-07-15
Killing_of_Joseph_Mann,Joseph_Mann_(shooting_victim),596,415,2022-01-03,2024-12-30,2022-01-03
Killing_of_José_Campos_Torres,Joe_Campos_Torres,3403,15999,2015-07-01,2024-12-31,2013-07-07
Killing_of_José_Campos_Torres,Murder_of_Joe_Campos_Torres,3472,172154,2015-07-01,2024-12-31,2023-06-07
Killing_of_José_Campos_Torres,Murder_of_José_Campos_Torres,574,20923,2023-06-07,2024-12-31,2026-01-26
Killing_of_Julian_Lewis,Killing_of_Julian_Lewis,488,3076,2023-08-31,2024-12-31,2020-08-16
Killing_of_Julian_Lewis,Julian_Edward_Roosevelt_Lewis,974,3736,2020-08-16,2024-12-31,2020-08-16
Killing_of_Julian_Lewis,Julian_Edward_Lewis,108,24,2020-08-22,2024-12-29,2020-08-22
Killing_of_Julian_Lewis,Julian_Roosevelt_Lewis,98,21,2020-08-22,2024-12-11,2020-08-22
Killing_of_Julian_Lewis,Killing_of_Julian_Edward_Roosevelt_Lewis,1576,18409,2020-08-16,2024-12-31,2023-08-31
Killing_of_Keith_Lamont_Scott,Killing_of_Keith_Lamont_Scott,1034,30033,2022-03-04,2024-12-31,2016-09-21
Killing_of_Keith_Lamont_Scott,Keith_Lamont_Scott,2319,6627,2016-09-21,2024-12-31,2016-09-21
Killing_of_Keith_Lamont_Scott,Lamont_Scott,401,215,2016-09-21,2024-12-30,2016-09-21
Killing_of_Keith_Lamont_Scott,Shooting_of_Keith_Lamont_Scott,3024,534832,2016-09-21,2024-12-31,2022-03-04
Killing_of_Kenneth_Chamberlain_Sr.,Killing_of_Kenneth_Chamberlain_Sr.,1410,126580,2016-06-29,2024-12-31,2012-05-04
Killing_of_Kenneth_Chamberlain_Sr.,Killing_of_Kenneth_Chamberlain,529,182,2015-07-19,2024-12-04,2012-05-09
Killing_of_Kenneth_Chamberlain_Sr.,Kenneth_Chamberlain,2120,5813,2015-07-01,2024-12-31,2012-07-02
Killing_of_Kenneth_Chamberlain_Sr.,"Kenneth_Chamberlain,_Sr.",421,116,2015-08-09,2024-12-31,2012-07-02
Killing_of_Kenneth_Chamberlain_Sr.,"Killing_of_Kenneth_Chamberlain,_Sr",1823,9924,2015-07-01,2024-12-26,2012-07-04
Killing_of_Kenneth_Chamberlain_Sr.,Kenneth_Chamberlain_Sr.,1219,687,2015-08-26,2024-12-31,2015-04-12
Killing_of_Kenneth_Chamberlain_Sr.,"Killing_of_Kenneth_Chamberlain,_Sr.",3231,62596,2015-07-01,2024-12-31,2016-06-29
Killing_of_Kenneth_Chamberlain_Sr.,Death_of_Kenneth_Chamberlain_Sr.,263,81,2016-07-08,2024-12-03,2016-07-08
Killing_of_Kenneth_Chamberlain_Sr.,"Shooting_of_Kenneth_Chamberlain,_Sr.",1116,2243,2016-07-08,2024-12-31,2016-07-08
Killing_of_Kenneth_Chamberlain_Sr.,"Death_of_Kenneth_Chamberlain,_Sr.",163,62,2016-07-08,2024-12-25,2016-07-08
Killing_of_Kenneth_Chamberlain_Sr.,Shooting_of_Kenneth_Chamberlain_Sr.,3035,223836,2016-07-08,2024-12-31,2021-12-24
Killing_of_Kenneth_Chamberlain_Sr.,Killing_of_Kenneth_Chamberlain_Sr,1,1,2023-02-16,2023-02-16,2025-05-26
Killing_of_Korryn_Gaines,Killing_of_Korryn_Gaines,502,17042,2023-08-18,2024-12-31,2016-08-03
Killing_of_Korryn_Gaines,Kodi_Gaines,307,75,2016-08-10,2024-12-07,2016-08-03
Killing_of_Korryn_Gaines,Shandawn_Gaines,522,87,2016-08-11,2024-12-27,2016-08-10
Killing_of_Korryn_Gaines,Korryn_Gaines,2819,8752,2016-08-03,2024-12-31,2016-08-11
Killing_of_Korryn_Gaines,Korryn_Shandawn_Gaines,329,74,2016-08-11,2024-12-27,2016-08-11
Killing_of_Korryn_Gaines,Korryn,72,28,2022-02-26,2024-12-27,2022-02-26
Killing_of_Korryn_Gaines,Shooting_of_Korryn_Gaines,3073,726959,2016-08-03,2024-12-31,2023-08-18
Killing_of_Larry_Jackson_Jr.,Killing_of_Larry_Jackson_Jr.,595,1096,2020-12-31,2024-12-31,2016-12-07
Killing_of_Larry_Jackson_Jr.,"Shooting_of_Larry_Jackson,_Jr.",637,787,2016-12-07,2024-12-07,2017-05-07
Killing_of_Larry_Jackson_Jr.,Larry_Jackson_Jr.,633,249,2020-05-29,2024-12-31,2020-05-29
Killing_of_Larry_Jackson_Jr.,Shooting_of_Larry_Jackson_Jr.,2719,16057,2017-05-07,2024-12-31,2023-07-19
Killing_of_Leneal_Frazier,Killing_of_Leneal_Frazier,534,11856,2023-07-17,2024-12-31,2023-07-14
Killing_of_Leneal_Frazier,Leneal_Frazier,281,178,2022-05-04,2024-12-31,2023-01-22
Killing_of_Leneal_Frazier,Draft:Killing_of_Leneal_Frazier,28,47,2023-07-14,2024-12-09,2023-07-17
Killing_of_Lindani_Myeni,Killing_of_Lindani_Myeni,1201,45642,2021-09-18,2024-12-31,2021-09-18
Killing_of_Lindani_Myeni,Lindani_Myeni,539,225,2021-09-18,2024-12-31,2021-09-18
Killing_of_Ma'Khia_Bryant,Killing_of_Ma'Khia_Bryant,1351,452373,2021-04-21,2024-12-31,2021-04-21
Killing_of_Ma'Khia_Bryant,Ma’Khia_Bryant,433,1387,2021-04-21,2024-12-31,2021-04-21
Killing_of_Ma'Khia_Bryant,Killing_of_Ma'khia_Bryant,157,7190,2021-04-21,2024-12-27,2021-04-21
Killing_of_Ma'Khia_Bryant,Makiyah_Bryant,195,656,2021-04-21,2024-12-13,2021-04-21
Killing_of_Ma'Khia_Bryant,Makhia_Bryant,379,2518,2021-04-21,2024-12-25,2021-04-21
Killing_of_Ma'Khia_Bryant,Ma'Khia,244,541,2021-04-21,2024-12-16,2021-04-21
Killing_of_Ma'Khia_Bryant,Death_of_Ma'Khia_Bryant,1349,27548,2021-04-21,2024-12-31,2021-04-21
Killing_of_Ma'Khia_Bryant,Killing_of_Makiyah_Bryant,74,43,2021-04-21,2024-12-25,2021-04-21
Killing_of_Ma'Khia_Bryant,Makiah_Bryant,127,139,2021-04-21,2024-12-16,2021-04-21
Killing_of_Ma'Khia_Bryant,Shooting_of_ma'khia_bryant,130,113,2021-04-22,2024-12-13,2021-04-22
Killing_of_Ma'Khia_Bryant,Ma'Khia_Bryant,873,1400,2021-04-22,2024-12-31,2021-04-22
Killing_of_Ma'Khia_Bryant,"Bryant,_Ma'Khia",78,28,2021-04-22,2024-12-30,2021-04-22
Killing_of_Ma'Khia_Bryant,Ma’Khia,148,257,2021-04-23,2024-12-11,2021-04-23
Killing_of_Ma'Khia_Bryant,Makia_Bryant,131,108,2021-04-23,2024-12-18,2021-04-23
Killing_of_Ma'Khia_Bryant,Killing_of_makhia_bryant,64,47,2022-03-05,2024-12-25,2022-03-05
Killing_of_Manuel_Ellis,Killing_of_Manuel_Ellis,1666,188260,2020-06-10,2024-12-31,2020-06-07
Killing_of_Manuel_Ellis,Death_of_Manuel_Ellis,666,6875,2020-06-07,2024-12-30,2020-06-10
Killing_of_Manuel_Ellis,Manuel_Ellis,973,1097,2020-06-12,2024-12-31,2020-06-11
Killing_of_Marcellis_Stinnette,Killing_of_Marcellis_Stinnette,1532,18435,2020-10-22,2024-12-31,2020-10-22
Killing_of_Marcellis_Stinnette,Marcellis_Stinnette,119,89,2020-10-22,2024-12-25,2020-10-22
Killing_of_Markeis_McGlockton,Killing_of_Markeis_McGlockton,1034,129286,2022-03-04,2024-12-31,2018-08-04
Killing_of_Markeis_McGlockton,Markeis_McGlockton,1075,504,2018-08-04,2024-12-31,2018-08-04
Killing_of_Markeis_McGlockton,Markeis_Deon_McGlockton,315,130,2018-08-28,2024-12-11,2018-08-28
Killing_of_Markeis_McGlockton,Shooting_of_Markeis_McGlockton,2341,550657,2018-08-04,2024-12-31,2022-03-04
Killing_of_Meagan_Hockaday,Killing_of_Meagan_Hockaday,1087,7670,2022-01-10,2024-12-31,2015-05-21
Killing_of_Meagan_Hockaday,Meagan_Hockaday,545,322,2020-05-29,2024-12-31,2020-05-29
Killing_of_Meagan_Hockaday,Shooting_of_Meagan_Hockaday,3469,69617,2015-07-01,2024-12-31,2022-01-10
Killing_of_Michael_Brown,Killing_of_Michael_Brown,2392,611693,2015-07-06,2024-12-31,2014-08-11
Killing_of_Michael_Brown,2014_Michael_Brown_death_and_aftermath_in_Ferguson_Missouri,1769,981,2015-07-01,2024-12-30,2014-08-11
Killing_of_Michael_Brown,Michael_Brown_shooting,2926,8710,2015-07-01,2024-12-30,2014-08-14
Killing_of_Michael_Brown,Death_of_Michael_Brown,3184,7367,2015-07-01,2024-12-31,2014-08-15
Killing_of_Michael_Brown,Mike_Brown_shooting,1199,913,2015-07-01,2024-12-22,2014-08-19
Killing_of_Michael_Brown,Shooting_of_michael_brown,2719,6031,2015-07-01,2024-12-22,2014-08-27
Killing_of_Michael_Brown,Fatal_shooting_of_Michael_Brown,793,185,2015-07-04,2024-12-31,2014-11-26
Killing_of_Michael_Brown,Shooting_of_Mike_Brown,1421,671,2015-07-01,2024-12-27,2015-01-28
Killing_of_Michael_Brown,Michael_Brown_(Ferguson_incident),1071,764,2017-03-05,2024-12-30,2017-03-05
Killing_of_Michael_Brown,Michael_Brown_Jr.,1525,1494,2018-09-12,2024-12-30,2018-09-12
Killing_of_Michael_Brown,Shooting_of_Michael_Brown,3472,7743403,2015-07-01,2024-12-31,2023-05-18
Killing_of_Nina_Pop,Killing_of_Nina_Pop,610,3237,2020-06-02,2024-12-31,2020-06-02
Killing_of_Nina_Pop,Nina_Pop,866,993,2020-06-02,2024-12-31,2020-06-02
Killing_of_Nina_Pop,Nina_pop,532,341,2020-06-02,2024-12-31,2020-06-02
Killing_of_Nina_Pop,Death_of_Nina_Pop,1644,23910,2020-06-02,2024-12-31,2023-08-10
Killing_of_Nyah_Mway,Killing_of_Nyah_Mway,138,25418,2024-08-16,2024-12-31,2024-08-01
Killing_of_Nyah_Mway,Nyah_Mway,176,984,2024-07-01,2024-12-31,2024-07-01
Killing_of_Nyah_Mway,Draft:Shooting_of_Nyah_Mway,59,66,2024-08-01,2024-12-28,2024-08-16
Killing_of_Patrick_Harmon,Killing_of_Patrick_Harmon,2106,27136,2017-10-06,2024-12-31,2017-10-05
Killing_of_Patrick_Harmon,Killing_of_Patrick_Harman,547,308,2017-10-05,2024-12-29,2017-10-06
Killing_of_Patrick_Harmon,Patrick_Harmon,887,475,2017-10-09,2024-12-29,2017-10-09
Killing_of_Patrick_Harmon,Shooting_of_Patrick_Harmon,1798,14278,2019-12-02,2024-12-31,2023-08-18
Killing_of_Patrick_Lyoya,Killing_of_Patrick_Lyoya,994,228639,2022-04-13,2024-12-31,2022-04-13
Killing_of_Patrick_Lyoya,Patrick_Lyoya,929,4710,2022-04-13,2024-12-31,2022-04-13
Killing_of_Patrick_Lyoya,Shooting_of_Patrick_Lyoya,76,50,2022-04-14,2024-12-27,2022-04-14
Killing_of_Patrick_Lyoya,Death_of_Patrick_Lyoya,67,16,2022-04-15,2024-12-27,2022-04-15
Killing_of_Patrick_Lyoya,Lyoya,174,139,2022-04-19,2024-12-27,2022-04-19
Killing_of_Philando_Castile,Killing_of_Philando_Castile,1338,656993,2021-05-04,2024-12-31,2016-07-07
Killing_of_Philando_Castile,Philando_Castile,3100,112464,2016-07-07,2024-12-31,2016-07-07
Killing_of_Philando_Castile,Philando_Castle,706,558,2016-07-07,2024-12-26,2016-07-07
Killing_of_Philando_Castile,Death_of_Philando_Castile,1101,732,2016-07-07,2024-12-31,2016-07-07
Killing_of_Philando_Castile,Philando_Castille,1345,2476,2016-07-07,2024-12-27,2016-07-07
Killing_of_Philando_Castile,Shooting_of_Philando_Castille,356,126,2016-07-07,2024-12-25,2016-07-07
Killing_of_Philando_Castile,Shooting_of_Philando_Castle,490,109,2016-07-07,2024-12-02,2016-07-07
Killing_of_Philando_Castile,Philando_Castile_shooting,261,156,2016-07-07,2024-12-27,2016-07-07
Killing_of_Philando_Castile,Death_of_Philando_Castille,348,86,2016-07-07,2024-12-31,2016-07-07
Killing_of_Philando_Castile,Philandro_Castile,1971,3955,2016-07-08,2024-12-31,2016-07-08
Killing_of_Philando_Castile,Murder_of_Philando_Castile,239,113,2016-07-08,2024-12-31,2016-07-08
Killing_of_Philando_Castile,Philando_Divall_Castile,117,23,2019-03-04,2024-12-27,2019-03-04
Killing_of_Philando_Castile,Philando,561,480,2020-07-07,2024-12-27,2020-07-07
Killing_of_Philando_Castile,Philander_Castile,318,316,2020-07-07,2024-12-03,2020-07-07
Killing_of_Philando_Castile,"Castile,_Philando",135,37,2020-07-07,2024-12-12,2020-07-07
Killing_of_Philando_Castile,Shooting_of_Philando_Castile,3100,4725422,2016-07-07,2024-12-31,2021-05-04
Killing_of_Philando_Castile,Philando_castile,239,229,2023-02-27,2024-12-30,2023-02-27
Killing_of_Randolph_Evans,Killing_of_Randolph_Evans,335,2109,2024-01-31,2024-12-31,2006-12-10
Killing_of_Randolph_Evans,Randolph_evans,522,128,2015-07-03,2024-12-30,2006-12-28
Killing_of_Randolph_Evans,Randolph_Evans,3461,23245,2015-07-01,2024-12-31,2016-10-05
Killing_of_Randolph_Evans,Death_of_Randolph_Evans,2271,6015,2016-10-05,2024-12-31,2019-10-30
Killing_of_Randolph_Evans,Shooting_of_Randolph_Evans,1884,79688,2019-10-30,2024-12-31,2024-01-31
Killing_of_Rayshard_Brooks,Killing_of_Rayshard_Brooks,1663,1323185,2020-06-13,2024-12-31,2020-06-13
Killing_of_Rayshard_Brooks,Rayshard_Brooks,1651,28831,2020-06-13,2024-12-31,2020-06-13
Killing_of_Rayshard_Brooks,Rayshard,484,845,2020-06-14,2024-12-29,2020-06-14
Killing_of_Rayshard_Brooks,"Brooks,_Rayshard",222,323,2020-06-14,2024-12-27,2020-06-14
Killing_of_Rayshard_Brooks,Death_of_Rayshard_Brooks,252,98,2020-06-16,2024-12-27,2020-06-16
Killing_of_Rayshard_Brooks,Shooting_of_Rayshard_Brooks,497,677,2020-06-16,2024-12-24,2020-06-16
Killing_of_Rayshard_Brooks,Rashard_Brooks,268,252,2020-06-28,2024-12-31,2020-06-28
Killing_of_Ricky_Cobb_II,Killing_of_Ricky_Cobb_II,326,16142,2023-08-03,2024-12-31,2024-02-03
Killing_of_Ricky_Cobb_II,Death_of_Ricky_Cobb_II,152,235,2024-02-03,2024-12-30,2024-02-05
Killing_of_Ronald_Greene,Killing_of_Ronald_Greene,856,24713,2021-05-20,2024-12-31,2021-05-20
Killing_of_Ronald_Greene,Ronald_Greene,856,1490,2021-04-01,2024-12-31,2021-04-01
Killing_of_Ronald_Greene,Murder_of_Ronald_Greene,69,36,2021-05-20,2024-12-31,2021-05-20
Killing_of_Ronald_Greene,Death_of_Ronald_Greene,1285,84834,2021-05-20,2024-12-31,2022-12-18
Killing_of_Samuel_DuBose,Killing_of_Samuel_DuBose,878,39356,2020-12-31,2024-12-31,2015-07-29
Killing_of_Samuel_DuBose,Samuel_DuBose,3000,24942,2015-07-29,2024-12-31,2015-07-29
Killing_of_Samuel_DuBose,Death_of_Samuel_DuBose,2315,9188,2015-07-29,2024-12-31,2015-07-30
Killing_of_Samuel_DuBose,Samuel_Vincent_DuBose,996,527,2015-08-01,2024-12-31,2015-08-01
Killing_of_Samuel_DuBose,Sam_Dubose,1049,2144,2015-08-01,2024-12-29,2015-08-01
Killing_of_Samuel_DuBose,Sam_DuBose,2155,4484,2015-08-01,2024-12-16,2015-08-01
Killing_of_Samuel_DuBose,Shooting_of_Samuel_DuBose,3443,532789,2015-07-30,2024-12-31,2022-09-19
Killing_of_Sayed_Faisal,Shooting_of_Sayed_Faisal,380,1381,2023-11-25,2024-12-31,2025-08-26
Killing_of_Sean_Bell,Killing_of_Sean_Bell,407,48457,2023-11-21,2024-12-31,2006-11-27
Killing_of_Sean_Bell,Nicole_Paultre_Bell,490,94,2015-07-05,2024-12-27,2007-03-19
Killing_of_Sean_Bell,Nicole_Paultre-Bell,1274,644,2015-07-06,2024-12-28,2008-03-14
Killing_of_Sean_Bell,Sean_Bell_Shooting_Incident,3022,24061,2015-07-01,2024-12-31,2008-04-27
Killing_of_Sean_Bell,Sean_Bell_case,605,86,2015-07-06,2024-12-22,2008-05-20
Killing_of_Sean_Bell,Sean_Bell_shooting,2442,3126,2015-07-01,2024-12-31,2008-05-26
Killing_of_Sean_Bell,Sean_Bell_shooting_incident,3472,553889,2015-07-01,2024-12-31,2018-12-20
Killing_of_Sean_Bell,Shooting_of_Sean_Bell,2204,662474,2018-12-20,2024-12-31,2023-11-21
Killing_of_Sean_Monterrosa,Killing_of_Sean_Monterrosa,1114,1784,2020-06-05,2024-12-31,2020-06-05
Killing_of_Sean_Monterrosa,Sean_Monterrosa,1634,19511,2020-06-05,2024-12-31,2020-06-05
Killing_of_Sean_Monterrosa,Shooting_of_Sean_Monterrosa,1671,108435,2020-06-05,2024-12-31,2024-11-29
Killing_of_Tamir_Rice,Killing_of_Tamir_Rice,1812,882779,2015-07-09,2024-12-31,2014-11-24
Killing_of_Tamir_Rice,Tamir_Rice,3472,113483,2015-07-01,2024-12-31,2014-11-24
Killing_of_Tamir_Rice,Tamir_E._Rice,1854,6870,2015-07-01,2024-12-28,2014-11-25
Killing_of_Tamir_Rice,Shooting_of_Tamir_Rice,3472,4370418,2015-07-01,2024-12-31,2021-05-08
Killing_of_Terence_Crutcher,Killing_of_Terence_Crutcher,502,16526,2023-08-18,2024-12-31,2016-09-19
Killing_of_Terence_Crutcher,Terence_Crutcher,2814,16333,2016-09-20,2024-12-30,2016-09-20
Killing_of_Terence_Crutcher,Terence_crutcher,792,1566,2016-09-20,2024-12-11,2016-09-20
Killing_of_Terence_Crutcher,Terrence_Crutcher,790,1706,2016-09-20,2024-12-24,2016-09-20
Killing_of_Terence_Crutcher,Crutcher_shooting,241,75,2016-09-23,2024-12-31,2016-09-23
Killing_of_Terence_Crutcher,Shooting_of_Terence_Crutcher,3026,588657,2016-09-19,2024-12-31,2023-08-18
Killing_of_Tony_McDade,Killing_of_Tony_McDade,1029,21981,2022-03-09,2024-12-31,2020-05-28
Killing_of_Tony_McDade,Draft:Shooting_of_Tony_McDade,72,58,2020-05-28,2024-11-20,2020-05-28
Killing_of_Tony_McDade,Tony_McDade,1406,11235,2020-05-28,2024-12-31,2020-05-28
Killing_of_Tony_McDade,Natosha_McDade,176,54,2020-05-28,2024-12-27,2020-05-28
Killing_of_Tony_McDade,Shooting_of_Tony_McDade,1679,176914,2020-05-28,2024-12-31,2022-03-09
Killing_of_Tony_Robinson,Killing_of_Tony_Robinson,835,11708,2022-09-19,2024-12-31,2015-03-09
Killing_of_Tony_Robinson,Tony_Robinson_(shooting_victim),641,519,2020-09-04,2024-12-31,2020-09-04
Killing_of_Tony_Robinson,Tony_Terrell_Robinson_Jr.,88,23,2021-03-17,2024-12-27,2021-03-17
Killing_of_Tony_Robinson,Shooting_of_Tony_Robinson,3471,130272,2015-07-01,2024-12-31,2022-09-19
Killing_of_Tony_Timpa,Killing_of_Tony_Timpa,1298,272105,2021-06-13,2024-12-31,2021-06-13
Killing_of_Tony_Timpa,Tony_Timpa,1245,6377,2020-06-21,2024-12-26,2020-06-21
Killing_of_Tony_Timpa,Murder_of_Tony_Timpa,237,229,2021-06-05,2024-12-31,2021-06-05
Killing_of_Walter_Wallace,Killing_of_Walter_Wallace,1527,157237,2020-10-27,2024-12-31,2020-10-27
Killing_of_Walter_Wallace,Walter_Wallace_Jr.,131,116,2020-10-28,2024-12-11,2020-10-28
Killing_of_Walter_Wallace,Walter_wallace_jr,787,1030,2020-10-28,2024-12-16,2020-10-28
Killing_of_Walter_Wallace,Walter_Wallace_Jr,281,41,2020-10-29,2024-12-31,2020-10-29
Killing_of_Willie_McCoy,Killing_of_Willie_McCoy,497,7992,2020-12-31,2024-12-31,2019-02-14
Killing_of_Willie_McCoy,Willie_McCoy,1185,1082,2018-07-21,2024-12-31,2018-07-21
Killing_of_Willie_McCoy,Willie_McCoy_(rapper),932,2144,2019-02-14,2024-12-29,2019-02-21
Killing_of_Willie_McCoy,Death_of_Willie_McCoy,145,28,2019-02-24,2024-12-26,2019-02-24
Killing_of_Willie_McCoy,Shooting_of_Willie_McCoy,2141,163855,2019-02-21,2024-12-31,2023-11-12
Killing_of_Winston_Boogie_Smith,Killing_of_Winston_Boogie_Smith,1306,74418,2021-06-05,2024-12-31,2021-06-05
Killing_of_Winston_Boogie_Smith,Winston_Boogie_Smith,1305,16655,2021-06-04,2024-12-31,2021-06-04
Killing_of_Zachary_Hammond,Killing_of_Zachary_Hammond,1475,28073,2020-12-18,2024-12-31,2015-08-08
Killing_of_Zachary_Hammond,Zachary_Hammond,1601,2037,2015-08-08,2024-12-31,2015-08-08
Killing_of_Zachary_Hammond,Shooting_of_Zachary_Hammond,3105,111430,2015-08-08,2024-12-31,2020-12-18
Laquan_McDonald,Laquan_McDonald,3320,37163,2015-11-16,2024-12-31,2015-11-16
Ma'Khia_Bryant,Ma'Khia_Bryant,873,1400,2021-04-22,2024-12-31,2021-04-22
Micah_Xavier_Johnson,Micah_Xavier_Johnson,3099,42036,2016-07-08,2024-12-31,2016-07-08
Mohamed_Barry,Mohamed_Barry,1008,932,2016-05-30,2024-12-31,2016-05-30
Monroe_Isadore,Monroe_Isadore,1104,486,2015-07-03,2024-12-28,2013-09-08
Murder_of_Ahmaud_Arbery,Murder_of_Ahmaud_Arbery,1486,2074504,2020-05-07,2024-12-31,2020-05-04
Murder_of_Ahmaud_Arbery,Draft:Killing_of_Ahmaud_Arbery,60,21,2020-07-20,2024-12-30,2020-05-05
Murder_of_Ahmaud_Arbery,Ahmaud_Arbery,1703,98669,2020-05-04,2024-12-31,2020-05-06
Murder_of_Ahmaud_Arbery,Death_of_Ahmaud_Arbery,487,2662,2020-05-07,2024-12-30,2020-05-07
Murder_of_Ahmaud_Arbery,Lynching_of_Ahmaud_Arbery,414,3045,2020-05-07,2024-12-31,2020-05-07
Murder_of_Ahmaud_Arbery,Shooting_of_Ahmaud,144,132,2020-05-07,2024-12-16,2020-05-07
Murder_of_Ahmaud_Arbery,Ahmaud_arbery,1558,24937,2020-05-07,2024-12-30,2020-05-07
Murder_of_Ahmaud_Arbery,Ahmad_Arbery,1114,31582,2020-05-07,2024-12-31,2020-05-07
Murder_of_Ahmaud_Arbery,Arbery,929,3468,2020-05-07,2024-12-31,2020-05-07
Murder_of_Ahmaud_Arbery,Ahmaud,682,8265,2020-05-07,2024-12-20,2020-05-07
Murder_of_Ahmaud_Arbery,Ahmaud_Arbrery,183,104,2020-05-11,2024-12-17,2020-05-11
Murder_of_Ahmaud_Arbery,Shooting_of_Ahmaud_Arbery,1701,1161277,2020-05-06,2024-12-31,2020-05-12
Murder_of_Ahmaud_Arbery,Shooting_of_Ahmaud_Aubrey,578,6212,2020-05-18,2024-12-24,2020-05-18
Murder_of_Ahmaud_Arbery,Ahmaud_Aubrey,709,2526,2020-05-18,2024-12-16,2020-05-18
Murder_of_Ahmaud_Arbery,Shooting_of_Ahmed_Arbery,99,28,2020-06-09,2024-12-11,2020-06-09
Murder_of_Ahmaud_Arbery,Shooting_of_Ahmad_Arbery,189,159,2020-06-09,2024-12-09,2020-06-09
Murder_of_Ahmaud_Arbery,Ahmaud_Marquez_Arbery,550,104,2021-03-16,2024-12-31,2021-03-16
Murder_of_Ahmaud_Arbery,Killing_of_Ahmaud_Arbery,1692,2151532,2020-05-12,2024-12-31,2021-11-24
Murder_of_Ahmaud_Arbery,Trial_for_the_killing_of_Ahmaud_Arbery,67,25,2021-11-25,2024-12-27,2021-11-25
Murder_of_Ahmaud_Arbery,Ahmaud_Arbery_Day,51,16,2022-02-27,2024-12-19,2022-02-27
Murder_of_Andre_Hill,Murder_of_Andre_Hill,58,7388,2024-11-04,2024-12-31,2020-12-29
Murder_of_Andre_Hill,Draft:Killing_of_Andre_Hill,56,10,2020-12-29,2024-11-05,2020-12-29
Murder_of_Andre_Hill,Andre_Hill,1011,3551,2020-12-29,2024-12-31,2020-12-29
Murder_of_Andre_Hill,Killing_of_Andre_Hill,1464,104288,2020-12-29,2024-12-31,2024-11-04
Murder_of_George_Floyd,Murder_of_George_Floyd,1680,3889226,2020-05-26,2024-12-31,2020-05-26
Murder_of_George_Floyd,George_Floyd_killing,665,786,2020-05-28,2024-12-30,2020-05-28
Murder_of_George_Floyd,George_Floyd_death,567,1010,2020-05-28,2024-12-22,2020-05-28
Murder_of_George_Floyd,Reaction_to_the_killing_of_George_Floyd,138,30,2020-05-28,2024-12-11,2020-05-28
Murder_of_George_Floyd,Strangulation_of_George_Floyd,162,84,2020-05-28,2024-12-31,2020-05-28
Murder_of_George_Floyd,Suffocation_of_George_Floyd,321,136,2020-05-28,2024-12-31,2020-05-28
Murder_of_George_Floyd,The_Killing_of_George_Floyd,310,563,2020-06-02,2024-12-25,2020-06-02
Murder_of_George_Floyd,Floyd_killing,272,118,2020-06-02,2024-12-31,2020-06-02
Murder_of_George_Floyd,Death_of_George_Floyd,1681,7594863,2020-05-26,2024-12-31,2020-06-02
Murder_of_George_Floyd,The_Death_of_George_Floyd,393,1219,2020-06-04,2024-12-30,2020-06-04
Murder_of_George_Floyd,George_Floyd's_death,397,333,2020-06-07,2024-12-25,2020-06-07
Murder_of_George_Floyd,Killing_of_george_floyd,1070,1756,2020-10-21,2024-12-26,2020-10-21
Murder_of_George_Floyd,Police_killing_of_George_Floyd,609,11885,2020-11-01,2024-12-30,2020-11-01
Murder_of_George_Floyd,Killing_of_George_Floyd,1681,7135152,2020-05-26,2024-12-31,2021-04-20
Murder_of_George_Floyd,Manslaughter_of_George_Floyd,82,29,2021-04-20,2024-12-13,2021-04-20
Murder_of_George_Floyd,Police_murder_of_George_Floyd,828,1137,2021-04-21,2024-12-29,2021-04-21
Murder_of_George_Floyd,George_Floyd_murder,466,367,2021-04-21,2024-12-23,2021-04-21
Murder_of_George_Floyd,Homicide_of_George_Floyd,83,26,2021-04-22,2024-12-13,2021-04-22
Murder_of_George_Floyd,George_Floyd_Killing,79,76,2021-09-27,2024-12-25,2021-09-27
Murder_of_George_Floyd,Assassination_of_George_Floyd,138,76,2022-02-22,2024-12-30,2022-02-22
Murder_of_George_Floyd,Killing_Of_George_Floyd,407,669,2022-03-08,2024-12-30,2022-03-08
Murder_of_George_Floyd,George_Floyd_shooting,31,16,2022-09-01,2024-12-25,2022-09-01
Murder_of_James_Craig_Anderson,Murder_of_James_Craig_Anderson,3472,368733,2015-07-01,2024-12-31,2011-08-22
Murder_of_James_Craig_Anderson,James_Craig_Anderson,3177,8624,2015-07-01,2024-12-31,2011-09-10
Murder_of_James_Craig_Anderson,Death_of_James_Craig_Anderson,1083,422,2015-07-02,2024-12-29,2012-03-21
Murder_of_Jared_Lakey,Murder_of_Jared_Lakey,1149,25035,2021-11-09,2024-12-31,2021-11-09
Murder_of_Jared_Lakey,Jared_Lakey,133,38,2021-11-09,2024-12-27,2021-11-09
Murder_of_Laquan_McDonald,Murder_of_Laquan_McDonald,2276,1197079,2018-10-09,2024-12-31,2015-11-25
Murder_of_Laquan_McDonald,Laquan_McDonald,3320,37163,2015-11-16,2024-12-31,2015-11-16
Murder_of_Laquan_McDonald,The_shooting_of_Laquan_McDonald,811,190,2016-10-14,2024-12-26,2016-10-14
Murder_of_Laquan_McDonald,Shooting_of_Laquan_McDonald,3324,1068997,2015-11-25,2024-12-31,2018-10-09
Murder_of_Renisha_McBride,Murder_of_Renisha_McBride,1894,190663,2019-10-26,2024-12-31,2013-11-15
Murder_of_Renisha_McBride,The_Renisha_McBride_Shooting,433,45,2015-07-02,2024-12-27,2013-11-15
Murder_of_Renisha_McBride,Renisha_McBride_Shooting,730,637,2015-07-02,2024-12-31,2013-11-16
Murder_of_Renisha_McBride,Renisha_McBride,2263,2790,2015-07-04,2024-12-31,2014-06-18
Murder_of_Renisha_McBride,Death_of_Renisha_McBride,462,80,2015-07-04,2024-12-04,2014-08-15
Murder_of_Renisha_McBride,Shooting_of_Renisha_McBride,3281,225537,2015-07-01,2024-12-31,2019-10-26
Nengmy_Vang,Nengmy_Vang,203,146,2023-09-17,2024-12-31,2023-09-17
Patrick_Lyoya,Patrick_Lyoya,929,4710,2022-04-13,2024-12-31,2022-04-13
Ronald_Greene,Ronald_Greene,856,1490,2021-04-01,2024-12-31,2021-04-01
Savannah_Graziano,Savannah_Graziano,60,19,2024-04-15,2024-12-21,2024-04-15
Shooting_of_Charles_Kinsey,Shooting_of_Charles_Kinsey,3086,955156,2016-07-21,2024-12-31,2016-07-21
Shooting_of_Charles_Kinsey,Non-fatal_shooting_of_Charles_Kinsey,125,24,2020-06-21,2024-12-27,2020-06-21
Shooting_of_Daniel_Shaver,Shooting_of_Daniel_Shaver,2579,3750114,2017-12-09,2024-12-31,2016-04-25
Shooting_of_Daniel_Shaver,Daniel_Shaver,2537,16285,2016-03-31,2024-12-31,2016-03-31
Shooting_of_Daniel_Shaver,Killing_of_Daniel_Shaver,1581,10184,2016-04-25,2024-12-19,2016-07-26
Shooting_of_Daniel_Shaver,Death_of_Daniel_Shaver,2904,744164,2016-04-26,2024-12-31,2017-12-22
Shooting_of_Daniel_Shaver,Draft:The_killing_of_Daniel_Shaver,30,34,2022-08-14,2024-12-22,2022-08-14
Shooting_of_Jacob_Blake,Shooting_of_Jacob_Blake,1591,4266488,2020-08-24,2024-12-31,2020-08-24
Shooting_of_Jacob_Blake,Jacob_Blake,1591,56714,2020-08-24,2024-12-31,2020-08-24
Shooting_of_Jacob_Blake,Jake_Blake,282,275,2020-08-25,2024-12-31,2020-08-25
Shooting_of_Jacob_Blake,Jacob_S._Blake,142,184,2020-08-25,2024-12-10,2020-08-25
Tyre_Nichols,Tyre_Nichols,710,60138,2023-01-22,2024-12-31,2023-01-22
