article,person,scope_decision,in_registry,construct,reason,evidence_category,n_categories,wikidata_country,us_evidence,non_us_evidence,article_first_sentence
Killing_of_James_Brazier,James Brazier,exclude,False,police_violence,police-action category: Deaths in police custody in the United States,Deaths in police custody in the United States,8,,African-American United States Army personnel,,James Brazier (c
Killing_of_Johnny_Robinson,Johnny Robinson,exclude,False,police_violence,police-action category: African Americans shot dead by law enforcement officers in Alabama,African Americans shot dead by law enforcement officers in Alabama,15,,1963 in Alabama,,"Johnny Robinson (1947 – 1963) was a 16-year-old African-American boy who was shot and killed by a police officer in the unrest following the 16th Street Baptist Church bombing in Birmingham, Alabama"
Killing_of_Vivian_Strong,Vivian Strong,exclude,False,police_violence,police-action category: African Americans shot dead by law enforcement officers in the United States,African Americans shot dead by law enforcement officers in the United States,14,,1969 in Nebraska,,"On June 24, 1969, Vivian Strong, a 14-year-old Black American girl, was killed in Omaha, Nebraska, United States, when a white police officer shot her in the back of the head without warning"
Killing_of_Clifford_Glover,Clifford Glover,exclude,False,police_violence,police-action category: New York City Police Department corruption and misconduct,New York City Police Department corruption and misconduct,14,United States,1973 in New York City,,"Clifford Glover was a 10-year-old African American boy who was fatally shot by Thomas Shea, an on-duty, undercover policeman, on April 28, 1973"
Murder_of_Santos_Rodriguez,Santos Rodriguez,exclude,False,police_violence,police-action category: Dallas Police Department,Dallas Police Department,25,United States,1970s crimes in Texas,,"On the morning of July 24, 1973, in Dallas, Texas, 30-year-old Dallas police officer Darrell Lee Cain murdered Santos Rodriguez, a 12-year-old Mexican-American child"
Killing_of_José_Campos_Torres,José Campos Torres,exclude,False,police_violence,police-action category: Deaths in police custody in the United States,Deaths in police custody in the United States,29,United States,1977 in Texas,,"José ""Joe"" Campos Torres (December 20, 1953 – May 5, 1977) was a 23-year-old Mexican-American and veteran who was beaten by several Houston Police Department (HPD) officers, which subsequently led to his death"
Murder_of_Michelle_Busha,Michelle Busha,exclude,False,police_violence,police-action category: Murders by law enforcement officers in the United States,Murders by law enforcement officers in the United States,17,,1980 in Minnesota,,"Michelle Yvette Busha was a formerly unidentified murder victim discovered in Blue Earth, Minnesota, in 1980"
Murder_of_Sherri_Rasmussen,Sherri Rasmussen,exclude,False,police_violence,police-action category: Los Angeles Police Department,Los Angeles Police Department,15,United States,1986 in California,,"On February 24, 1986, the body of Sherri Rasmussen (born February 7, 1957) was found in the condominium she shared with her husband, John Ruetten, in the Van Nuys neighborhood of Los Angeles, California, United States"
Murder_of_Cara_Knott,Cara Knott,exclude,False,police_violence,police-action category: Asphyxia-related deaths by law enforcement in the United States,Asphyxia-related deaths by law enforcement in the United States,15,United States,1986 in California,,"Cara Evelyn Knott (February 11, 1966 – December 27, 1986) was an American student at San Diego State University who disappeared on December 27, 1986, while driving from her boyfriend's home in Escondido, California, to her parents' house in El Cajon"
Death_of_Anthony_Baez,Anthony Baez,exclude,False,police_violence,police-action category: Asphyxia-related deaths by law enforcement in the United States,Asphyxia-related deaths by law enforcement in the United States,9,,Asphyxia-related deaths by law enforcement in the United States,,"Anthony Ramon Baez (September 20, 1965 – December 22, 1994) was a security guard who died immediately following an altercation with police on December 22, 1994, at the age of 29"
Killing_of_Jonny_Gammage,Jonny Gammage,exclude,False,police_violence,police-action category: Asphyxia-related deaths by law enforcement in the United States,Asphyxia-related deaths by law enforcement in the United States,10,,1990s crimes in Pennsylvania,,"On October 12, 1995, African-American businessman Jonny Gammage was killed by police officers from several departments around Pittsburgh."
Killing_of_Kuanchung_Kao,Kuanchung Kao,exclude,False,police_violence,police-action category: Asian people shot dead by law enforcement officers in California,Asian people shot dead by law enforcement officers in California,8,,1997 in California,,"The killing of Kuanchung Kao occurred on April 29, 1997, in Rohnert Park, California"
Killing_of_Amadou_Diallo,Amadou Diallo,exclude,False,police_violence,police-action category: African people shot dead by law enforcement officers in the United States,African people shot dead by law enforcement officers in the United States,12,United States,1999 controversies in the United States,,"In the early hours of February 4, 1999, 23-year-old Amadou Diallo, an unarmed Guinean student, was struck with 19 of 41 rounds fired by four New York City Police Department plainclothes officers: Sean Carroll, Richard Murphy, Edward McMellon, and Kenneth Boss"
Killing_of_Kendra_James,Kendra James,exclude,False,police_violence,police-action category: African Americans shot dead by law enforcement officers in the United States,African Americans shot dead by law enforcement officers in the United States,11,,African Americans shot dead by law enforcement officers in the United States,,"Kendra James was a 21-year-old African-American Oregonian mother of two, who was fatally shot by police on May 5, 2003"
Killing_of_Bich_Cau_Thi_Tran,Bich Cau Thi Tran,exclude,False,police_violence,police-action category: Asian people shot dead by law enforcement officers in California,Asian people shot dead by law enforcement officers in California,11,,2003 in California,,"The killing of Bich Cau Thi Tran (also known incorrectly as Cau Bich Tran) occurred in San Jose, California, on July 13, 2003"
Killing_of_Daniel_Rocha,Daniel Rocha,exclude,False,police_violence,police-action category: Hispanic and Latino American people shot dead by law enforcement officers in Texas,Hispanic and Latino American people shot dead by law enforcement officers in Texas,7,,Hispanic and Latino American people shot dead by law enforcement officers in Texas,,"Daniel Rocha (died June 9, 2005) was an 18-year-old man who was shot and killed in southeast Austin, Texas by police officer Julie Schroder, a seven-year veteran of the Austin Police Department, on June 9, 2005"
Killing_of_Fouad_Kaady,Fouad Kaady,exclude,False,police_violence,police-action category: People murdered by law enforcement officers in the United States,People murdered by law enforcement officers in the United States,7,,People murdered by law enforcement officers in the United States,,"Fouad Kaady (January 8, 1978 – September 8, 2005) was a resident of Gresham, Oregon who was shot to death by police after being injured in a car wreck."
Killing_of_Rigoberto_Alpizar,Rigoberto Alpizar,exclude,False,police_violence,police-action category: Hispanic and Latino American people shot dead by law enforcement officers in the United States,Hispanic and Latino American people shot dead by law enforcement officers in the United States,11,United States,2005 in Florida,,"Rigoberto Alpizar (April 17, 1961 – December 7, 2005) was a Costa Rican-born United States citizen who was fatally shot at Miami International Airport by two United States Federal Air Marshals"
Death_of_Martin_Anderson,Martin Anderson,exclude,False,police_violence,police-action category: Asphyxia-related deaths by law enforcement in the United States,Asphyxia-related deaths by law enforcement in the United States,7,,Asphyxia-related deaths by law enforcement in the United States,,Martin Lee Anderson (c
Killing_of_Christopher_Penley,Christopher Penley,exclude,False,police_violence,police-action category: Law enforcement in Florida,Law enforcement in Florida,7,,2006 in Florida,,"Christopher Penley, a 15-year-old boy, was killed on January 13, 2006, at Milwee Middle School in Longwood, Florida"
Death_of_Otto_Zehm,Otto Zehm,exclude,False,police_violence,police-action category: Asphyxia-related deaths by law enforcement in the United States,Asphyxia-related deaths by law enforcement in the United States,11,United States,2006 in Washington (state),,"Otto Zehm (October 31, 1969 – March 20, 2006) was a man with a developmental disability from Spokane, Washington, who died on March 20, 2006, during an altercation with police officer Karl F"
Killing_of_Michael_Cho,Michael Cho,exclude,False,police_violence,police-action category: Asian people shot dead by law enforcement officers in California,Asian people shot dead by law enforcement officers in California,10,,Asian people shot dead by law enforcement officers in California,,"The shooting of Michael Sungman Cho occurred on December 31, 2007, in the Orange County city of La Habra, California"
Killing_of_Oscar_Grant,Oscar Grant,exclude,False,police_violence,police-action category: African Americans shot dead by law enforcement officers in California,African Americans shot dead by law enforcement officers in California,23,United States,2009 controversies in the United States,,"Oscar Grant  was a 22-year-old Black man who was killed in the early morning hours of New Year's Day 2009 by BART Police Officer Johannes Mehserle in Oakland, California"
Killing_of_Anastasio_Hernández-Rojas,Anastasio Hernández-Rojas,exclude,False,police_violence,police-action category: Filmed killings by law enforcement,Filmed killings by law enforcement,9,,2010 controversies in the United States,,"Anastasio Hernández-Rojas was killed by United States Customs and Border Protection officers on May 28, 2010"
Killing_of_Aiyana_Jones,Aiyana Jones,exclude,False,police_violence,police-action category: Detroit Police Department,Detroit Police Department,18,United States,2010 controversies in the United States,,"Aiyana Mo'Nay Stanley-Jones (July 20, 2002 – May 16, 2010) was a seven-year-old African American girl from Detroit's East Side who was shot in the neck and killed by police officer Joseph Weekley during a raid conducted by the Detroit Police Department's Special Response Team"
Killing_of_Jose_Guerena,Jose Guerena,exclude,False,police_violence,police-action category: Hispanic and Latino American people shot dead by law enforcement officers in the United States,Hispanic and Latino American people shot dead by law enforcement officers in the United States,10,,2011 in Arizona,,Jose Guerena (also spelled Guereña) was a U.S
Killing_of_Kelly_Thomas,Kelly Thomas,exclude,False,police_violence,police-action category: Deaths in police custody in the United States,Deaths in police custody in the United States,20,,2011 in California,,"Kelly Thomas (April 5, 1974 – July 10, 2011) was a homeless white man diagnosed with schizophrenia who lived on the streets of Fullerton, California"
Death_of_Elliott_Williams,Elliott Williams,exclude,False,police_violence,police-action category: Deaths in police custody in the United States,Deaths in police custody in the United States,5,,Deaths in police custody in the United States,,"Elliott Earl Williams (born 1974) was a US Army veteran who died in the Tulsa County, Oklahoma jail on October 27, 2011"
Killing_of_Ramarley_Graham,Ramarley Graham,exclude,False,police_violence,police-action category: African Americans shot dead by law enforcement officers in the Bronx,African Americans shot dead by law enforcement officers in the Bronx,14,United States,2012 controversies in the United States,,"The killing of Ramarley Graham took place in the borough of the Bronx in New York City on February 2, 2012"
Killing_of_Trayvon_Martin,Trayvon Martin,exclude,False,unestablished,no law-enforcement category among 19,,19,United States,2012 controversies in the United States,,"On the evening of February 26, 2012, in Sanford, Florida, United States, George Zimmerman fatally shot Trayvon Martin, a 17-year-old African-American teenager"
Killing_of_Rekia_Boyd,Rekia Boyd,exclude,False,police_violence,police-action category: African Americans shot dead by law enforcement officers in Illinois,African Americans shot dead by law enforcement officers in Illinois,8,United States,African Americans shot dead by law enforcement officers in Illinois,,"Rekia Boyd (November 5, 1989 - March 21, 2012) was a 22-year-old Black American woman who was fatally shot in Chicago, Illinois by Dante Servin, an off-duty Hispanic Chicago police detective, on March 21, 2012."
Killing_of_Mohamed_Bah,Mohamed Bah,exclude,False,police_violence,police-action category: African people shot dead by law enforcement officers in the United States,African people shot dead by law enforcement officers in the United States,7,,African people shot dead by law enforcement officers in the United States,,"On September 25, 2012, Mohamed Bah, a 28-year-old Guinean national, was fatally shot eight times inside his Harlem apartment by New York City police officers"
Murder_of_Jordan_Davis,Jordan Davis,exclude,False,unestablished,no law-enforcement category among 21,,21,United States,2010s crimes in Florida,,"On November 23, 2012, Jordan Davis, an African-American 17-year-old, was murdered in the parking lot of a Gate Petroleum gas station in Jacksonville, Florida by Michael David Dunn, a 45-year-old software developer, during a car-to-car  quarrel over loud music being played by the occupants of the vehicle Davis was seated in"
Killing_of_Timothy_Russell_and_Malissa_Williams,Timothy Russell and Malissa Williams,exclude,False,police_violence,police-action category: Cleveland Division of Police,Cleveland Division of Police,15,United States,2012 in Ohio,,"The shooting deaths of Timothy Russell and Malissa Williams, two Black American individuals, occurred in East Cleveland, Ohio on November 29, 2012, when the sound of vehicle's exhaust backfiring caused police to erroneously claim shots were fired at them as Russell and Williams drove by"
Death_of_Adama_Traoré,Adama Traoré,exclude,False,unestablished,"only a topic category, which does not name an actor: Police brutality in Europe",Police brutality in Europe,11,France,,2010s in Île-de-France,Adama Traoré (French pronunciation: [adama tʁaɔʁe]; 19 July 1992 – 19 July 2016) was a black French man of Malian descent who died in custody after being restrained and apprehended by police
Death_of_Abdirahman_Abdi,Abdirahman Abdi,exclude,False,police_violence,police-action category: Deaths in police custody in Canada,Deaths in police custody in Canada,6,Canada,,Deaths in police custody in Canada,"The death of Abdirahman Abdi (Somali: Cabdiraxmaan Cabdi), a Somali-Canadian, occurred on July 24, 2016, in the neighbourhood of Hintonburg in Ottawa, Ontario"
Killing_of_Lorenzo_Salgado_Araujo,Lorenzo Salgado Araujo,exclude,False,police_violence,police-action category: Hispanic and Latino American people shot dead by law enforcement officers in Texas,Hispanic and Latino American people shot dead by law enforcement officers in Texas,8,United States,2026 in Texas,,"On July 7, 2026, Lorenzo Salgado Araujo, a 52-year-old Mexican man, was shot and killed by a United States Immigration and Customs Enforcement (ICE) officer in Houston, Texas, United States"
Death_of_Alonzo_Brooks,Alonzo Brooks,exclude,False,police_violence,police-action category: Law enforcement in Kansas,Law enforcement in Kansas,17,,2000s in Kansas,,"On May 1, 2004, the body of Alonzo Brooks was found in La Cygne, Kansas, about a month after he was reported missing after April 3, 2004."
Death_of_Chavis_Carter,Chavis Carter,exclude,False,police_violence,police-action category: Deaths in police custody in the United States,Deaths in police custody in the United States,8,,2012 in Arkansas,,"The death of Chavis Carter occurred on July 29, 2012"
Death_of_Michael_Stewart,Michael Stewart,exclude,False,police_violence,police-action category: Deaths in police custody in the United States,Deaths in police custody in the United States,16,United States,1983 in New York City,,"Michael Jerome Stewart (May 9, 1958 – September 28, 1983) was an African-American man arrested by New York City Transit Police officers for writing graffiti in soft-tip marker or using an aerosol can on a New York City Subway wall at the First Avenue station"
Killing_of_Archie_Elliott_III,Archie Elliott III,exclude,False,police_violence,police-action category: African Americans shot dead by law enforcement officers in the United States,African Americans shot dead by law enforcement officers in the United States,4,,1993 in Maryland,,"The killing of Archie Elliott III, a black 24-year-old, occurred on June 18, 1993, in District Heights, Maryland"
Killing_of_Carnell_Russ,Carnell Russ,exclude,False,police_violence,police-action category: African Americans shot dead by law enforcement officers in the United States,African Americans shot dead by law enforcement officers in the United States,8,,1971 in Arkansas,,"Carnell Russ was a 24-year African American mill worker killed by white Star City, Arkansas police officer Charles Lee Ratliff on Memorial Day, May 31, 1971"
Killing_of_Corey_Ruiz,Corey Ruiz,exclude,False,police_violence,police-action category: Filmed killings by law enforcement,Filmed killings by law enforcement,10,,2026 controversies in the United States,,"Corey Ruiz was a 37-year-old man who was shot and killed by police in Madison, Wisconsin, on July 22, 2026"
Killing_of_Eurie_Martin,Eurie Martin,exclude,False,police_violence,police-action category: Law enforcement in Georgia (U.S. state),Law enforcement in Georgia (U.S. state),12,,2017 controversies in the United States,,"Eurie Martin was a 58-year-old mentally ill African-American man who died while being detained on the evening of July 7, 2017"
Killing_of_Fong_Lee,Fong Lee,exclude,False,police_violence,police-action category: Asian people shot dead by law enforcement officers in the United States,Asian people shot dead by law enforcement officers in the United States,7,United States,Asian people shot dead by law enforcement officers in the United States,,"On July 22, 2006, Minneapolis Police Department officer Jason Andersen shot Fong Lee—a 19-year-old Hmong American man—eight times (including four times in the back) while pursuing him for arrest"
Killing_of_Irvo_Otieno,Irvo Otieno,exclude,False,police_violence,police-action category: Asphyxia-related deaths by law enforcement in the United States,Asphyxia-related deaths by law enforcement in the United States,10,,2023 controversies in the United States,,"On March 6, 2023, 28-year-old Irvo Otieno died after he was restrained by Henrico County sheriff's deputies and hospital employees at Central State Hospital in Dinwiddie County, Virginia, near Petersburg"
Killing_of_Kenneth_Chamberlain_Sr.,Kenneth Chamberlain Sr.,exclude,False,police_violence,police-action category: African Americans shot dead by law enforcement officers in New York (state),African Americans shot dead by law enforcement officers in New York (state),8,United States,2011 in New York (state),,"Kenneth Chamberlain Sr was fatally shot by police on November 19, 2011, in White Plains, New York"
Killing_of_Luana_Barbosa_dos_Reis,Luana Barbosa dos Reis,exclude,False,unestablished,"only a topic category, which does not name an actor: Police brutality in Brazil",Police brutality in Brazil,14,Brazil,,2016 in Brazil,"On 8 April 2016, Luana Barbosa dos Reis (12 November 1981 – 13 April 2016), a gay Afro-Brazilian woman, was fatally injured after being assaulted by police officers in Ribeirão Preto, São Paulo, dying five days later at a local hospital"
Killing_of_Malice_Green,Malice Green,exclude,False,police_violence,police-action category: Deaths in police custody in the United States,Deaths in police custody in the United States,10,,American victims of crime,,"Malice Green (April 29, 1957 – November 5, 1992) was an American resident of Detroit, Michigan who died after being assaulted by Detroit police officers Walter Budzyn and Larry Nevers on November 5, 1992"
Killing_of_Messiah_Nantwi,Messiah Nantwi,exclude,False,police_violence,police-action category: Filmed killings by law enforcement,Filmed killings by law enforcement,12,,2025 controversies in the United States,,"On March 1, 2025, Messiah Nantwi, a 22-year-old Black American man, was beaten by corrections officers who were part of an emergency response team at Mid-State Correctional Facility in Marcy, New York"
Killing_of_Ousmane_Zongo,Ousmane Zongo,exclude,False,police_violence,police-action category: African people shot dead by law enforcement officers in the United States,African people shot dead by law enforcement officers in the United States,12,,2003 in New York City,,"Ousmane Zongo (c. 1960 – May 22, 2003) was a Burkinabé arts trader living in the United States who was shot and killed by Brian Conroy, a New York City Police Department officer, during a warehouse raid on May 22, 2003"
Murder_of_David_Dorn,David Dorn,exclude,False,unestablished,no law-enforcement category among 11,,11,,2020 in Missouri,,"On June 2, 2020, David Dorn, a 77-year-old retired police captain, was fatally shot after interrupting the burglary of a pawn shop in The Ville, St"
Murder_of_Garrett_Foster,Garrett Foster,exclude,False,unestablished,no law-enforcement category among 18,,18,,2020 United States racial unrest,,"On July 25, 2020, Garrett Foster, a 28-year-old man, was murdered in Austin, Texas, by 30-year old Daniel Perry"
Murder_of_Jessie_Davis,Jessie Davis,exclude,False,police_violence,police-action category: Murders by law enforcement officers in the United States,Murders by law enforcement officers in the United States,14,,2000s crimes in Ohio,,"The murder of Jessie Davis was committed on June 14, 2007, in Lake Township, Ohio, United States"
Murder_of_James_Craig_Anderson,James Craig Anderson,include,False,unestablished,no law-enforcement category among 10,,10,United States,2011 in Mississippi,,"James Craig Anderson was a 47-year-old American man who was murdered in a hate crime in Jackson, Mississippi, on June 26, 2011, by 18-year-old Deryl Dedmon of Brandon"
Death_of_Tyrone_West,Tyrone West,include,True,police_violence,police-action category: Baltimore Police Department,Baltimore Police Department,12,,2013 in Maryland,,"On July 18, 2013, Tyrone West, a 44-year-old African American male, was pursued by two officers of the Baltimore Police Department after he fled a traffic stop during which cocaine was allegedly found"
Killing_of_Larry_Jackson_Jr.,Larry Jackson Jr.,include,False,police_violence,police-action category: African Americans shot dead by law enforcement officers in Texas,African Americans shot dead by law enforcement officers in Texas,7,United States,2013 in Texas,,"On July 26, 2013, 32-year-old Larry Jackson Jr"
Killing_of_Jonathan_Ferrell,Jonathan Ferrell,include,False,police_violence,police-action category: African Americans shot dead by law enforcement officers in North Carolina,African Americans shot dead by law enforcement officers in North Carolina,7,United States,2013 in North Carolina,,"On September 14, 2013, Jonathan Ferrell (born October 11, 1988), a 24-year-old former college football player for the Florida A&M University Rattlers was involved in a car crash"
Killing_of_Andy_Lopez,Andy Lopez,include,True,police_violence,police-action category: Hispanic and Latino American people shot dead by law enforcement officers in California,Hispanic and Latino American people shot dead by law enforcement officers in California,7,United States,2013 in California,,"The fatal killing of Andy Lopez by Sonoma County sheriff's deputy Erick Gelhaus took place on October 22, 2013, in Santa Rosa, California"
Murder_of_Renisha_McBride,Renisha McBride,include,False,unestablished,no law-enforcement category among 10,,10,United States,2013 in Michigan,,"The murder of Renisha Marie McBride (April 11, 1994 – November 2, 2013), a 19-year-old African American woman, occurred on November 2, 2013, in Dearborn Heights, Michigan, United States"
Killing_of_James_Boyd,James Boyd,include,False,police_violence,police-action category: Albuquerque Police Department,Albuquerque Police Department,12,United States,2014 in New Mexico,,"James Matthew Boyd (April 8, 1975 – March 16, 2014) was an American man who was fatally shot by Albuquerque Police Department officers Keith Sandy and Dominique Perez in the foothills of the Sandia Mountains in Albuquerque, New Mexico on the evening of March 16, 2014"
Killing_of_Alex_Nieto,Alex Nieto,include,False,police_violence,police-action category: Hispanic and Latino American people shot dead by law enforcement officers in California,Hispanic and Latino American people shot dead by law enforcement officers in California,8,,Hispanic and Latino American people shot dead by law enforcement officers in California,,"Alejandro ""Alex"" Nieto was a man who was shot and killed by four San Francisco Police Department officers on March 21, 2014, in the Bernal Heights neighborhood of San Francisco, California"
Killing_of_Alfred_Redwine,Alfred Redwine,include,True,police_violence,police-action category: African Americans shot dead by law enforcement officers in the United States,African Americans shot dead by law enforcement officers in the United States,8,United States,2014 in New Mexico,,"On March 25, 2014, Albuquerque Police officers shot and killed Alfred Redwine, a mentally ill African-American man"
Killing_of_Dontre_Hamilton,Dontre Hamilton,include,True,police_violence,police-action category: African Americans shot dead by law enforcement officers in Wisconsin,African Americans shot dead by law enforcement officers in Wisconsin,13,United States,2014 controversies in the United States,,"On April 30, 2014, Dontre Hamilton was shot and killed by police officer Christopher Manney, at Red Arrow Park in Milwaukee, Wisconsin"
Killing_of_Eric_Harris,Eric Harris,include,True,police_violence,police-action category: Filmed killings by law enforcement,Filmed killings by law enforcement,9,,2015 in Oklahoma,,"On April 2, 2015, 43-year-old African-American Eric Courtney Harris was fatally shot during an undercover sting in Tulsa, Oklahoma, as Harris ran from authorities unarmed"
Killing_of_Eric_Garner,Eric Garner,include,True,police_violence,police-action category: Asphyxia-related deaths by law enforcement in the United States,Asphyxia-related deaths by law enforcement in the United States,25,United States,2010s crimes in New York City,,"On July 17, 2014, Eric Garner, a 43-year-old African American man, was killed in the New York City borough of Staten Island by Daniel Pantaleo, a New York City Police Department (NYPD) officer, after putting him in a prohibited chokehold while arresting him"
Killing_of_John_Crawford_III,John Crawford III,include,False,police_violence,police-action category: African Americans shot dead by law enforcement officers in Ohio,African Americans shot dead by law enforcement officers in Ohio,14,United States,2014 controversies in the United States,,"On August 5, 2014, John Crawford III, a 22-year-old African-American man, was shot and killed by a police officer in a Walmart store in Beavercreek, Ohio, near Dayton, while he was holding a BB gun that was for sale in the store"
Killing_of_Michael_Brown,Michael Brown,include,True,police_violence,police-action category: African Americans shot dead by law enforcement officers in Missouri,African Americans shot dead by law enforcement officers in Missouri,18,United States,2014 controversies in the United States,,"On August 9, 2014, 18-year-old Michael Brown was shot and killed by police officer Darren Wilson in Ferguson, Missouri, a suburb of St"
Killing_of_Ezell_Ford,Ezell Ford,include,True,police_violence,police-action category: African Americans shot dead by law enforcement officers in California,African Americans shot dead by law enforcement officers in California,11,United States,African Americans shot dead by law enforcement officers in California,,"Ezell Ford was a 25-year-old African-American man who was shot and killed by Los Angeles Police Department (LAPD) officers in Florence, Los Angeles, California on August 11, 2014"
Murder_of_Laquan_McDonald,Laquan McDonald,include,True,police_violence,police-action category: African Americans shot dead by law enforcement officers in Illinois,African Americans shot dead by law enforcement officers in Illinois,16,United States,2010s crimes in Illinois,,"On October 20, 2014, in Chicago, Illinois, Laquan McDonald, a 17-year-old boy, was murdered by Chicago Police officer Jason Van Dyke"
Killing_of_Akai_Gurley,Akai Gurley,include,True,police_violence,police-action category: African Americans shot dead by law enforcement officers in New York City,African Americans shot dead by law enforcement officers in New York City,13,United States,2014 crimes in New York (state),,"Akai Gurley, a 28-year-old African American man, was fatally shot on November 20, 2014, in Brooklyn, New York City, United States, by a police officer"
Killing_of_Tamir_Rice,Tamir Rice,include,False,police_violence,police-action category: Cleveland Division of Police,Cleveland Division of Police,8,United States,2014 in Ohio,,"On November 22, 2014, Tamir E"
Killing_of_Antonio_Martin,Antonio Martin,include,True,police_violence,police-action category: African Americans shot dead by law enforcement officers in Missouri,African Americans shot dead by law enforcement officers in Missouri,15,United States,2014 in Missouri,,"On December 23, 2014, Antonio Martin, an 18-year-old African American, was fatally shot by a white police officer when Martin pulled a gun on him at a gas station in Berkeley, Missouri, a suburb of St"
Death_of_Natasha_McKenna,Natasha McKenna,include,True,police_violence,police-action category: Deaths in police custody in the United States,Deaths in police custody in the United States,6,,2015 in Virginia,,Natasha J
Killing_of_Antonio_Zambrano-Montes,Antonio Zambrano-Montes,include,True,police_violence,police-action category: Filmed killings by law enforcement,Filmed killings by law enforcement,10,,2015 in Washington (state),,"The shooting of Antonio Zambrano-Montes occurred on February 10, 2015, in Pasco, Washington, United States"
Killing_of_Charley_Leundeu_Keunang,Charley Leundeu Keunang,include,False,police_violence,police-action category: African people shot dead by law enforcement officers in the United States,African people shot dead by law enforcement officers in the United States,12,United States,African people shot dead by law enforcement officers in the United States,,"On March 1, 2015, Charley Leundeu Keunang, a 43-year-old Cameroonian national, was fatally shot by three Los Angeles Police Department officers"
Killing_of_Tony_Robinson,Tony Robinson,include,False,police_violence,police-action category: African Americans shot dead by law enforcement officers in Wisconsin,African Americans shot dead by law enforcement officers in Wisconsin,12,United States,2015 controversies in the United States,,"On March 6, 2015, Tony Robinson, an unarmed 19-year-old man, was fatally shot by police officer Matthew Kenny In Madison, Wisconsin, during a ""check-person"" call"
Killing_of_Anthony_Hill,Anthony Hill,include,True,police_violence,police-action category: African Americans shot dead by law enforcement officers in Georgia (U.S. state),African Americans shot dead by law enforcement officers in Georgia (U.S. state),10,United States,2015 controversies in the United States,,"The killing of Anthony Hill, a U.S"
Killing_of_Meagan_Hockaday,Meagan Hockaday,include,True,police_violence,police-action category: African Americans shot dead by law enforcement officers in California,African Americans shot dead by law enforcement officers in California,9,,2015 controversies in the United States,,"Meagan Hockaday was a 26-year-old African American resident of Oxnard, California who was shot and killed by police officer Roger Garcia in the early hours of Saturday, March 28, 2015"
Killing_of_Walter_Scott,Walter Scott,include,True,police_violence,police-action category: African Americans shot dead by law enforcement officers in South Carolina,African Americans shot dead by law enforcement officers in South Carolina,12,United States,2015 in South Carolina,,"On April 4, 2015, Walter Scott, a 50-year-old Black man, was fatally shot by Michael Slager, a local police officer in North Charleston, South Carolina, United States"
Killing_of_Freddie_Gray,Freddie Gray,include,True,police_violence,police-action category: Baltimore Police Department,Baltimore Police Department,17,United States,2015 controversies in the United States,,"On April 12, 2015, Freddie Carlos Gray Jr., a 25-year-old African-American, was arrested by the Baltimore Police Department for possession of a knife"
Death_of_Jonathan_Sanders,Jonathan Sanders,include,True,police_violence,police-action category: Deaths in police custody in the United States,Deaths in police custody in the United States,9,,2015 in Mississippi,,"On July 8, 2015, Jonathan Sanders, a 39-year-old Black man, died while being restrained by Stonewall, Mississippi police officer Kevin Herrington"
Death_of_Sandra_Bland,Sandra Bland,include,False,police_violence,police-action category: Deaths in police custody in the United States,Deaths in police custody in the United States,18,United States,2015 controversies in the United States,,"Sandra Annette Bland was a 28-year-old African-American woman who was found hanged in a jail cell in Waller County, Texas, on July 13, 2015, three days after being arrested during a traffic stop"
Killing_of_Samuel_DuBose,Samuel DuBose,include,False,police_violence,police-action category: African Americans shot dead by law enforcement officers in Ohio,African Americans shot dead by law enforcement officers in Ohio,19,United States,2015 controversies in the United States,,"On July 19, 2015, in Cincinnati, Ohio, Samuel DuBose, a Black unarmed non-university-affiliated motorist, was fatally shot by Ray Tensing, a University of Cincinnati police officer, after Dubose was stopped outside of the university campus for driving a car without a front license plate"
Killing_of_Zachary_Hammond,Zachary Hammond,include,True,police_violence,police-action category: Filmed killings by law enforcement,Filmed killings by law enforcement,7,United States,2015 in South Carolina,,"The killing of Zachary Hammond occurred on July 26, 2015, in Seneca, South Carolina"
Killing_of_Jeremy_McDole,Jeremy McDole,include,True,police_violence,police-action category: African Americans shot dead by law enforcement officers in the United States,African Americans shot dead by law enforcement officers in the United States,13,,2015 controversies in the United States,,"Jeremy ""Bam Bam"" McDole was a 28-year-old African American paraplegic who was shot and killed by police in Wilmington, Delaware on September 23, 2015, at 3:00 pm"
Killing_of_Corey_Jones,Corey Jones,include,True,police_violence,police-action category: African Americans shot dead by law enforcement officers in Florida,African Americans shot dead by law enforcement officers in Florida,11,United States,African Americans shot dead by law enforcement officers in Florida,,"Corey Jones (February 3, 1984 – October 18, 2015) was shot to death by police officer Nouman K"
Killing_of_Jamar_Clark,Jamar Clark,include,True,police_violence,police-action category: African Americans shot dead by law enforcement officers in Minnesota,African Americans shot dead by law enforcement officers in Minnesota,14,United States,2015 controversies in the United States,,"On November 15, 2015, two police officers fatally shot Jamar Clark, a 24-year-old African-American man, in Minneapolis"
Shooting_of_Daniel_Shaver,Daniel Shaver,include,False,police_violence,police-action category: Filmed killings by law enforcement,Filmed killings by law enforcement,14,United States,2016 controversies in the United States,,"On January 18, 2016, Daniel Leetin Shaver of Granbury, Texas, was fatally shot by police officer Philip Brailsford in the hallway of a La Quinta Inn & Suites hotel in Mesa, Arizona"
Killing_of_Dylan_Noble,Dylan Noble,include,True,police_violence,police-action category: People killed by law enforcement officers in the United States,People killed by law enforcement officers in the United States,10,,2016 controversies in the United States,,"On June 25, 2016, two officers of the Fresno Police Department shot Dylan Noble, a 19-year-old man from Clovis, California, to death during a traffic stop in the east side of Fresno, California"
Killing_of_Alton_Sterling,Alton Sterling,include,True,police_violence,police-action category: African Americans shot dead by law enforcement officers in Louisiana,African Americans shot dead by law enforcement officers in Louisiana,11,United States,2016 controversies in the United States,,"On July 5, 2016, Alton Sterling, a 37-year-old black man, was shot and killed by two Baton Rouge Police Department officers, Blane Salamoni and Howie Lake II, in Baton Rouge, Louisiana, United States"
Killing_of_Philando_Castile,Philando Castile,include,True,police_violence,police-action category: African Americans shot dead by law enforcement officers in Minnesota,African Americans shot dead by law enforcement officers in Minnesota,14,United States,2016 controversies in the United States,,"On July 6, 2016, Philando Castile, a 32-year-old African American man, was fatally shot during a traffic stop by police officer Jeronimo Yanez of the St"
Micah_Xavier_Johnson,Micah Xavier Johnson,include,True,anti_police,categorised as a perpetrator: 21st-century American murderers,21st-century American murderers,19,,21st-century American murderers,,"Micah Xavier Johnson (July 2, 1991 – July 8, 2016) was an American Army reserve Afghan war veteran, black nationalist, and mass murderer who perpetrated the 2016 shooting of Dallas police officers during a Black Lives Matter protest"
Killing_of_Joseph_Mann,Joseph Mann,include,True,police_violence,police-action category: African Americans shot dead by law enforcement officers in California,African Americans shot dead by law enforcement officers in California,8,,2016 in California,,"On July 11, 2016, Randy Lozoya and John Tennis, two Sacramento police officers, attempted to run over, and later shot and killed Joseph Mann, a 51-year-old mentally ill and homeless African-American man armed with a knife."
Shooting_of_Charles_Kinsey,Charles Kinsey,include,False,police_violence,police-action category: Law enforcement in Florida,Law enforcement in Florida,12,United States,2016 controversies in the United States,,"On July 18, 2016, Charles Kinsey, a behavior therapist, was shot in the leg by a police officer in North Miami, Florida United States"
Killing_of_Korryn_Gaines,Korryn Gaines,include,True,police_violence,police-action category: African Americans shot dead by law enforcement officers in the United States,African Americans shot dead by law enforcement officers in the United States,11,United States,2016 in Maryland,,"The killing of Korryn Gaines occurred on August 1, 2016, in Randallstown, Maryland, near Baltimore, resulting in the death of Gaines, a 23-year-old woman, and the shooting of her son, who survived"
Killing_of_Tony_Timpa,Tony Timpa,include,True,police_violence,police-action category: Asphyxia-related deaths by law enforcement in the United States,Asphyxia-related deaths by law enforcement in the United States,13,,2010s crimes in Texas,,"On August 10, 2016, Anthony ""Tony"" Allen Timpa, a 32-year-old, unarmed man, was killed in Dallas, Texas by police officer Dustin Dillard"
Killing_of_Terence_Crutcher,Terence Crutcher,include,True,police_violence,police-action category: African Americans shot dead by law enforcement officers in the United States,African Americans shot dead by law enforcement officers in the United States,11,United States,2016 in Oklahoma,,"On September 16, 2016, police officer Betty Jo Shelby shot and killed Terence Crutcher—a 40-year-old Black motorist—in Tulsa, Oklahoma"
Killing_of_Keith_Lamont_Scott,Keith Lamont Scott,include,True,police_violence,police-action category: African Americans shot dead by law enforcement officers in North Carolina,African Americans shot dead by law enforcement officers in North Carolina,16,,2016 controversies in the United States,,"Keith Lamont Scott was a 43-year-old African-American man who was fatally shot on September 20, 2016, in Charlotte, North Carolina, by Brentley Vinson, an African-American city police officer"
Killing_of_Alfred_Olango,Alfred Olango,include,True,police_violence,police-action category: African people shot dead by law enforcement officers in the United States,African people shot dead by law enforcement officers in the United States,10,,2016 in California,,"On September 27, 2016, Alfred Olango, a 38-year old former refugee from Uganda, was shot and killed by police responding to a 911 call occurred in El Cajon, California, United States"
Killing_of_Deborah_Danner,Deborah Danner,include,True,police_violence,police-action category: African Americans shot dead by law enforcement officers in the Bronx,African Americans shot dead by law enforcement officers in the Bronx,9,,2016 in New York City,,"Deborah Danner, 66, was fatally shot by New York City Police Department Sgt"
Murder_of_Jordan_Edwards,Jordan Edwards,include,True,police_violence,police-action category: African Americans shot dead by law enforcement officers in Texas,African Americans shot dead by law enforcement officers in Texas,15,United States,2017 controversies in the United States,,"On April 29, 2017, Jordan Edwards, a 15-year-old African-American boy, was murdered by police officer Roy Oliver in Balch Springs, Texas, within the Dallas-Fort Worth metroplex"
Killing_of_Patrick_Harmon,Patrick Harmon,include,True,police_violence,police-action category: African Americans shot dead by law enforcement officers in the United States,African Americans shot dead by law enforcement officers in the United States,12,,2017 controversies in the United States,,"Patrick Harmon was a 50-year-old African-American man fatally shot from behind by police officer Clinton Fox in Salt Lake City, Utah, on August 13, 2017"
Killing_of_John_Albers,John Albers,include,True,police_violence,police-action category: People killed by law enforcement officers in the United States,People killed by law enforcement officers in the United States,4,,2018 controversies in the United States,,"On January 20, 2018, John Albers, a 17-year old male, was shot and killed by an Overland Park Police officer responding to a report of a suicidal male."
Killing_of_Anthony_Weber,Anthony Weber,include,False,police_violence,police-action category: Los Angeles County Sheriff's Department,Los Angeles County Sheriff's Department,11,,African-American history in Los Angeles,,"On February 4, 2018, Anthony Weber, a 16-year-old African-American boy, was fatally shot by deputies from the Los Angeles County Sheriff's Department in Westmont, California"
Killing_of_Claudia_Gómez_González,Claudia Gómez González,include,False,police_violence,police-action category: Hispanic and Latino American people shot dead by law enforcement officers in Texas,Hispanic and Latino American people shot dead by law enforcement officers in Texas,14,,2018 controversies in the United States,,"Claudia Patricia Gómez González (9 February 1998 – 23 May 2018) was a Guatemalan woman shot by a US Border Patrol agent on 23 May 2018 after crossing the US-Mexican border near Rio Bravo, Texas."
Killing_of_Antwon_Rose_Jr.,Antwon Rose Jr.,include,False,police_violence,police-action category: African Americans shot dead by law enforcement officers in Pennsylvania,African Americans shot dead by law enforcement officers in Pennsylvania,12,,2018 controversies in the United States,,"Antwon Rose II was a 17-year-old African-American who was fatally shot in East Pittsburgh on June 19, 2018, by East Pittsburgh Police Department officer Michael Rosfeld after being suspected of attempted murder by participating in a drive-by shooting"
Killing_of_Markeis_McGlockton,Markeis McGlockton,include,False,unestablished,no law-enforcement category among 19,,19,United States,2018 controversies in the United States,,"On July 19, 2018, Markeis McGlockton, 28, was fatally shot by Michael Drejka in a parking lot outside a convenience store in Clearwater, Florida"
Killing_of_Daniel_Hambrick,Daniel Hambrick,include,True,police_violence,police-action category: African Americans shot dead by law enforcement officers in Tennessee,African Americans shot dead by law enforcement officers in Tennessee,10,,2018 controversies in the United States,,"On July 26, 2018, Daniel Edward Hambrick, a 25 year old African-American was shot and killed by officer Andrew Delke of the Nashville, Tennessee police department"
Vanessa_Marquez,Vanessa Marquez,include,True,police_violence,police-action category: Filmed killings by law enforcement,Filmed killings by law enforcement,18,,20th-century American actresses,,"Vanessa Rosalia Marquez (December 21, 1968 – August 30, 2018) was an American actress"
Death_of_Tamla_Horsford,Tamla Horsford,include,False,unestablished,"only a topic category, which does not name an actor: Law enforcement controversies in the United States",Law enforcement controversies in the United States,8,United States,2018 controversies in the United States,,"On November 4, 2018, Tamla Horsford was discovered dead in the backyard of the Cumming, Georgia, home where she had been attending a slumber party with other ""football moms"" the night before"
Killing_of_Emantic_Fitzgerald_Bradford_Jr.,Emantic Fitzgerald Bradford Jr.,include,False,police_violence,police-action category: African Americans shot dead by law enforcement officers in Alabama,African Americans shot dead by law enforcement officers in Alabama,9,,2018 controversies in the United States,,"On November 22, 2018, Emantic Fitzgerald Bradford Jr., an African-American man, was shot three times from behind and killed by Hoover police officer David Alexander on the night of Thanksgiving, at the Riverchase Galleria shopping mall in Hoover, Alabama"
Killing_of_George_Robinson,George Robinson,include,True,police_violence,police-action category: Deaths in police custody in the United States,Deaths in police custody in the United States,10,United States,2019 controversies in the United States,,"On January 13, 2019, George Robinson, a 62-year-old Black man, died two days after a violent arrest by three Black police officers in Jackson, Mississippi"
Killing_of_Willie_McCoy,Willie McCoy,include,True,police_violence,police-action category: African Americans shot dead by law enforcement officers in California,African Americans shot dead by law enforcement officers in California,10,,2019 controversies in the United States,,"Willie McCoy, also known as Willie Bo, was a 20 year old African-American rapper, killed by six police officers in Vallejo, California, on February 9, 2019"
Killing_of_Javier_Ambler,Javier Ambler,include,False,police_violence,police-action category: Asphyxia-related deaths by law enforcement in the United States,Asphyxia-related deaths by law enforcement in the United States,16,,2019 crimes in Texas,,"On March 28, 2019, Javier Ambler II died of heart failure while being arrested by police in Austin, Texas, after fleeing from deputies who sought to stop him for a traffic violation"
Killing_of_Ronald_Greene,Ronald Greene,include,True,police_violence,police-action category: Deaths in police custody in the United States,Deaths in police custody in the United States,12,,2019 controversies in the United States,,"On May 10, 2019, Ronald Hardin Greene, an unarmed 49-year-old Black man, was killed after being arrested by Louisiana State Police following a high-speed chase outside Monroe, Louisiana"
Murder_of_Jared_Lakey,Jared Lakey,include,True,police_violence,police-action category: Deaths in police custody in the United States,Deaths in police custody in the United States,11,,2019 in Oklahoma,,"On July 4, 2019, police officers Joshua L"
Killing_of_Elijah_McClain,Elijah McClain,include,True,police_violence,police-action category: Asphyxia-related deaths by law enforcement in the United States,Asphyxia-related deaths by law enforcement in the United States,26,United States,2010s crimes in Colorado,,"Elijah Jovan McClain (February 25, 1996 – August 30, 2019) was a 23-year-old black American man from Aurora, Colorado, who was killed as a result of being illegally injected with 500 mg of ketamine by paramedics after being forcibly detained by police officers"
Killing_of_Atatiana_Jefferson,Atatiana Jefferson,include,True,police_violence,police-action category: African Americans shot dead by law enforcement officers in Texas,African Americans shot dead by law enforcement officers in Texas,13,United States,2019 controversies in the United States,,"Atatiana Koquice Jefferson was a 28-year-old African-American woman who was fatally shot inside her home by a police officer in Fort Worth, Texas, in the early morning of October 12, 2019"
Killing_of_Alvin_Cole,Alvin Cole,include,True,police_violence,listed in the Mapping Police Violence registry,,12,United States,2020 United States racial unrest,,"On the evening of February 2, 2020, Alvin Cole, a 17-year-old black male, was fatally shot by a Wauwatosa, Wisconsin black male police officer Joseph Mensah, outside Mayfair Mall in Wauwatosa"
Murder_of_Ahmaud_Arbery,Ahmaud Arbery,include,False,unestablished,no law-enforcement category among 18,,18,United States,2020 United States racial unrest,,"On February 23, 2020, Ahmaud Arbery, a 25-year-old black man, was murdered during a racially motivated hate crime while jogging in Satilla Shores, a neighborhood near Brunswick in Glynn County, Georgia"
Killing_of_Manuel_Ellis,Manuel Ellis,include,False,police_violence,police-action category: Asphyxia-related deaths by law enforcement in the United States,Asphyxia-related deaths by law enforcement in the United States,17,,2020 controversies in the United States,,"Manuel Ellis was a 33-year-old African American man who was killed during an arrest on March 3, 2020, in Tacoma, Washington by the Tacoma Police Department"
Killing_of_Duncan_Lemp,Duncan Lemp,include,False,police_violence,police-action category: People shot dead by law enforcement officers in Maryland,People shot dead by law enforcement officers in Maryland,8,United States,2020 in Maryland,,"On March 12, 2020, Duncan Socrates Lemp was fatally shot at his home in Potomac, Maryland during a no-knock search by the Montgomery County Police Department's SWAT team"
Killing_of_Breonna_Taylor,Breonna Taylor,include,True,police_violence,listed in the Mapping Police Violence registry,,13,United States,2020 United States racial unrest,,"Breonna Taylor, a 26-year-old African-American medical worker, was killed on March 13, 2020, after police officers from the Louisville Metro Police Department (LMPD) forcibly entered her home"
Killing_of_Daniel_Prude,Daniel Prude,include,False,police_violence,police-action category: Asphyxia-related deaths by law enforcement in the United States,Asphyxia-related deaths by law enforcement in the United States,11,United States,2020 United States racial unrest,,"On March 23, 2020, Daniel Prude, a 41-year-old African-American man, died after being physically restrained by Rochester, New York police officers"
Killing_of_Nina_Pop,Nina Pop,include,False,unestablished,no law-enforcement category among 14,,14,United States,2020 controversies in the United States,,"In May 2020, Nina Pop, a young transgender woman of color, was stabbed to death in her Missouri apartment"
Killing_of_Bernardo_Palacios-Carbajal,Bernardo Palacios-Carbajal,include,True,police_violence,police-action category: Filmed killings by law enforcement,Filmed killings by law enforcement,10,United States,2020 controversies in the United States,,"On May 23, 2020, police officers killed 22-year-old Bernardo Palacios-Carbajal in Salt Lake City, Utah"
George_Floyd,George Floyd,include,True,police_violence,police-action category: Deaths in police custody in the United States,Deaths in police custody in the United States,34,,20th-century African-American male singers,,George Perry Floyd Jr
Killing_of_Dion_Johnson,Dion Johnson,include,True,police_violence,police-action category: African Americans shot dead by law enforcement officers in the United States,African Americans shot dead by law enforcement officers in the United States,11,,2020 controversies in the United States,,"On May 25, 2020, Dion Johnson, a 28-year-old Black man, was killed in Phoenix, Arizona, United States"
Murder_of_George_Floyd,George Floyd,include,True,police_violence,police-action category: Asphyxia-related deaths by law enforcement in the United States,Asphyxia-related deaths by law enforcement in the United States,27,United States,2020 United States racial unrest,,"On May 25, 2020, George Floyd, a 46-year-old Black American man, was murdered by Derek Chauvin, a 44-year-old White police officer, in Minneapolis, Minnesota, United States"
Killing_of_Tony_McDade,Tony McDade,include,False,police_violence,police-action category: African Americans shot dead by law enforcement officers in Florida,African Americans shot dead by law enforcement officers in Florida,12,United States,2020 controversies in the United States,,"On May 27, 2020, after 11 a.m., a 38-year-old African-American transgender man, Tony McDade, was fatally shot in the Leon Arms apartment complex by an officer of the Tallahassee Police Department, following the fatal stabbing of Malik Jackson on nearby Saxon Street"
Killing_of_James_Scurlock,James Scurlock,include,False,unestablished,no law-enforcement category among 14,,14,United States,2020 controversies in the United States,,"On May 30, 2020, James Scurlock, a 22-year-old man caught on a camera inside of an Old Market business, moments before he was fatally shot by a 38-year-old bar owner, Jacob ""Jake"" Gardner"
Killing_of_David_McAtee,David McAtee,include,True,police_violence,police-action category: African Americans shot dead by law enforcement officers in Kentucky,African Americans shot dead by law enforcement officers in Kentucky,17,United States,2020 controversies in the United States,,"On June 1, 2020, David McAtee, a 53-year-old African-American man, was fatally shot by the Kentucky Army National Guard in Louisville during nationwide protests following the murder of George Floyd and the killing of Breonna Taylor"
Killing_of_Sean_Monterrosa,Sean Monterrosa,include,True,police_violence,police-action category: Hispanic and Latino American people shot dead by law enforcement officers in California,Hispanic and Latino American people shot dead by law enforcement officers in California,18,United States,2020 United States racial unrest,,"Sean Monterrosa was a 22-year-old Latino American man who was shot and killed on June 2, 2020, by Vallejo, California, police officer Jarrett Tonn"
Killing_of_Carlos_Carson,Carlos Carson,include,False,unestablished,"only a topic category, which does not name an actor: Law enforcement controversies in the United States",Law enforcement controversies in the United States,17,United States,2020 controversies in the United States,,"On June 6, 2020, Carlos Carson, an unarmed African American man in Tulsa, Oklahoma, was assaulted and killed by a private security guard with an extensive and controversial law enforcement background."
Killing_of_Rayshard_Brooks,Rayshard Brooks,include,True,police_violence,police-action category: African Americans shot dead by law enforcement officers in Georgia (U.S. state),African Americans shot dead by law enforcement officers in Georgia (U.S. state),15,United States,2020 United States racial unrest,,"On the night of June 12, 2020, Rayshard Brooks, a 27-year-old black American man, was confronted by officers of the Atlanta Police Department (APD) and was shot by APD officer Garrett Rolfe"
Killing_of_Andres_Guardado,Andres Guardado,include,True,police_violence,police-action category: Hispanic and Latino American people shot dead by law enforcement officers in California,Hispanic and Latino American people shot dead by law enforcement officers in California,11,,2020 United States racial unrest,,"Andres Guardado (November 3, 2001 – June 18, 2020) was an 18-year-old Salvadoran-American man shot in the back and killed by a deputy sheriff from the Los Angeles County Sheriff's Department on June 18, 2020, in the unincorporated community of  West Rancho Dominguez, California, just outside of the Harbor Gateway section of the City of Los Angeles"
Killing_of_Julian_Lewis,Julian Lewis,include,False,police_violence,police-action category: African Americans shot dead by law enforcement officers in Georgia (U.S. state),African Americans shot dead by law enforcement officers in Georgia (U.S. state),11,United States,2020 controversies in the United States,,"On August 7, 2020, Julian Edward Roosevelt Lewis, an unarmed 60-year-old American carpenter, was fatally shot by Georgia State Patrol officer Jacob Gordon Thompson, on a rural road in Screven County, Georgia"
Shooting_of_Jacob_Blake,Jacob Blake,include,False,police_violence,police-action category: Law enforcement in Wisconsin,Law enforcement in Wisconsin,11,United States,2020 United States racial unrest,,"On August 23, 2020, Jacob S"
Killing_of_Dijon_Kizzee,Dijon Kizzee,include,True,police_violence,police-action category: Hispanic and Latino American people shot dead by law enforcement officers in California,Hispanic and Latino American people shot dead by law enforcement officers in California,13,,2020 United States racial unrest,,"Dijon Kizzee (February 5, 1991 – August 31, 2020), an African-American man, was shot and killed in the Los Angeles County community of Westmont on August 31, 2020, by deputies of the Los Angeles County Sheriff's Department (LASD)"
Killing_of_Marcellis_Stinnette,Marcellis Stinnette,include,True,police_violence,police-action category: African Americans shot dead by law enforcement officers in Illinois,African Americans shot dead by law enforcement officers in Illinois,12,United States,2020 United States racial unrest,,"Marcellis Stinnette, a 19-year-old Black man, was fatally shot by police officer Dante Salinas in Waukegan, Illinois, United States shortly before midnight on October 20, 2020"
Killing_of_Walter_Wallace,Walter Wallace,include,False,police_violence,police-action category: African Americans shot dead by law enforcement officers in Pennsylvania,African Americans shot dead by law enforcement officers in Pennsylvania,16,,2020 United States racial unrest,,"On October 26, 2020, Walter Wallace Jr., a 27-year-old African American man, was fatally shot by Philadelphia police officers Sean Matarazzo and Thomas Munz at 6100 Locust Street in the Cobbs Creek section of Philadelphia, Pennsylvania"
Killing_of_Casey_Goodson,Casey Goodson,include,False,police_violence,police-action category: African Americans shot dead by law enforcement officers in Ohio,African Americans shot dead by law enforcement officers in Ohio,14,,2020 United States racial unrest,,"On December 4, 2020, Casey Goodson, a 23-year-old African American man, was shot and killed by Jason Meade, a deputy with the Franklin County Sheriff's Office, in Columbus, Ohio"
Murder_of_Andre_Hill,Andre Hill,include,False,police_violence,police-action category: African Americans shot dead by law enforcement officers in Ohio,African Americans shot dead by law enforcement officers in Ohio,18,United States,2020 United States racial unrest,,"On December 22, 2020, Andre Hill, a 47-year-old African American man, was shot and killed by Adam Coy, a police officer of the Columbus Division of Police in Columbus, Ohio"
Killing_of_Angelo_Quinto,Angelo Quinto,include,True,police_violence,police-action category: Asphyxia-related deaths by law enforcement in the United States,Asphyxia-related deaths by law enforcement in the United States,10,,2020 United States racial unrest,,"Angelo Quinto (March 10, 1990 – December 26, 2020) was a 30-year-old Filipino-American Navy veteran who died on December 26, 2020, from complications after being knelt on the neck by a police officer three days earlier"
Killing_of_Christian_Hall,Christian Hall,include,True,police_violence,police-action category: Asian people shot dead by law enforcement officers in the United States,Asian people shot dead by law enforcement officers in the United States,11,United States,2020 United States racial unrest,,"Christian Joseph Hall (October 31, 2001 – December 30, 2020) was a 19-year-old Chinese American man from Stroudsburg, Pennsylvania, who was shot and killed by Pennsylvania State troopers in neighboring Bartonsville, Pennsylvania, on December 30, 2020"
Killing_of_Dolal_Idd,Dolal Idd,include,True,police_violence,police-action category: African Americans shot dead by law enforcement officers in Minnesota,African Americans shot dead by law enforcement officers in Minnesota,14,United States,2020 United States racial unrest,,Dolal Idd was a 23-year-old Somali-American man who was killed in an exchange of gunfire with Minneapolis police officers at approximately 6:15 p.m
Death_of_Marvin_Scott,Marvin Scott,include,False,police_violence,police-action category: Asphyxia-related deaths by law enforcement in the United States,Asphyxia-related deaths by law enforcement in the United States,9,,2021 United States racial unrest,,"Marvin David Scott III (1994/1995 – March 14, 2021) was an African American man who died on March 14, 2021, in police custody at a correctional facility in McKinney, Texas, United States"
Killing_of_Adam_Toledo,Adam Toledo,include,True,police_violence,police-action category: Chicago Police Department,Chicago Police Department,11,United States,2021 controversies in the United States,,"On March 29, 2021, Adam Toledo, a 13-year-old Latino American boy, was shot and killed by Chicago Police Department (CPD) officer Eric Stillman in the Little Village neighborhood on the West Side of Chicago at 2:38 a.m"
Killing_of_Anthony_Alvarez,Anthony Alvarez,include,True,police_violence,police-action category: Chicago Police Department,Chicago Police Department,8,United States,2021 controversies in the United States,,"On March 31, 2021, Anthony Alvarez, a 22-year-old Latino man, was shot and killed by a Chicago Police Department officer in the Portage Park neighborhood on the Northwest Side of Chicago"
Killing_of_Daunte_Wright,Daunte Wright,include,True,police_violence,police-action category: African Americans shot dead by law enforcement officers in Minnesota,African Americans shot dead by law enforcement officers in Minnesota,11,United States,2021 United States racial unrest,,"On April 11, 2021, Daunte Wright, a 20-year-old American man, was fatally shot in Brooklyn Center, Minnesota, by police officer Kimberly Potter during a traffic stop and attempted arrest for an outstanding warrant"
Killing_of_Lindani_Myeni,Lindani Myeni,include,True,police_violence,police-action category: African people shot dead by law enforcement officers in the United States,African people shot dead by law enforcement officers in the United States,8,,African people shot dead by law enforcement officers in the United States,,"On April 14, 2021, three officers from the Honolulu Police Department shot and killed 29-year-old Lindani Myeni fronting a home in Nuʻuanu, Honolulu County, Hawaii due to a misunderstanding by a guest at the B&B"
Death_of_Mario_Gonzalez,Mario Gonzalez,include,True,police_violence,police-action category: Filmed killings by law enforcement,Filmed killings by law enforcement,13,United States,2021 controversies in the United States,,"On April 19, 2021, Mario Gonzalez, an unarmed 26-year-old Latino man, died while under police custody by the Alameda, California Police Department"
Killing_of_Ma'Khia_Bryant,Ma'Khia Bryant,include,True,police_violence,police-action category: Filmed killings by law enforcement,Filmed killings by law enforcement,9,United States,2021 United States racial unrest,,"On April 20, 2021, Ma'Khia Bryant, a 16-year-old girl, was fatally shot by police officer Nicholas Reardon in southeast Columbus, Ohio"
Killing_of_Andrew_Brown_Jr.,Andrew Brown Jr.,include,False,police_violence,police-action category: African Americans shot dead by law enforcement officers in North Carolina,African Americans shot dead by law enforcement officers in North Carolina,6,United States,2021 United States racial unrest,,"On April 21, 2021, Andrew Brown Jr., a 42-year-old black American, was killed by a gunshot to the back of the head by the Sheriff Department in Elizabeth City, North Carolina, United States"
Killing_of_Winston_Boogie_Smith,Winston Boogie Smith,include,False,police_violence,police-action category: African Americans shot dead by law enforcement officers in Minnesota,African Americans shot dead by law enforcement officers in Minnesota,10,United States,2021 United States racial unrest,,"Law enforcement authorities fatally shot Winston Boogie Smith Jr., a 32-year-old black American man, in the Uptown area of Minneapolis at 2:08 p.m"
Killing_of_Deona_Marie_Knajdek,Deona Marie Knajdek,include,False,unestablished,no law-enforcement category among 14,,14,United States,2021 United States racial unrest,,"Deona Marie Knajdek (also reported as Deona Marie Erickson), a 31-year old American woman, was killed on June 13, 2021, when a man drove a car into a crowd of demonstrators who had gathered as a part of the Uptown Minneapolis unrest"
Killing_of_Leneal_Frazier,Leneal Frazier,include,False,police_violence,police-action category: Filmed killings by law enforcement,Filmed killings by law enforcement,8,United States,2021 controversies in the United States,,Leneal Frazier was a 40-year-old African American man who was killed in Minneapolis at about 12:30 a.m
Killing_of_Guillermo_Sanchez_and_Guillardo_Sanchez,Guillermo Sanchez and Guillardo Sanchez,include,False,police_violence,police-action category: Hispanic and Latino American people shot dead by law enforcement officers in California,Hispanic and Latino American people shot dead by law enforcement officers in California,7,United States,1970 in California,,"The deaths of Guillermo Sanchez and Gildardo Sanchez occurred on July 16, 1970, when the Los Angeles Police Department raided their apartment at 826 E"
Killing_of_Richard_Lee_Richards,Richard Lee Richards,include,True,police_violence,police-action category: People killed by law enforcement officers in the United States,People killed by law enforcement officers in the United States,7,,2021 in Arizona,,"Richard Lee Richards ((1960-09-13)September 13, 1960 – (2021-11-29)November 29, 2021) was a 61-year-old United States citizen who died after being shot nine times in the back by police officer Ryan Remington on November 29, 2021"
Killing_of_Amir_Locke,Amir Locke,include,True,police_violence,police-action category: African Americans shot dead by law enforcement officers in Minnesota,African Americans shot dead by law enforcement officers in Minnesota,12,United States,2022 controversies in the United States,,"Amir Locke, a 22-year-old Black American man, was fatally shot on February 2, 2022, by SWAT officer Mark Hanneman of the Minneapolis Police Department inside an apartment in Minneapolis, Minnesota, where police were executing a no-knock search warrant in a homicide investigation"
Killing_of_Patrick_Lyoya,Patrick Lyoya,include,True,police_violence,police-action category: Filmed killings by law enforcement,Filmed killings by law enforcement,12,,2022 controversies in the United States,,"On April 4, 2022, Patrick Lyoya, a 26-year-old resident of Grand Rapids, Michigan, United States, was fatally shot by Officer Christopher Schurr of the Grand Rapids Police Department during a scuffle between the two"
Gonzalo_Lopez,Gonzalo Lopez,include,True,anti_police,categorised as a perpetrator: American mass murderers,American mass murderers,22,,2005 murders in the United States,,"Gonzalo Artemio Lopez (February 10, 1976 – June 2, 2022) was an American fugitive and mass murderer who killed a total of six people in separate murders in 2005 and 2022"
Killing_of_Jayland_Walker,Jayland Walker,include,True,police_violence,police-action category: African Americans shot dead by law enforcement officers in Ohio,African Americans shot dead by law enforcement officers in Ohio,10,United States,2022 controversies in the United States,,"On June 27, 2022, at approximately 12:30 a.m., Akron, Ohio, police officers shot Jayland Walker, a 25-year-old American from Akron"
Killing_of_Donovan_Lewis,Donovan Lewis,include,True,police_violence,police-action category: African Americans shot dead by law enforcement officers in Ohio,African Americans shot dead by law enforcement officers in Ohio,11,,2022 controversies in the United States,,"On August 30, 2022, 20-year-old biracial Black man Donovan Lewis (born (2002-05-14)May 14, 2002) was shot and killed by Officer Ricky Anderson of the Columbus Division of Police (CDP) in the Hilltop neighborhood of Columbus, Ohio as officers served a warrant at his apartment"
Killing_of_Savannah_Graziano,Savannah Graziano,include,True,police_violence,police-action category: Filmed killings by law enforcement,Filmed killings by law enforcement,9,,2022 controversies in the United States,,"On September 27, 2022, 15-year-old Savannah Graziano and her 45-year-old father Anthony were shot and killed by deputies from the San Bernardino County Sheriff's Department during a shootout in Hesperia, California"
Death_of_Keenan_Anderson,Keenan Anderson,include,True,police_violence,listed in the Mapping Police Violence registry,,9,,2023 controversies in the United States,,"Keenan Anderson was an African American man who died on January 3, 2023, about four and a half hours after he was restrained and tasered six times by a member of the Los Angeles Police Department (LAPD)"
Killing_of_Sayed_Faisal,Sayed Faisal,include,True,police_violence,police-action category: Asian people shot dead by law enforcement officers in the United States,Asian people shot dead by law enforcement officers in the United States,5,United States,Asian people shot dead by law enforcement officers in the United States,,"The killing of Sayed Faisal was a 2023 police shooting in Cambridge, Massachusetts, United States"
Killing_of_Tyre_Nichols,Tyre Nichols,include,True,police_violence,police-action category: Filmed killings by law enforcement,Filmed killings by law enforcement,12,United States,2023 controversies in the United States,,"On January 7, 2023, Tyre Nichols, a 29-year-old black American man, was fatally injured by five black police officers in Memphis, Tennessee, and died three days later"
Killing_of_Ricky_Cobb_II,Ricky Cobb II,include,True,police_violence,police-action category: African Americans shot dead by law enforcement officers in Minnesota,African Americans shot dead by law enforcement officers in Minnesota,9,United States,African Americans shot dead by law enforcement officers in Minnesota,,"On July 31, 2023, a 33-year-old African-American man named Ricky Cobb II was shot and killed by Minnesota State Patrol troopers in Minneapolis, Minnesota following a traffic violation"
Killing_of_Eddie_Irizarry,Eddie Irizarry,include,True,police_violence,police-action category: Filmed killings by law enforcement,Filmed killings by law enforcement,6,,August 2023 crimes in the United States,,"On August 14, 2023, Eddie Irizarry, a 27-year-old Puerto Rican man, was shot to death in Philadelphia by Mark Dial, a white police officer"
Killing_of_Dhal_Apet_and_Lueth_Mo,Dhal Apet and Lueth Mo,include,False,police_violence,police-action category: African Americans shot dead by law enforcement officers in New York (state),African Americans shot dead by law enforcement officers in New York (state),8,,African Americans shot dead by law enforcement officers in New York (state),,"On 6 September 2023, Dhal Apet, 17, and Lueth Mo, 15, were fatally shot by John Rosello, 34, a deputy sheriff employed by the Onondaga County Sheriff's Office in DeWitt, New York"
Killing_of_Nyah_Mway,Nyah Mway,include,True,police_violence,police-action category: Asian people shot dead by law enforcement officers in New York (state),Asian people shot dead by law enforcement officers in New York (state),11,,2024 controversies in the United States,,"On the night of June 28, 2024, Nyah Mway (Burmese: ညမွှေး, pronounced [ˈɲa̼ m̥wèɪ]), a thirteen-year-old Southeast Asian American refugee, was shot and killed in Utica, New York, by Patrick Husnay, an officer of the Utica Police Department (UPD)"
Killing_of_Kevin_Mullins,Kevin Mullins,include,True,police_violence,police-action category: People shot dead by law enforcement officers in Kentucky,People shot dead by law enforcement officers in Kentucky,6,United States,2024 in Kentucky,,"On September 19, 2024, District Court Judge Kevin R"
