article,person,death_date,date_source,wd_precision,country,in_registry,decision,reason
Killing_of_James_Brazier,James Brazier,1958-04-25,wikidata,day,,False,exclude,before the registry era (1958-04-25)
Killing_of_Johnny_Robinson,Johnny Robinson,1963-09-15,wikidata,day,,False,exclude,before the registry era (1963-09-15)
Killing_of_Vivian_Strong,Vivian Strong,1969-06-24,wikidata,day,,False,exclude,before the registry era (1969-06-24)
Killing_of_Clifford_Glover,Clifford Glover,1973-04-28,wikidata,day,United States,False,exclude,before the registry era (1973-04-28)
Murder_of_Santos_Rodriguez,Santos Rodriguez,1973-07-24,wikidata,day,United States,False,exclude,before the registry era (1973-07-24)
Killing_of_José_Campos_Torres,José Campos Torres,1977-05-05,wikidata,day,United States,False,exclude,before the registry era (1977-05-05)
Murder_of_Michelle_Busha,Michelle Busha,1980-05-26,wikidata,day,,False,exclude,before the registry era (1980-05-26)
Murder_of_Sherri_Rasmussen,Sherri Rasmussen,1986-02-24,wikidata,day,United States,False,exclude,before the registry era (1986-02-24)
Murder_of_Cara_Knott,Cara Knott,1986-12-27,wikidata,day,United States,False,exclude,before the registry era (1986-12-27)
Death_of_Anthony_Baez,Anthony Baez,1994-12-22,wikidata,day,,False,exclude,before the registry era (1994-12-22)
Killing_of_Jonny_Gammage,Jonny Gammage,1995-10-12,wikidata,day,,False,exclude,before the registry era (1995-10-12)
Killing_of_Kuanchung_Kao,Kuanchung Kao,1997-04-29,wikidata,day,,False,exclude,before the registry era (1997-04-29)
Killing_of_Amadou_Diallo,Amadou Diallo,1999-02-04,wikidata,day,United States,False,exclude,before the registry era (1999-02-04)
Killing_of_Kendra_James,Kendra James,2003-05-05,wikidata,day,,False,exclude,before the registry era (2003-05-05)
Killing_of_Bich_Cau_Thi_Tran,Bich Cau Thi Tran,2003-07-13,wikidata,day,,False,exclude,before the registry era (2003-07-13)
Killing_of_Daniel_Rocha,Daniel Rocha,2005-06-09,wikidata,day,,False,exclude,before the registry era (2005-06-09)
Killing_of_Fouad_Kaady,Fouad Kaady,2005-09-08,wikidata,day,,False,exclude,before the registry era (2005-09-08)
Killing_of_Rigoberto_Alpizar,Rigoberto Alpizar,2005-12-07,wikidata,day,United States,False,exclude,before the registry era (2005-12-07)
Death_of_Martin_Anderson,Martin Anderson,2006-01-06,wikidata,day,,False,exclude,before the registry era (2006-01-06)
Killing_of_Christopher_Penley,Christopher Penley,2006-01-15,wikidata,day,,False,exclude,before the registry era (2006-01-15)
Death_of_Otto_Zehm,Otto Zehm,2006-03-20,wikidata,day,United States,False,exclude,before the registry era (2006-03-20)
Killing_of_Michael_Cho,Michael Cho,2007-12-31,wikidata,day,,False,exclude,before the registry era (2007-12-31)
Killing_of_Oscar_Grant,Oscar Grant,2009-01-01,wikidata,day,United States,False,exclude,before the registry era (2009-01-01)
Killing_of_Anastasio_Hernández-Rojas,Anastasio Hernández-Rojas,2010-05-01,wikidata,month,,False,exclude,before the registry era (2010-05-01)
Killing_of_Aiyana_Jones,Aiyana Jones,2010-05-16,wikidata,day,United States,False,exclude,before the registry era (2010-05-16)
Killing_of_Jose_Guerena,Jose Guerena,2011-05-05,wikidata,day,,False,exclude,before the registry era (2011-05-05)
Killing_of_Kelly_Thomas,Kelly Thomas,2011-07-10,wikidata,day,,False,exclude,before the registry era (2011-07-10)
Death_of_Elliott_Williams,Elliott Williams,2011-10-01,wikidata,month,,False,exclude,before the registry era (2011-10-01)
Killing_of_Ramarley_Graham,Ramarley Graham,2012-02-02,wikidata,day,United States,False,exclude,before the registry era (2012-02-02)
Killing_of_Trayvon_Martin,Trayvon Martin,2012-02-26,wikidata,day,United States,False,exclude,before the registry era (2012-02-26)
Killing_of_Rekia_Boyd,Rekia Boyd,2012-03-21,wikidata,day,United States,False,exclude,before the registry era (2012-03-21)
Killing_of_Mohamed_Bah,Mohamed Bah,2012-09-25,wikidata,day,,False,exclude,before the registry era (2012-09-25)
Murder_of_Jordan_Davis,Jordan Davis,2012-11-23,wikidata,day,United States,False,exclude,before the registry era (2012-11-23)
Killing_of_Timothy_Russell_and_Malissa_Williams,Timothy Russell and Malissa Williams,2012-11-29,wikidata,day,United States,False,exclude,before the registry era (2012-11-29)
Death_of_Adama_Traoré,Adama Traoré,2016-07-19,wikidata,day,France,False,exclude,not a US killing (country=France)
Death_of_Abdirahman_Abdi,Abdirahman Abdi,2016-07-24,wikidata,day,Canada,False,exclude,not a US killing (country=Canada)
Killing_of_Lorenzo_Salgado_Araujo,Lorenzo Salgado Araujo,2026-07-07,wikidata,day,United States,False,exclude,after the study window (2026-07-07)
Death_of_Alonzo_Brooks,Alonzo Brooks,,unresolved,none,,False,exclude,"no date of death in Wikidata, and no registry match"
Death_of_Chavis_Carter,Chavis Carter,,unresolved,none,,False,exclude,"no date of death in Wikidata, and no registry match"
Death_of_Michael_Stewart,Michael Stewart,,unresolved,none,United States,False,exclude,"no date of death in Wikidata, and no registry match"
Killing_of_Archie_Elliott_III,Archie Elliott III,,unresolved,none,,False,exclude,"no date of death in Wikidata, and no registry match"
Killing_of_Carnell_Russ,Carnell Russ,,unresolved,none,,False,exclude,"no date of death in Wikidata, and no registry match"
Killing_of_Corey_Ruiz,Corey Ruiz,,unresolved,none,,False,exclude,"no date of death in Wikidata, and no registry match"
Killing_of_Eurie_Martin,Eurie Martin,,unresolved,none,,False,exclude,"no date of death in Wikidata, and no registry match"
Killing_of_Fong_Lee,Fong Lee,,unresolved,none,United States,False,exclude,"no date of death in Wikidata, and no registry match"
Killing_of_Irvo_Otieno,Irvo Otieno,,unresolved,none,,False,exclude,"no date of death in Wikidata, and no registry match"
Killing_of_Kenneth_Chamberlain_Sr.,Kenneth Chamberlain Sr.,,unresolved,none,United States,False,exclude,"no date of death in Wikidata, and no registry match"
Killing_of_Luana_Barbosa_dos_Reis,Luana Barbosa dos Reis,,unresolved,none,Brazil,False,exclude,not a US killing (country=Brazil)
Killing_of_Malice_Green,Malice Green,,unresolved,none,,False,exclude,"no date of death in Wikidata, and no registry match"
Killing_of_Messiah_Nantwi,Messiah Nantwi,,unresolved,none,,False,exclude,"no date of death in Wikidata, and no registry match"
Killing_of_Ousmane_Zongo,Ousmane Zongo,,unresolved,none,,False,exclude,"no date of death in Wikidata, and no registry match"
Murder_of_David_Dorn,David Dorn,,unresolved,none,,False,exclude,"no date of death in Wikidata, and no registry match"
Murder_of_Garrett_Foster,Garrett Foster,,unresolved,none,,False,exclude,"no date of death in Wikidata, and no registry match"
Murder_of_Jessie_Davis,Jessie Davis,,unresolved,none,,False,exclude,"no date of death in Wikidata, and no registry match"
Murder_of_James_Craig_Anderson,James Craig Anderson,2013-01-27,registry,none,United States,False,include,"in range (2013-01-27, registry)"
Death_of_Tyrone_West,Tyrone West,2013-07-18,registry,none,,True,include,"in range (2013-07-18, registry)"
Killing_of_Larry_Jackson_Jr.,Larry Jackson Jr.,2013-07-26,wikidata,day,United States,False,include,"in range (2013-07-26, wikidata)"
Killing_of_Jonathan_Ferrell,Jonathan Ferrell,2013-09-14,wikidata,day,United States,False,include,"in range (2013-09-14, wikidata)"
Killing_of_Andy_Lopez,Andy Lopez,2013-10-22,wikidata,day,United States,True,include,"in range (2013-10-22, wikidata)"
Murder_of_Renisha_McBride,Renisha McBride,2013-11-02,wikidata,day,United States,False,include,"in range (2013-11-02, wikidata)"
Killing_of_James_Boyd,James Boyd,2014-03-16,wikidata,day,United States,False,include,"in range (2014-03-16, wikidata)"
Killing_of_Alex_Nieto,Alex Nieto,2014-03-21,wikidata,day,,False,include,"in range (2014-03-21, wikidata)"
Killing_of_Alfred_Redwine,Alfred Redwine,2014-03-25,wikidata,day,United States,True,include,"in range (2014-03-25, wikidata)"
Killing_of_Dontre_Hamilton,Dontre Hamilton,2014-04-30,wikidata,day,United States,True,include,"in range (2014-04-30, wikidata)"
Killing_of_Eric_Harris,Eric Harris,2014-06-15,registry,none,,True,include,"in range (2014-06-15, registry)"
Killing_of_Eric_Garner,Eric Garner,2014-07-17,wikidata,day,United States,True,include,"in range (2014-07-17, wikidata)"
Killing_of_John_Crawford_III,John Crawford III,2014-08-05,wikidata,day,United States,False,include,"in range (2014-08-05, wikidata)"
Killing_of_Michael_Brown,Michael Brown,2014-08-09,wikidata,day,United States,True,include,"in range (2014-08-09, wikidata)"
Killing_of_Ezell_Ford,Ezell Ford,2014-08-11,wikidata,day,United States,True,include,"in range (2014-08-11, wikidata)"
Murder_of_Laquan_McDonald,Laquan McDonald,2014-10-20,wikidata,day,United States,True,include,"in range (2014-10-20, wikidata)"
Killing_of_Akai_Gurley,Akai Gurley,2014-11-20,wikidata,day,United States,True,include,"in range (2014-11-20, wikidata)"
Killing_of_Tamir_Rice,Tamir Rice,2014-11-22,wikidata,day,United States,False,include,"in range (2014-11-22, wikidata)"
Killing_of_Antonio_Martin,Antonio Martin,2014-12-23,wikidata,day,United States,True,include,"in range (2014-12-23, wikidata)"
Death_of_Natasha_McKenna,Natasha McKenna,2015-02-08,wikidata,day,,True,include,"in range (2015-02-08, wikidata)"
Killing_of_Antonio_Zambrano-Montes,Antonio Zambrano-Montes,2015-02-10,wikidata,day,,True,include,"in range (2015-02-10, wikidata)"
Killing_of_Charley_Leundeu_Keunang,Charley Leundeu Keunang,2015-03-01,wikidata,day,United States,False,include,"in range (2015-03-01, wikidata)"
Killing_of_Tony_Robinson,Tony Robinson,2015-03-06,wikidata,day,United States,False,include,"in range (2015-03-06, wikidata)"
Killing_of_Anthony_Hill,Anthony Hill,2015-03-09,wikidata,day,United States,True,include,"in range (2015-03-09, wikidata)"
Killing_of_Meagan_Hockaday,Meagan Hockaday,2015-03-27,registry,none,,True,include,"in range (2015-03-27, registry)"
Killing_of_Walter_Scott,Walter Scott,2015-04-04,wikidata,day,United States,True,include,"in range (2015-04-04, wikidata)"
Killing_of_Freddie_Gray,Freddie Gray,2015-04-12,wikidata,day,United States,True,include,"in range (2015-04-12, wikidata)"
Death_of_Jonathan_Sanders,Jonathan Sanders,2015-07-08,wikidata,day,,True,include,"in range (2015-07-08, wikidata)"
Death_of_Sandra_Bland,Sandra Bland,2015-07-13,wikidata,day,United States,False,include,"in range (2015-07-13, wikidata)"
Killing_of_Samuel_DuBose,Samuel DuBose,2015-07-19,wikidata,day,United States,False,include,"in range (2015-07-19, wikidata)"
Killing_of_Zachary_Hammond,Zachary Hammond,2015-07-26,wikidata,day,United States,True,include,"in range (2015-07-26, wikidata)"
Killing_of_Jeremy_McDole,Jeremy McDole,2015-09-23,wikidata,day,,True,include,"in range (2015-09-23, wikidata)"
Killing_of_Corey_Jones,Corey Jones,2015-10-18,wikidata,day,United States,True,include,"in range (2015-10-18, wikidata)"
Killing_of_Jamar_Clark,Jamar Clark,2015-11-15,wikidata,day,United States,True,include,"in range (2015-11-15, wikidata)"
Shooting_of_Daniel_Shaver,Daniel Shaver,2016-01-18,wikidata,day,United States,False,include,"in range (2016-01-18, wikidata)"
Killing_of_Dylan_Noble,Dylan Noble,2016-06-25,registry,none,,True,include,"in range (2016-06-25, registry)"
Killing_of_Alton_Sterling,Alton Sterling,2016-07-05,wikidata,day,United States,True,include,"in range (2016-07-05, wikidata)"
Killing_of_Philando_Castile,Philando Castile,2016-07-06,wikidata,day,United States,True,include,"in range (2016-07-06, wikidata)"
Micah_Xavier_Johnson,Micah Xavier Johnson,2016-07-08,wikidata,day,,True,include,"in range (2016-07-08, wikidata)"
Killing_of_Joseph_Mann,Joseph Mann,2016-07-11,registry,none,,True,include,"in range (2016-07-11, registry)"
Shooting_of_Charles_Kinsey,Charles Kinsey,2016-07-18,wikidata,day,United States,False,include,"in range (2016-07-18, wikidata)"
Killing_of_Korryn_Gaines,Korryn Gaines,2016-08-01,wikidata,day,United States,True,include,"in range (2016-08-01, wikidata)"
Killing_of_Tony_Timpa,Tony Timpa,2016-08-10,wikidata,day,,True,include,"in range (2016-08-10, wikidata)"
Killing_of_Terence_Crutcher,Terence Crutcher,2016-09-16,wikidata,day,United States,True,include,"in range (2016-09-16, wikidata)"
Killing_of_Keith_Lamont_Scott,Keith Lamont Scott,2016-09-20,wikidata,day,,True,include,"in range (2016-09-20, wikidata)"
Killing_of_Alfred_Olango,Alfred Olango,2016-09-27,wikidata,day,,True,include,"in range (2016-09-27, wikidata)"
Killing_of_Deborah_Danner,Deborah Danner,2016-10-18,registry,none,,True,include,"in range (2016-10-18, registry)"
Murder_of_Jordan_Edwards,Jordan Edwards,2017-04-29,wikidata,day,United States,True,include,"in range (2017-04-29, wikidata)"
Killing_of_Patrick_Harmon,Patrick Harmon,2017-08-13,wikidata,day,,True,include,"in range (2017-08-13, wikidata)"
Killing_of_John_Albers,John Albers,2018-01-20,registry,none,,True,include,"in range (2018-01-20, registry)"
Killing_of_Anthony_Weber,Anthony Weber,2018-02-04,wikidata,day,,False,include,"in range (2018-02-04, wikidata)"
Killing_of_Claudia_Gómez_González,Claudia Gómez González,2018-05-23,registry,none,,False,include,"in range (2018-05-23, registry)"
Killing_of_Antwon_Rose_Jr.,Antwon Rose Jr.,2018-06-19,registry,none,,False,include,"in range (2018-06-19, registry)"
Killing_of_Markeis_McGlockton,Markeis McGlockton,2018-07-19,wikidata,day,United States,False,include,"in range (2018-07-19, wikidata)"
Killing_of_Daniel_Hambrick,Daniel Hambrick,2018-07-26,registry,none,,True,include,"in range (2018-07-26, registry)"
Vanessa_Marquez,Vanessa Marquez,2018-08-30,wikidata,day,,True,include,"in range (2018-08-30, wikidata)"
Death_of_Tamla_Horsford,Tamla Horsford,2018-11-04,wikidata,day,United States,False,include,"in range (2018-11-04, wikidata)"
Killing_of_Emantic_Fitzgerald_Bradford_Jr.,Emantic Fitzgerald Bradford Jr.,2018-11-22,registry,none,,False,include,"in range (2018-11-22, registry)"
Killing_of_George_Robinson,George Robinson,2019-01-13,wikidata,day,United States,True,include,"in range (2019-01-13, wikidata)"
Killing_of_Willie_McCoy,Willie McCoy,2019-02-09,registry,none,,True,include,"in range (2019-02-09, registry)"
Killing_of_Javier_Ambler,Javier Ambler,2019-03-28,wikidata,day,,False,include,"in range (2019-03-28, wikidata)"
Killing_of_Ronald_Greene,Ronald Greene,2019-05-10,registry,none,,True,include,"in range (2019-05-10, registry)"
Murder_of_Jared_Lakey,Jared Lakey,2019-07-04,registry,none,,True,include,"in range (2019-07-04, registry)"
Killing_of_Elijah_McClain,Elijah McClain,2019-08-30,wikidata,day,United States,True,include,"in range (2019-08-30, wikidata)"
Killing_of_Atatiana_Jefferson,Atatiana Jefferson,2019-10-12,wikidata,day,United States,True,include,"in range (2019-10-12, wikidata)"
Killing_of_Alvin_Cole,Alvin Cole,2020-02-02,wikidata,day,United States,True,include,"in range (2020-02-02, wikidata)"
Murder_of_Ahmaud_Arbery,Ahmaud Arbery,2020-02-23,wikidata,day,United States,False,include,"in range (2020-02-23, wikidata)"
Killing_of_Manuel_Ellis,Manuel Ellis,2020-03-03,wikidata,day,,False,include,"in range (2020-03-03, wikidata)"
Killing_of_Duncan_Lemp,Duncan Lemp,2020-03-12,wikidata,day,United States,False,include,"in range (2020-03-12, wikidata)"
Killing_of_Breonna_Taylor,Breonna Taylor,2020-03-13,wikidata,day,United States,True,include,"in range (2020-03-13, wikidata)"
Killing_of_Daniel_Prude,Daniel Prude,2020-03-23,wikidata,day,United States,False,include,"in range (2020-03-23, wikidata)"
Killing_of_Nina_Pop,Nina Pop,2020-05-03,wikidata,day,United States,False,include,"in range (2020-05-03, wikidata)"
Killing_of_Bernardo_Palacios-Carbajal,Bernardo Palacios-Carbajal,2020-05-23,wikidata,day,United States,True,include,"in range (2020-05-23, wikidata)"
George_Floyd,George Floyd,2020-05-25,wikidata,day,,True,include,"in range (2020-05-25, wikidata)"
Killing_of_Dion_Johnson,Dion Johnson,2020-05-25,wikidata,day,,True,include,"in range (2020-05-25, wikidata)"
Murder_of_George_Floyd,George Floyd,2020-05-25,wikidata,day,United States,True,include,"in range (2020-05-25, wikidata)"
Killing_of_Tony_McDade,Tony McDade,2020-05-27,wikidata,day,United States,False,include,"in range (2020-05-27, wikidata)"
Killing_of_James_Scurlock,James Scurlock,2020-05-30,wikidata,day,United States,False,include,"in range (2020-05-30, wikidata)"
Killing_of_David_McAtee,David McAtee,2020-06-01,wikidata,day,United States,True,include,"in range (2020-06-01, wikidata)"
Killing_of_Sean_Monterrosa,Sean Monterrosa,2020-06-02,wikidata,day,United States,True,include,"in range (2020-06-02, wikidata)"
Killing_of_Carlos_Carson,Carlos Carson,2020-06-06,wikidata,day,United States,False,include,"in range (2020-06-06, wikidata)"
Killing_of_Rayshard_Brooks,Rayshard Brooks,2020-06-12,wikidata,day,United States,True,include,"in range (2020-06-12, wikidata)"
Killing_of_Andres_Guardado,Andres Guardado,2020-06-18,wikidata,day,,True,include,"in range (2020-06-18, wikidata)"
Killing_of_Julian_Lewis,Julian Lewis,2020-08-07,wikidata,day,United States,False,include,"in range (2020-08-07, wikidata)"
Shooting_of_Jacob_Blake,Jacob Blake,2020-08-23,wikidata,day,United States,False,include,"in range (2020-08-23, wikidata)"
Killing_of_Dijon_Kizzee,Dijon Kizzee,2020-08-31,wikidata,day,,True,include,"in range (2020-08-31, wikidata)"
Killing_of_Marcellis_Stinnette,Marcellis Stinnette,2020-10-20,wikidata,day,United States,True,include,"in range (2020-10-20, wikidata)"
Killing_of_Walter_Wallace,Walter Wallace,2020-10-26,registry,none,,False,include,"in range (2020-10-26, registry)"
Killing_of_Casey_Goodson,Casey Goodson,2020-12-04,registry,none,,False,include,"in range (2020-12-04, registry)"
Murder_of_Andre_Hill,Andre Hill,2020-12-22,wikidata,day,United States,False,include,"in range (2020-12-22, wikidata)"
Killing_of_Angelo_Quinto,Angelo Quinto,2020-12-23,registry,none,,True,include,"in range (2020-12-23, registry)"
Killing_of_Christian_Hall,Christian Hall,2020-12-30,wikidata,day,United States,True,include,"in range (2020-12-30, wikidata)"
Killing_of_Dolal_Idd,Dolal Idd,2020-12-30,wikidata,day,United States,True,include,"in range (2020-12-30, wikidata)"
Death_of_Marvin_Scott,Marvin Scott,2021-03-14,wikidata,day,,False,include,"in range (2021-03-14, wikidata)"
Killing_of_Adam_Toledo,Adam Toledo,2021-03-29,wikidata,day,United States,True,include,"in range (2021-03-29, wikidata)"
Killing_of_Anthony_Alvarez,Anthony Alvarez,2021-03-31,wikidata,day,United States,True,include,"in range (2021-03-31, wikidata)"
Killing_of_Daunte_Wright,Daunte Wright,2021-04-11,wikidata,day,United States,True,include,"in range (2021-04-11, wikidata)"
Killing_of_Lindani_Myeni,Lindani Myeni,2021-04-13,registry,none,,True,include,"in range (2021-04-13, registry)"
Death_of_Mario_Gonzalez,Mario Gonzalez,2021-04-19,wikidata,day,United States,True,include,"in range (2021-04-19, wikidata)"
Killing_of_Ma'Khia_Bryant,Ma'Khia Bryant,2021-04-20,wikidata,day,United States,True,include,"in range (2021-04-20, wikidata)"
Killing_of_Andrew_Brown_Jr.,Andrew Brown Jr.,2021-04-21,wikidata,day,United States,False,include,"in range (2021-04-21, wikidata)"
Killing_of_Winston_Boogie_Smith,Winston Boogie Smith,2021-06-03,wikidata,day,United States,False,include,"in range (2021-06-03, wikidata)"
Killing_of_Deona_Marie_Knajdek,Deona Marie Knajdek,2021-06-13,wikidata,day,United States,False,include,"in range (2021-06-13, wikidata)"
Killing_of_Leneal_Frazier,Leneal Frazier,2021-07-06,wikidata,day,United States,False,include,"in range (2021-07-06, wikidata)"
Killing_of_Guillermo_Sanchez_and_Guillardo_Sanchez,Guillermo Sanchez and Guillardo Sanchez,2021-10-06,registry,none,United States,False,include,"in range (2021-10-06, registry)"
Killing_of_Richard_Lee_Richards,Richard Lee Richards,2021-11-29,registry,none,,True,include,"in range (2021-11-29, registry)"
Killing_of_Amir_Locke,Amir Locke,2022-02-02,registry,none,United States,True,include,"in range (2022-02-02, registry)"
Killing_of_Patrick_Lyoya,Patrick Lyoya,2022-04-04,registry,none,,True,include,"in range (2022-04-04, registry)"
Gonzalo_Lopez,Gonzalo Lopez,2022-06-02,wikidata,day,,True,include,"in range (2022-06-02, wikidata)"
Killing_of_Jayland_Walker,Jayland Walker,2022-06-27,wikidata,day,United States,True,include,"in range (2022-06-27, wikidata)"
Killing_of_Donovan_Lewis,Donovan Lewis,2022-08-30,registry,none,,True,include,"in range (2022-08-30, registry)"
Killing_of_Savannah_Graziano,Savannah Graziano,2022-09-27,registry,none,,True,include,"in range (2022-09-27, registry)"
Death_of_Keenan_Anderson,Keenan Anderson,2023-01-03,registry,none,,True,include,"in range (2023-01-03, registry)"
Killing_of_Sayed_Faisal,Sayed Faisal,2023-01-04,registry,none,United States,True,include,"in range (2023-01-04, registry)"
Killing_of_Tyre_Nichols,Tyre Nichols,2023-01-10,wikidata,day,United States,True,include,"in range (2023-01-10, wikidata)"
Killing_of_Ricky_Cobb_II,Ricky Cobb II,2023-07-31,wikidata,day,United States,True,include,"in range (2023-07-31, wikidata)"
Killing_of_Eddie_Irizarry,Eddie Irizarry,2023-08-14,registry,none,,True,include,"in range (2023-08-14, registry)"
Killing_of_Dhal_Apet_and_Lueth_Mo,Dhal Apet and Lueth Mo,2023-09-06,registry,none,,False,include,"in range (2023-09-06, registry)"
Killing_of_Nyah_Mway,Nyah Mway,2024-06-28,registry,none,,True,include,"in range (2024-06-28, registry)"
Killing_of_Kevin_Mullins,Kevin Mullins,2024-09-19,wikidata,day,United States,True,include,"in range (2024-09-19, wikidata)"
