date,component,value
2015-07-01,wiki_ext,9545
2015-07-02,wiki_ext,9684
2015-07-03,wiki_ext,8089
2015-07-04,wiki_ext,6651
2015-07-05,wiki_ext,8525
2015-07-06,wiki_ext,7851
2015-07-07,wiki_ext,7416
2015-07-08,wiki_ext,8760
2015-07-09,wiki_ext,9785
2015-07-10,wiki_ext,8590
2015-07-11,wiki_ext,8213
2015-07-12,wiki_ext,8051
2015-07-13,wiki_ext,17341
2015-07-14,wiki_ext,25408
2015-07-15,wiki_ext,12873
2015-07-16,wiki_ext,9515
2015-07-17,wiki_ext,15195
2015-07-18,wiki_ext,12877
2015-07-19,wiki_ext,10308
2015-07-20,wiki_ext,9732
2015-07-21,wiki_ext,12607
2015-07-22,wiki_ext,70755
2015-07-23,wiki_ext,154538
2015-07-24,wiki_ext,264560
2015-07-25,wiki_ext,127282
2015-07-26,wiki_ext,128056
2015-07-27,wiki_ext,120421
2015-07-28,wiki_ext,103525
2015-07-29,wiki_ext,102742
2015-07-30,wiki_ext,76333
2015-07-31,wiki_ext,45657
2015-08-01,wiki_ext,32360
2015-08-02,wiki_ext,24861
2015-08-03,wiki_ext,25768
2015-08-04,wiki_ext,34441
2015-08-05,wiki_ext,23416
2015-08-06,wiki_ext,20569
2015-08-07,wiki_ext,18890
2015-08-08,wiki_ext,21363
2015-08-09,wiki_ext,52878
2015-08-10,wiki_ext,72083
2015-08-11,wiki_ext,54191
2015-08-12,wiki_ext,31865
2015-08-13,wiki_ext,23171
2015-08-14,wiki_ext,30797
2015-08-15,wiki_ext,17573
2015-08-16,wiki_ext,17061
2015-08-17,wiki_ext,18845
2015-08-18,wiki_ext,18856
2015-08-19,wiki_ext,17887
2015-08-20,wiki_ext,16548
2015-08-21,wiki_ext,13600
2015-08-22,wiki_ext,13130
2015-08-23,wiki_ext,24143
2015-08-24,wiki_ext,23520
2015-08-25,wiki_ext,17596
2015-08-26,wiki_ext,17264
2015-08-27,wiki_ext,18868
2015-08-28,wiki_ext,15186
2015-08-29,wiki_ext,13765
2015-08-30,wiki_ext,15329
2015-08-31,wiki_ext,17035
2015-09-01,wiki_ext,18656
2015-09-02,wiki_ext,29104
2015-09-03,wiki_ext,22047
2015-09-04,wiki_ext,14126
2015-09-05,wiki_ext,10644
2015-09-06,wiki_ext,10246
2015-09-07,wiki_ext,11184
2015-09-08,wiki_ext,28394
2015-09-09,wiki_ext,27361
2015-09-10,wiki_ext,23075
2015-09-11,wiki_ext,23855
2015-09-12,wiki_ext,11393
2015-09-13,wiki_ext,11820
2015-09-14,wiki_ext,12956
2015-09-15,wiki_ext,14592
2015-09-16,wiki_ext,12427
2015-09-17,wiki_ext,11785
2015-09-18,wiki_ext,10920
2015-09-19,wiki_ext,7688
2015-09-20,wiki_ext,9083
2015-09-21,wiki_ext,11967
2015-09-22,wiki_ext,10618
2015-09-23,wiki_ext,10897
2015-09-24,wiki_ext,10372
2015-09-25,wiki_ext,8895
2015-09-26,wiki_ext,7418
2015-09-27,wiki_ext,7952
2015-09-28,wiki_ext,10727
2015-09-29,wiki_ext,15458
2015-09-30,wiki_ext,12978
2015-10-01,wiki_ext,11211
2015-10-02,wiki_ext,9504
2015-10-03,wiki_ext,7514
2015-10-04,wiki_ext,9083
2015-10-05,wiki_ext,10589
2015-10-06,wiki_ext,10676
2015-10-07,wiki_ext,10246
2015-10-08,wiki_ext,11296
2015-10-09,wiki_ext,16769
2015-10-10,wiki_ext,9134
2015-10-11,wiki_ext,20449
2015-10-12,wiki_ext,19344
2015-10-13,wiki_ext,14916
2015-10-14,wiki_ext,16497
2015-10-15,wiki_ext,15770
2015-10-16,wiki_ext,26295
2015-10-17,wiki_ext,11927
2015-10-18,wiki_ext,10127
2015-10-19,wiki_ext,11926
2015-10-20,wiki_ext,11166
2015-10-21,wiki_ext,12384
2015-10-22,wiki_ext,11889
2015-10-23,wiki_ext,13106
2015-10-24,wiki_ext,10474
2015-10-25,wiki_ext,8718
2015-10-26,wiki_ext,11738
2015-10-27,wiki_ext,15997
2015-10-28,wiki_ext,19135
2015-10-29,wiki_ext,16355
2015-10-30,wiki_ext,13410
2015-10-31,wiki_ext,8198
2015-11-01,wiki_ext,9221
2015-11-02,wiki_ext,11915
2015-11-03,wiki_ext,12421
2015-11-04,wiki_ext,12953
2015-11-05,wiki_ext,13066
2015-11-06,wiki_ext,10589
2015-11-07,wiki_ext,11763
2015-11-08,wiki_ext,11541
2015-11-09,wiki_ext,17035
2015-11-10,wiki_ext,13953
2015-11-11,wiki_ext,15262
2015-11-12,wiki_ext,14015
2015-11-13,wiki_ext,12039
2015-11-14,wiki_ext,8396
2015-11-15,wiki_ext,10220
2015-11-16,wiki_ext,13305
2015-11-17,wiki_ext,14199
2015-11-18,wiki_ext,13532
2015-11-19,wiki_ext,14368
2015-11-20,wiki_ext,13049
2015-11-21,wiki_ext,10803
2015-11-22,wiki_ext,12162
2015-11-23,wiki_ext,16807
2015-11-24,wiki_ext,18415
2015-11-25,wiki_ext,43789
2015-11-26,wiki_ext,23743
2015-11-27,wiki_ext,14354
2015-11-28,wiki_ext,16377
2015-11-29,wiki_ext,16461
2015-11-30,wiki_ext,26879
2015-12-01,wiki_ext,28941
2015-12-02,wiki_ext,31187
2015-12-03,wiki_ext,20890
2015-12-04,wiki_ext,17173
2015-12-05,wiki_ext,12600
2015-12-06,wiki_ext,12941
2015-12-07,wiki_ext,18177
2015-12-08,wiki_ext,15711
2015-12-09,wiki_ext,18299
2015-12-10,wiki_ext,17290
2015-12-11,wiki_ext,15110
2015-12-12,wiki_ext,11141
2015-12-13,wiki_ext,10222
2015-12-14,wiki_ext,15946
2015-12-15,wiki_ext,20434
2015-12-16,wiki_ext,52730
2015-12-17,wiki_ext,53853
2015-12-18,wiki_ext,15452
2015-12-19,wiki_ext,9420
2015-12-20,wiki_ext,8960
2015-12-21,wiki_ext,11407
2015-12-22,wiki_ext,53913
2015-12-23,wiki_ext,53541
2015-12-24,wiki_ext,27902
2015-12-25,wiki_ext,13091
2015-12-26,wiki_ext,11526
2015-12-27,wiki_ext,14661
2015-12-28,wiki_ext,62153
2015-12-29,wiki_ext,117398
2015-12-30,wiki_ext,89575
2015-12-31,wiki_ext,56737
2016-01-01,wiki_ext,27958
2016-01-02,wiki_ext,29515
2016-01-03,wiki_ext,27822
2016-01-04,wiki_ext,23760
2016-01-05,wiki_ext,22865
2016-01-06,wiki_ext,23439
2016-01-07,wiki_ext,37075
2016-01-08,wiki_ext,27398
2016-01-09,wiki_ext,16082
2016-01-10,wiki_ext,16981
2016-01-11,wiki_ext,19657
2016-01-12,wiki_ext,15286
2016-01-13,wiki_ext,13484
2016-01-14,wiki_ext,12049
2016-01-15,wiki_ext,11192
2016-01-16,wiki_ext,8681
2016-01-17,wiki_ext,8993
2016-01-18,wiki_ext,19356
2016-01-19,wiki_ext,17400
2016-01-20,wiki_ext,16996
2016-01-21,wiki_ext,15452
2016-01-22,wiki_ext,12712
2016-01-23,wiki_ext,10021
2016-01-24,wiki_ext,11035
2016-01-25,wiki_ext,18588
2016-01-26,wiki_ext,14261
2016-01-27,wiki_ext,13655
2016-01-28,wiki_ext,13748
2016-01-29,wiki_ext,12588
2016-01-30,wiki_ext,12216
2016-01-31,wiki_ext,10625
2016-02-01,wiki_ext,12006
2016-02-02,wiki_ext,12356
2016-02-03,wiki_ext,12138
2016-02-04,wiki_ext,12182
2016-02-05,wiki_ext,10090
2016-02-06,wiki_ext,8339
2016-02-07,wiki_ext,15482
2016-02-08,wiki_ext,19368
2016-02-09,wiki_ext,17949
2016-02-10,wiki_ext,17951
2016-02-11,wiki_ext,29217
2016-02-12,wiki_ext,68172
2016-02-13,wiki_ext,33312
2016-02-14,wiki_ext,21458
2016-02-15,wiki_ext,18331
2016-02-16,wiki_ext,19996
2016-02-17,wiki_ext,21958
2016-02-18,wiki_ext,20108
2016-02-19,wiki_ext,19388
2016-02-20,wiki_ext,21085
2016-02-21,wiki_ext,31560
2016-02-22,wiki_ext,24571
2016-02-23,wiki_ext,24212
2016-02-24,wiki_ext,23702
2016-02-25,wiki_ext,24520
2016-02-26,wiki_ext,19567
2016-02-27,wiki_ext,14444
2016-02-28,wiki_ext,14187
2016-02-29,wiki_ext,16531
2016-03-01,wiki_ext,17190
2016-03-02,wiki_ext,15563
2016-03-03,wiki_ext,20052
2016-03-04,wiki_ext,15298
2016-03-05,wiki_ext,10002
2016-03-06,wiki_ext,10759
2016-03-07,wiki_ext,14796
2016-03-08,wiki_ext,15183
2016-03-09,wiki_ext,14494
2016-03-10,wiki_ext,13065
2016-03-11,wiki_ext,11098
2016-03-12,wiki_ext,9714
2016-03-13,wiki_ext,10611
2016-03-14,wiki_ext,14100
2016-03-15,wiki_ext,13312
2016-03-16,wiki_ext,14817
2016-03-17,wiki_ext,13290
2016-03-18,wiki_ext,10490
2016-03-19,wiki_ext,8478
2016-03-20,wiki_ext,10325
2016-03-21,wiki_ext,11680
2016-03-22,wiki_ext,11933
2016-03-23,wiki_ext,12251
2016-03-24,wiki_ext,12339
2016-03-25,wiki_ext,10127
2016-03-26,wiki_ext,9292
2016-03-27,wiki_ext,9532
2016-03-28,wiki_ext,12333
2016-03-29,wiki_ext,11725
2016-03-30,wiki_ext,21362
2016-03-31,wiki_ext,19263
2016-04-01,wiki_ext,12402
2016-04-02,wiki_ext,8634
2016-04-03,wiki_ext,8490
2016-04-04,wiki_ext,11181
2016-04-05,wiki_ext,12074
2016-04-06,wiki_ext,11955
2016-04-07,wiki_ext,12016
2016-04-08,wiki_ext,11308
2016-04-09,wiki_ext,8415
2016-04-10,wiki_ext,9603
2016-04-11,wiki_ext,12984
2016-04-12,wiki_ext,15490
2016-04-13,wiki_ext,14695
2016-04-14,wiki_ext,15032
2016-04-15,wiki_ext,12374
2016-04-16,wiki_ext,8591
2016-04-17,wiki_ext,10044
2016-04-18,wiki_ext,14009
2016-04-19,wiki_ext,21564
2016-04-20,wiki_ext,19334
2016-04-21,wiki_ext,16729
2016-04-22,wiki_ext,13472
2016-04-23,wiki_ext,9383
2016-04-24,wiki_ext,12452
2016-04-25,wiki_ext,30466
2016-04-26,wiki_ext,24996
2016-04-27,wiki_ext,17356
2016-04-28,wiki_ext,17302
2016-04-29,wiki_ext,15322
2016-04-30,wiki_ext,11334
2016-05-01,wiki_ext,10589
2016-05-02,wiki_ext,12035
2016-05-03,wiki_ext,11615
2016-05-04,wiki_ext,11753
2016-05-05,wiki_ext,11854
2016-05-06,wiki_ext,9618
2016-05-07,wiki_ext,7875
2016-05-08,wiki_ext,7681
2016-05-09,wiki_ext,11109
2016-05-10,wiki_ext,19691
2016-05-11,wiki_ext,18927
2016-05-12,wiki_ext,17899
2016-05-13,wiki_ext,14057
2016-05-14,wiki_ext,8843
2016-05-15,wiki_ext,9472
2016-05-16,wiki_ext,11152
2016-05-17,wiki_ext,11417
2016-05-18,wiki_ext,11799
2016-05-19,wiki_ext,11014
2016-05-20,wiki_ext,11090
2016-05-21,wiki_ext,8266
2016-05-22,wiki_ext,8638
2016-05-23,wiki_ext,88287
2016-05-24,wiki_ext,43352
2016-05-25,wiki_ext,18785
2016-05-26,wiki_ext,12923
2016-05-27,wiki_ext,10282
2016-05-28,wiki_ext,7152
2016-05-29,wiki_ext,8073
2016-05-30,wiki_ext,8817
2016-05-31,wiki_ext,10696
2016-06-01,wiki_ext,15002
2016-06-02,wiki_ext,13680
2016-06-03,wiki_ext,11216
2016-06-04,wiki_ext,8447
2016-06-05,wiki_ext,9203
2016-06-06,wiki_ext,12404
2016-06-07,wiki_ext,11770
2016-06-08,wiki_ext,10103
2016-06-09,wiki_ext,11634
2016-06-10,wiki_ext,9615
2016-06-11,wiki_ext,7057
2016-06-12,wiki_ext,7911
2016-06-13,wiki_ext,7944
2016-06-14,wiki_ext,9282
2016-06-15,wiki_ext,9506
2016-06-16,wiki_ext,8695
2016-06-17,wiki_ext,7260
2016-06-18,wiki_ext,7412
2016-06-19,wiki_ext,9447
2016-06-20,wiki_ext,11553
2016-06-21,wiki_ext,17355
2016-06-22,wiki_ext,11693
2016-06-23,wiki_ext,47779
2016-06-24,wiki_ext,29130
2016-06-25,wiki_ext,17951
2016-06-26,wiki_ext,16892
2016-06-27,wiki_ext,43890
2016-06-28,wiki_ext,33510
2016-06-29,wiki_ext,19181
2016-06-30,wiki_ext,16169
2016-07-01,wiki_ext,15399
2016-07-02,wiki_ext,12587
2016-07-03,wiki_ext,10631
2016-07-04,wiki_ext,10611
2016-07-05,wiki_ext,14977
2016-07-06,wiki_ext,90799
2016-07-07,wiki_ext,241438
2016-07-08,wiki_ext,327440
2016-07-09,wiki_ext,190753
2016-07-10,wiki_ext,132708
2016-07-11,wiki_ext,122899
2016-07-12,wiki_ext,102039
2016-07-13,wiki_ext,108932
2016-07-14,wiki_ext,108107
2016-07-15,wiki_ext,70016
2016-07-16,wiki_ext,42306
2016-07-17,wiki_ext,67602
2016-07-18,wiki_ext,119325
2016-07-19,wiki_ext,66262
2016-07-20,wiki_ext,43616
2016-07-21,wiki_ext,43792
2016-07-22,wiki_ext,36421
2016-07-23,wiki_ext,25974
2016-07-24,wiki_ext,26840
2016-07-25,wiki_ext,23801
2016-07-26,wiki_ext,28484
2016-07-27,wiki_ext,130395
2016-07-28,wiki_ext,52382
2016-07-29,wiki_ext,27475
2016-07-30,wiki_ext,20162
2016-07-31,wiki_ext,18137
2016-08-01,wiki_ext,17814
2016-08-02,wiki_ext,21649
2016-08-03,wiki_ext,17779
2016-08-04,wiki_ext,18957
2016-08-05,wiki_ext,20645
2016-08-06,wiki_ext,15694
2016-08-07,wiki_ext,12552
2016-08-08,wiki_ext,12235
2016-08-09,wiki_ext,17895
2016-08-10,wiki_ext,20290
2016-08-11,wiki_ext,14231
2016-08-12,wiki_ext,11220
2016-08-13,wiki_ext,9263
2016-08-14,wiki_ext,13664
2016-08-15,wiki_ext,17140
2016-08-16,wiki_ext,15762
2016-08-17,wiki_ext,14666
2016-08-18,wiki_ext,16548
2016-08-19,wiki_ext,14643
2016-08-20,wiki_ext,12973
2016-08-21,wiki_ext,12767
2016-08-22,wiki_ext,12024
2016-08-23,wiki_ext,12167
2016-08-24,wiki_ext,12765
2016-08-25,wiki_ext,12376
2016-08-26,wiki_ext,10118
2016-08-27,wiki_ext,8927
2016-08-28,wiki_ext,11352
2016-08-29,wiki_ext,18811
2016-08-30,wiki_ext,20230
2016-08-31,wiki_ext,25901
2016-09-01,wiki_ext,19667
2016-09-02,wiki_ext,17242
2016-09-03,wiki_ext,11748
2016-09-04,wiki_ext,11681
2016-09-05,wiki_ext,12765
2016-09-06,wiki_ext,14598
2016-09-07,wiki_ext,15472
2016-09-08,wiki_ext,15076
2016-09-09,wiki_ext,12843
2016-09-10,wiki_ext,9821
2016-09-11,wiki_ext,10790
2016-09-12,wiki_ext,17624
2016-09-13,wiki_ext,17398
2016-09-14,wiki_ext,15560
2016-09-15,wiki_ext,40176
2016-09-16,wiki_ext,23708
2016-09-17,wiki_ext,12939
2016-09-18,wiki_ext,12410
2016-09-19,wiki_ext,16893
2016-09-20,wiki_ext,49759
2016-09-21,wiki_ext,58113
2016-09-22,wiki_ext,87570
2016-09-23,wiki_ext,85818
2016-09-24,wiki_ext,57594
2016-09-25,wiki_ext,47457
2016-09-26,wiki_ext,38586
2016-09-27,wiki_ext,27383
2016-09-28,wiki_ext,27644
2016-09-29,wiki_ext,28022
2016-09-30,wiki_ext,21986
2016-10-01,wiki_ext,16867
2016-10-02,wiki_ext,16532
2016-10-03,wiki_ext,20383
2016-10-04,wiki_ext,21676
2016-10-05,wiki_ext,27316
2016-10-06,wiki_ext,19240
2016-10-07,wiki_ext,15917
2016-10-08,wiki_ext,11611
2016-10-09,wiki_ext,13128
2016-10-10,wiki_ext,13564
2016-10-11,wiki_ext,14968
2016-10-12,wiki_ext,17404
2016-10-13,wiki_ext,17238
2016-10-14,wiki_ext,13207
2016-10-15,wiki_ext,10093
2016-10-16,wiki_ext,11041
2016-10-17,wiki_ext,14142
2016-10-18,wiki_ext,15196
2016-10-19,wiki_ext,14029
2016-10-20,wiki_ext,12557
2016-10-21,wiki_ext,12203
2016-10-22,wiki_ext,11903
2016-10-23,wiki_ext,11450
2016-10-24,wiki_ext,14972
2016-10-25,wiki_ext,14931
2016-10-26,wiki_ext,14994
2016-10-27,wiki_ext,15979
2016-10-28,wiki_ext,15107
2016-10-29,wiki_ext,10450
2016-10-30,wiki_ext,10836
2016-10-31,wiki_ext,16253
2016-11-01,wiki_ext,13824
2016-11-02,wiki_ext,17048
2016-11-03,wiki_ext,18986
2016-11-04,wiki_ext,16860
2016-11-05,wiki_ext,10920
2016-11-06,wiki_ext,13418
2016-11-07,wiki_ext,15758
2016-11-08,wiki_ext,14743
2016-11-09,wiki_ext,14039
2016-11-10,wiki_ext,16550
2016-11-11,wiki_ext,15106
2016-11-12,wiki_ext,17233
2016-11-13,wiki_ext,16073
2016-11-14,wiki_ext,16209
2016-11-15,wiki_ext,15804
2016-11-16,wiki_ext,36993
2016-11-17,wiki_ext,24632
2016-11-18,wiki_ext,13348
2016-11-19,wiki_ext,8733
2016-11-20,wiki_ext,9782
2016-11-21,wiki_ext,12766
2016-11-22,wiki_ext,14087
2016-11-23,wiki_ext,13368
2016-11-24,wiki_ext,9401
2016-11-25,wiki_ext,9651
2016-11-26,wiki_ext,9218
2016-11-27,wiki_ext,9616
2016-11-28,wiki_ext,13309
2016-11-29,wiki_ext,14924
2016-11-30,wiki_ext,45409
2016-12-01,wiki_ext,25917
2016-12-02,wiki_ext,28183
2016-12-03,wiki_ext,27215
2016-12-04,wiki_ext,15220
2016-12-05,wiki_ext,36013
2016-12-06,wiki_ext,46389
2016-12-07,wiki_ext,22151
2016-12-08,wiki_ext,19338
2016-12-09,wiki_ext,18131
2016-12-10,wiki_ext,12681
2016-12-11,wiki_ext,11262
2016-12-12,wiki_ext,13237
2016-12-13,wiki_ext,12167
2016-12-14,wiki_ext,12352
2016-12-15,wiki_ext,12783
2016-12-16,wiki_ext,11523
2016-12-17,wiki_ext,7328
2016-12-18,wiki_ext,7690
2016-12-19,wiki_ext,9740
2016-12-20,wiki_ext,8620
2016-12-21,wiki_ext,7992
2016-12-22,wiki_ext,8116
2016-12-23,wiki_ext,7407
2016-12-24,wiki_ext,6160
2016-12-25,wiki_ext,5193
2016-12-26,wiki_ext,5992
2016-12-27,wiki_ext,7175
2016-12-28,wiki_ext,9102
2016-12-29,wiki_ext,8063
2016-12-30,wiki_ext,7567
2016-12-31,wiki_ext,7390
2017-01-01,wiki_ext,7130
2017-01-02,wiki_ext,9788
2017-01-03,wiki_ext,9136
2017-01-04,wiki_ext,8984
2017-01-05,wiki_ext,11538
2017-01-06,wiki_ext,11163
2017-01-07,wiki_ext,9006
2017-01-08,wiki_ext,9136
2017-01-09,wiki_ext,9302
2017-01-10,wiki_ext,11946
2017-01-11,wiki_ext,15757
2017-01-12,wiki_ext,13097
2017-01-13,wiki_ext,13700
2017-01-14,wiki_ext,11340
2017-01-15,wiki_ext,10107
2017-01-16,wiki_ext,9998
2017-01-17,wiki_ext,10772
2017-01-18,wiki_ext,11341
2017-01-19,wiki_ext,11564
2017-01-20,wiki_ext,9581
2017-01-21,wiki_ext,19828
2017-01-22,wiki_ext,11817
2017-01-23,wiki_ext,11428
2017-01-24,wiki_ext,11799
2017-01-25,wiki_ext,11507
2017-01-26,wiki_ext,10442
2017-01-27,wiki_ext,9024
2017-01-28,wiki_ext,7697
2017-01-29,wiki_ext,7801
2017-01-30,wiki_ext,9519
2017-01-31,wiki_ext,9937
2017-02-01,wiki_ext,10492
2017-02-02,wiki_ext,10539
2017-02-03,wiki_ext,10105
2017-02-04,wiki_ext,8973
2017-02-05,wiki_ext,9207
2017-02-06,wiki_ext,9878
2017-02-07,wiki_ext,28967
2017-02-08,wiki_ext,49107
2017-02-09,wiki_ext,15549
2017-02-10,wiki_ext,11725
2017-02-11,wiki_ext,9101
2017-02-12,wiki_ext,10178
2017-02-13,wiki_ext,11936
2017-02-14,wiki_ext,10366
2017-02-15,wiki_ext,10365
2017-02-16,wiki_ext,10751
2017-02-17,wiki_ext,9226
2017-02-18,wiki_ext,7984
2017-02-19,wiki_ext,9366
2017-02-20,wiki_ext,9696
2017-02-21,wiki_ext,11539
2017-02-22,wiki_ext,10743
2017-02-23,wiki_ext,11228
2017-02-24,wiki_ext,10194
2017-02-25,wiki_ext,8439
2017-02-26,wiki_ext,9370
2017-02-27,wiki_ext,11769
2017-02-28,wiki_ext,11955
2017-03-01,wiki_ext,11313
2017-03-02,wiki_ext,11287
2017-03-03,wiki_ext,9354
2017-03-04,wiki_ext,7349
2017-03-05,wiki_ext,8087
2017-03-06,wiki_ext,10242
2017-03-07,wiki_ext,11101
2017-03-08,wiki_ext,9959
2017-03-09,wiki_ext,12441
2017-03-10,wiki_ext,12868
2017-03-11,wiki_ext,7328
2017-03-12,wiki_ext,18095
2017-03-13,wiki_ext,29695
2017-03-14,wiki_ext,20229
2017-03-15,wiki_ext,15919
2017-03-16,wiki_ext,12045
2017-03-17,wiki_ext,9781
2017-03-18,wiki_ext,7333
2017-03-19,wiki_ext,8070
2017-03-20,wiki_ext,10657
2017-03-21,wiki_ext,11015
2017-03-22,wiki_ext,10414
2017-03-23,wiki_ext,10477
2017-03-24,wiki_ext,11431
2017-03-25,wiki_ext,7501
2017-03-26,wiki_ext,9265
2017-03-27,wiki_ext,10716
2017-03-28,wiki_ext,10337
2017-03-29,wiki_ext,10056
2017-03-30,wiki_ext,9719
2017-03-31,wiki_ext,8510
2017-04-01,wiki_ext,6634
2017-04-02,wiki_ext,11462
2017-04-03,wiki_ext,13446
2017-04-04,wiki_ext,10566
2017-04-05,wiki_ext,13140
2017-04-06,wiki_ext,13055
2017-04-07,wiki_ext,8908
2017-04-08,wiki_ext,6786
2017-04-09,wiki_ext,7062
2017-04-10,wiki_ext,8935
2017-04-11,wiki_ext,10214
2017-04-12,wiki_ext,10330
2017-04-13,wiki_ext,10548
2017-04-14,wiki_ext,7839
2017-04-15,wiki_ext,6415
2017-04-16,wiki_ext,8315
2017-04-17,wiki_ext,10158
2017-04-18,wiki_ext,10343
2017-04-19,wiki_ext,12265
2017-04-20,wiki_ext,10714
2017-04-21,wiki_ext,8597
2017-04-22,wiki_ext,7779
2017-04-23,wiki_ext,8861
2017-04-24,wiki_ext,12097
2017-04-25,wiki_ext,13852
2017-04-26,wiki_ext,13494
2017-04-27,wiki_ext,11913
2017-04-28,wiki_ext,9741
2017-04-29,wiki_ext,8729
2017-04-30,wiki_ext,9439
2017-05-01,wiki_ext,13837
2017-05-02,wiki_ext,32997
2017-05-03,wiki_ext,61068
2017-05-04,wiki_ext,27476
2017-05-05,wiki_ext,16921
2017-05-06,wiki_ext,17920
2017-05-07,wiki_ext,17278
2017-05-08,wiki_ext,17343
2017-05-09,wiki_ext,15204
2017-05-10,wiki_ext,13040
2017-05-11,wiki_ext,11472
2017-05-12,wiki_ext,11028
2017-05-13,wiki_ext,8862
2017-05-14,wiki_ext,10187
2017-05-15,wiki_ext,11686
2017-05-16,wiki_ext,11789
2017-05-17,wiki_ext,16338
2017-05-18,wiki_ext,30149
2017-05-19,wiki_ext,15729
2017-05-20,wiki_ext,10969
2017-05-21,wiki_ext,11363
2017-05-22,wiki_ext,11142
2017-05-23,wiki_ext,12150
2017-05-24,wiki_ext,9300
2017-05-25,wiki_ext,9831
2017-05-26,wiki_ext,7969
2017-05-27,wiki_ext,6141
2017-05-28,wiki_ext,7227
2017-05-29,wiki_ext,7753
2017-05-30,wiki_ext,20977
2017-05-31,wiki_ext,16005
2017-06-01,wiki_ext,11471
2017-06-02,wiki_ext,8930
2017-06-03,wiki_ext,7317
2017-06-04,wiki_ext,7503
2017-06-05,wiki_ext,8253
2017-06-06,wiki_ext,8779
2017-06-07,wiki_ext,8225
2017-06-08,wiki_ext,9109
2017-06-09,wiki_ext,7325
2017-06-10,wiki_ext,7085
2017-06-11,wiki_ext,6536
2017-06-12,wiki_ext,8628
2017-06-13,wiki_ext,8131
2017-06-14,wiki_ext,9143
2017-06-15,wiki_ext,8317
2017-06-16,wiki_ext,53747
2017-06-17,wiki_ext,157975
2017-06-18,wiki_ext,77281
2017-06-19,wiki_ext,53482
2017-06-20,wiki_ext,67335
2017-06-21,wiki_ext,156996
2017-06-22,wiki_ext,156303
2017-06-23,wiki_ext,110234
2017-06-24,wiki_ext,55160
2017-06-25,wiki_ext,35606
2017-06-26,wiki_ext,41742
2017-06-27,wiki_ext,29796
2017-06-28,wiki_ext,28454
2017-06-29,wiki_ext,20099
2017-06-30,wiki_ext,15178
2017-07-01,wiki_ext,11646
2017-07-02,wiki_ext,11194
2017-07-03,wiki_ext,11497
2017-07-04,wiki_ext,10936
2017-07-05,wiki_ext,11481
2017-07-06,wiki_ext,13253
2017-07-07,wiki_ext,11699
2017-07-08,wiki_ext,9529
2017-07-09,wiki_ext,9025
2017-07-10,wiki_ext,10051
2017-07-11,wiki_ext,13785
2017-07-12,wiki_ext,11017
2017-07-13,wiki_ext,10779
2017-07-14,wiki_ext,12113
2017-07-15,wiki_ext,9424
2017-07-16,wiki_ext,8358
2017-07-17,wiki_ext,15114
2017-07-18,wiki_ext,20563
2017-07-19,wiki_ext,16225
2017-07-20,wiki_ext,12320
2017-07-21,wiki_ext,13275
2017-07-22,wiki_ext,16548
2017-07-23,wiki_ext,11661
2017-07-24,wiki_ext,11744
2017-07-25,wiki_ext,10581
2017-07-26,wiki_ext,9827
2017-07-27,wiki_ext,9104
2017-07-28,wiki_ext,8649
2017-07-29,wiki_ext,8203
2017-07-30,wiki_ext,7975
2017-07-31,wiki_ext,8256
2017-08-01,wiki_ext,8662
2017-08-02,wiki_ext,10646
2017-08-03,wiki_ext,9036
2017-08-04,wiki_ext,9094
2017-08-05,wiki_ext,9037
2017-08-06,wiki_ext,9839
2017-08-07,wiki_ext,10095
2017-08-08,wiki_ext,8273
2017-08-09,wiki_ext,25291
2017-08-10,wiki_ext,15088
2017-08-11,wiki_ext,10375
2017-08-12,wiki_ext,9634
2017-08-13,wiki_ext,12921
2017-08-14,wiki_ext,11488
2017-08-15,wiki_ext,11132
2017-08-16,wiki_ext,11843
2017-08-17,wiki_ext,10612
2017-08-18,wiki_ext,8627
2017-08-19,wiki_ext,7565
2017-08-20,wiki_ext,7857
2017-08-21,wiki_ext,9896
2017-08-22,wiki_ext,7551
2017-08-23,wiki_ext,7474
2017-08-24,wiki_ext,7351
2017-08-25,wiki_ext,7741
2017-08-26,wiki_ext,6057
2017-08-27,wiki_ext,6370
2017-08-28,wiki_ext,7699
2017-08-29,wiki_ext,7517
2017-08-30,wiki_ext,7992
2017-08-31,wiki_ext,7819
2017-09-01,wiki_ext,9240
2017-09-02,wiki_ext,8568
2017-09-03,wiki_ext,8816
2017-09-04,wiki_ext,9397
2017-09-05,wiki_ext,8383
2017-09-06,wiki_ext,9317
2017-09-07,wiki_ext,8946
2017-09-08,wiki_ext,7224
2017-09-09,wiki_ext,5328
2017-09-10,wiki_ext,7454
2017-09-11,wiki_ext,10180
2017-09-12,wiki_ext,11742
2017-09-13,wiki_ext,19047
2017-09-14,wiki_ext,11361
2017-09-15,wiki_ext,14034
2017-09-16,wiki_ext,13677
2017-09-17,wiki_ext,11337
2017-09-18,wiki_ext,11975
2017-09-19,wiki_ext,11596
2017-09-20,wiki_ext,11248
2017-09-21,wiki_ext,10774
2017-09-22,wiki_ext,8782
2017-09-23,wiki_ext,8084
2017-09-24,wiki_ext,17867
2017-09-25,wiki_ext,36452
2017-09-26,wiki_ext,39845
2017-09-27,wiki_ext,30781
2017-09-28,wiki_ext,24967
2017-09-29,wiki_ext,19386
2017-09-30,wiki_ext,14270
2017-10-01,wiki_ext,13918
2017-10-02,wiki_ext,15175
2017-10-03,wiki_ext,16134
2017-10-04,wiki_ext,13296
2017-10-05,wiki_ext,13489
2017-10-06,wiki_ext,11885
2017-10-07,wiki_ext,8729
2017-10-08,wiki_ext,9380
2017-10-09,wiki_ext,12425
2017-10-10,wiki_ext,12742
2017-10-11,wiki_ext,14617
2017-10-12,wiki_ext,13103
2017-10-13,wiki_ext,14027
2017-10-14,wiki_ext,21366
2017-10-15,wiki_ext,16360
2017-10-16,wiki_ext,36168
2017-10-17,wiki_ext,46176
2017-10-18,wiki_ext,26970
2017-10-19,wiki_ext,19782
2017-10-20,wiki_ext,13905
2017-10-21,wiki_ext,10553
2017-10-22,wiki_ext,9980
2017-10-23,wiki_ext,14415
2017-10-24,wiki_ext,13070
2017-10-25,wiki_ext,11978
2017-10-26,wiki_ext,11997
2017-10-27,wiki_ext,10435
2017-10-28,wiki_ext,8423
2017-10-29,wiki_ext,10539
2017-10-30,wiki_ext,14344
2017-10-31,wiki_ext,16674
2017-11-01,wiki_ext,15173
2017-11-02,wiki_ext,11525
2017-11-03,wiki_ext,9738
2017-11-04,wiki_ext,6904
2017-11-05,wiki_ext,8472
2017-11-06,wiki_ext,11455
2017-11-07,wiki_ext,12319
2017-11-08,wiki_ext,11528
2017-11-09,wiki_ext,10464
2017-11-10,wiki_ext,8929
2017-11-11,wiki_ext,6913
2017-11-12,wiki_ext,7501
2017-11-13,wiki_ext,10351
2017-11-14,wiki_ext,10673
2017-11-15,wiki_ext,10685
2017-11-16,wiki_ext,9957
2017-11-17,wiki_ext,9480
2017-11-18,wiki_ext,6662
2017-11-19,wiki_ext,8118
2017-11-20,wiki_ext,11161
2017-11-21,wiki_ext,16013
2017-11-22,wiki_ext,21895
2017-11-23,wiki_ext,21365
2017-11-24,wiki_ext,12178
2017-11-25,wiki_ext,11951
2017-11-26,wiki_ext,12759
2017-11-27,wiki_ext,14008
2017-11-28,wiki_ext,11386
2017-11-29,wiki_ext,12479
2017-11-30,wiki_ext,13202
2017-12-01,wiki_ext,11678
2017-12-02,wiki_ext,7917
2017-12-03,wiki_ext,9239
2017-12-04,wiki_ext,15328
2017-12-05,wiki_ext,14125
2017-12-06,wiki_ext,13992
2017-12-07,wiki_ext,45229
2017-12-08,wiki_ext,197671
2017-12-09,wiki_ext,236971
2017-12-10,wiki_ext,109998
2017-12-11,wiki_ext,84998
2017-12-12,wiki_ext,51765
2017-12-13,wiki_ext,41446
2017-12-14,wiki_ext,28522
2017-12-15,wiki_ext,18243
2017-12-16,wiki_ext,13786
2017-12-17,wiki_ext,13362
2017-12-18,wiki_ext,15158
2017-12-19,wiki_ext,13106
2017-12-20,wiki_ext,11144
2017-12-21,wiki_ext,10625
2017-12-22,wiki_ext,8752
2017-12-23,wiki_ext,8472
2017-12-24,wiki_ext,7806
2017-12-25,wiki_ext,16444
2017-12-26,wiki_ext,15078
2017-12-27,wiki_ext,10196
2017-12-28,wiki_ext,24817
2017-12-29,wiki_ext,20007
2017-12-30,wiki_ext,64418
2017-12-31,wiki_ext,51680
2018-01-01,wiki_ext,18238
2018-01-02,wiki_ext,18871
2018-01-03,wiki_ext,20725
2018-01-04,wiki_ext,15319
2018-01-05,wiki_ext,11266
2018-01-06,wiki_ext,9338
2018-01-07,wiki_ext,9292
2018-01-08,wiki_ext,10127
2018-01-09,wiki_ext,11705
2018-01-10,wiki_ext,11119
2018-01-11,wiki_ext,11111
2018-01-12,wiki_ext,11422
2018-01-13,wiki_ext,8413
2018-01-14,wiki_ext,8921
2018-01-15,wiki_ext,10862
2018-01-16,wiki_ext,12488
2018-01-17,wiki_ext,13414
2018-01-18,wiki_ext,11286
2018-01-19,wiki_ext,10679
2018-01-20,wiki_ext,9536
2018-01-21,wiki_ext,10344
2018-01-22,wiki_ext,11518
2018-01-23,wiki_ext,13846
2018-01-24,wiki_ext,12621
2018-01-25,wiki_ext,10645
2018-01-26,wiki_ext,9693
2018-01-27,wiki_ext,8304
2018-01-28,wiki_ext,9567
2018-01-29,wiki_ext,10250
2018-01-30,wiki_ext,12210
2018-01-31,wiki_ext,10361
2018-02-01,wiki_ext,11223
2018-02-02,wiki_ext,11381
2018-02-03,wiki_ext,7549
2018-02-04,wiki_ext,8622
2018-02-05,wiki_ext,11496
2018-02-06,wiki_ext,19303
2018-02-07,wiki_ext,15337
2018-02-08,wiki_ext,19228
2018-02-09,wiki_ext,11433
2018-02-10,wiki_ext,8682
2018-02-11,wiki_ext,8909
2018-02-12,wiki_ext,10982
2018-02-13,wiki_ext,14579
2018-02-14,wiki_ext,11169
2018-02-15,wiki_ext,16339
2018-02-16,wiki_ext,26584
2018-02-17,wiki_ext,80761
2018-02-18,wiki_ext,54082
2018-02-19,wiki_ext,29990
2018-02-20,wiki_ext,21760
2018-02-21,wiki_ext,17442
2018-02-22,wiki_ext,29225
2018-02-23,wiki_ext,41703
2018-02-24,wiki_ext,26427
2018-02-25,wiki_ext,22286
2018-02-26,wiki_ext,20235
2018-02-27,wiki_ext,17443
2018-02-28,wiki_ext,15417
2018-03-01,wiki_ext,13585
2018-03-02,wiki_ext,12308
2018-03-03,wiki_ext,12290
2018-03-04,wiki_ext,20606
2018-03-05,wiki_ext,17630
2018-03-06,wiki_ext,14901
2018-03-07,wiki_ext,13289
2018-03-08,wiki_ext,13564
2018-03-09,wiki_ext,12331
2018-03-10,wiki_ext,10602
2018-03-11,wiki_ext,11750
2018-03-12,wiki_ext,12451
2018-03-13,wiki_ext,12792
2018-03-14,wiki_ext,12298
2018-03-15,wiki_ext,11903
2018-03-16,wiki_ext,10378
2018-03-17,wiki_ext,10304
2018-03-18,wiki_ext,10793
2018-03-19,wiki_ext,11764
2018-03-20,wiki_ext,13439
2018-03-21,wiki_ext,15168
2018-03-22,wiki_ext,17005
2018-03-23,wiki_ext,22175
2018-03-24,wiki_ext,13183
2018-03-25,wiki_ext,16084
2018-03-26,wiki_ext,16812
2018-03-27,wiki_ext,71700
2018-03-28,wiki_ext,45440
2018-03-29,wiki_ext,24369
2018-03-30,wiki_ext,24783
2018-03-31,wiki_ext,55704
2018-04-01,wiki_ext,23955
2018-04-02,wiki_ext,20128
2018-04-03,wiki_ext,17688
2018-04-04,wiki_ext,16714
2018-04-05,wiki_ext,17190
2018-04-06,wiki_ext,13210
2018-04-07,wiki_ext,10108
2018-04-08,wiki_ext,10101
2018-04-09,wiki_ext,12584
2018-04-10,wiki_ext,11372
2018-04-11,wiki_ext,11924
2018-04-12,wiki_ext,11841
2018-04-13,wiki_ext,10300
2018-04-14,wiki_ext,9687
2018-04-15,wiki_ext,11571
2018-04-16,wiki_ext,12816
2018-04-17,wiki_ext,12021
2018-04-18,wiki_ext,13667
2018-04-19,wiki_ext,13109
2018-04-20,wiki_ext,12078
2018-04-21,wiki_ext,8908
2018-04-22,wiki_ext,9398
2018-04-23,wiki_ext,12582
2018-04-24,wiki_ext,13515
2018-04-25,wiki_ext,14452
2018-04-26,wiki_ext,12984
2018-04-27,wiki_ext,12041
2018-04-28,wiki_ext,8364
2018-04-29,wiki_ext,15820
2018-04-30,wiki_ext,13175
2018-05-01,wiki_ext,12207
2018-05-02,wiki_ext,11380
2018-05-03,wiki_ext,10814
2018-05-04,wiki_ext,8997
2018-05-05,wiki_ext,7518
2018-05-06,wiki_ext,8568
2018-05-07,wiki_ext,11834
2018-05-08,wiki_ext,13496
2018-05-09,wiki_ext,11729
2018-05-10,wiki_ext,11718
2018-05-11,wiki_ext,12026
2018-05-12,wiki_ext,8954
2018-05-13,wiki_ext,10094
2018-05-14,wiki_ext,11478
2018-05-15,wiki_ext,11521
2018-05-16,wiki_ext,11945
2018-05-17,wiki_ext,12427
2018-05-18,wiki_ext,12936
2018-05-19,wiki_ext,12307
2018-05-20,wiki_ext,15976
2018-05-21,wiki_ext,20729
2018-05-22,wiki_ext,13615
2018-05-23,wiki_ext,12613
2018-05-24,wiki_ext,17653
2018-05-25,wiki_ext,13776
2018-05-26,wiki_ext,9812
2018-05-27,wiki_ext,9331
2018-05-28,wiki_ext,10897
2018-05-29,wiki_ext,10546
2018-05-30,wiki_ext,11383
2018-05-31,wiki_ext,10637
2018-06-01,wiki_ext,9976
2018-06-02,wiki_ext,8807
2018-06-03,wiki_ext,8789
2018-06-04,wiki_ext,11305
2018-06-05,wiki_ext,11248
2018-06-06,wiki_ext,12437
2018-06-07,wiki_ext,19629
2018-06-08,wiki_ext,13390
2018-06-09,wiki_ext,8668
2018-06-10,wiki_ext,8727
2018-06-11,wiki_ext,9464
2018-06-12,wiki_ext,8565
2018-06-13,wiki_ext,8579
2018-06-14,wiki_ext,7980
2018-06-15,wiki_ext,6902
2018-06-16,wiki_ext,6486
2018-06-17,wiki_ext,7105
2018-06-18,wiki_ext,8146
2018-06-19,wiki_ext,12852
2018-06-20,wiki_ext,9349
2018-06-21,wiki_ext,9493
2018-06-22,wiki_ext,10862
2018-06-23,wiki_ext,10371
2018-06-24,wiki_ext,12098
2018-06-25,wiki_ext,15547
2018-06-26,wiki_ext,19436
2018-06-27,wiki_ext,18554
2018-06-28,wiki_ext,11413
2018-06-29,wiki_ext,12314
2018-06-30,wiki_ext,10013
2018-07-01,wiki_ext,9462
2018-07-02,wiki_ext,9759
2018-07-03,wiki_ext,8767
2018-07-04,wiki_ext,7984
2018-07-05,wiki_ext,10006
2018-07-06,wiki_ext,11217
2018-07-07,wiki_ext,12419
2018-07-08,wiki_ext,11166
2018-07-09,wiki_ext,10254
2018-07-10,wiki_ext,9785
2018-07-11,wiki_ext,9715
2018-07-12,wiki_ext,9658
2018-07-13,wiki_ext,13639
2018-07-14,wiki_ext,17083
2018-07-15,wiki_ext,15761
2018-07-16,wiki_ext,15340
2018-07-17,wiki_ext,17087
2018-07-18,wiki_ext,15752
2018-07-19,wiki_ext,11461
2018-07-20,wiki_ext,9952
2018-07-21,wiki_ext,9074
2018-07-22,wiki_ext,10155
2018-07-23,wiki_ext,10424
2018-07-24,wiki_ext,10507
2018-07-25,wiki_ext,10668
2018-07-26,wiki_ext,10758
2018-07-27,wiki_ext,10176
2018-07-28,wiki_ext,8572
2018-07-29,wiki_ext,9225
2018-07-30,wiki_ext,11236
2018-07-31,wiki_ext,13868
2018-08-01,wiki_ext,11606
2018-08-02,wiki_ext,12418
2018-08-03,wiki_ext,10152
2018-08-04,wiki_ext,8493
2018-08-05,wiki_ext,15359
2018-08-06,wiki_ext,13407
2018-08-07,wiki_ext,11508
2018-08-08,wiki_ext,12491
2018-08-09,wiki_ext,16124
2018-08-10,wiki_ext,16423
2018-08-11,wiki_ext,18299
2018-08-12,wiki_ext,25080
2018-08-13,wiki_ext,22304
2018-08-14,wiki_ext,12837
2018-08-15,wiki_ext,11308
2018-08-16,wiki_ext,12034
2018-08-17,wiki_ext,12580
2018-08-18,wiki_ext,14696
2018-08-19,wiki_ext,16986
2018-08-20,wiki_ext,14945
2018-08-21,wiki_ext,14073
2018-08-22,wiki_ext,13505
2018-08-23,wiki_ext,12692
2018-08-24,wiki_ext,11151
2018-08-25,wiki_ext,9532
2018-08-26,wiki_ext,9429
2018-08-27,wiki_ext,10681
2018-08-28,wiki_ext,31909
2018-08-29,wiki_ext,36388
2018-08-30,wiki_ext,29014
2018-08-31,wiki_ext,150823
2018-09-01,wiki_ext,197972
2018-09-02,wiki_ext,57276
2018-09-03,wiki_ext,32245
2018-09-04,wiki_ext,31988
2018-09-05,wiki_ext,31670
2018-09-06,wiki_ext,24820
2018-09-07,wiki_ext,18922
2018-09-08,wiki_ext,17022
2018-09-09,wiki_ext,17419
2018-09-10,wiki_ext,19189
2018-09-11,wiki_ext,18731
2018-09-12,wiki_ext,17013
2018-09-13,wiki_ext,15227
2018-09-14,wiki_ext,15681
2018-09-15,wiki_ext,12781
2018-09-16,wiki_ext,12869
2018-09-17,wiki_ext,20667
2018-09-18,wiki_ext,26543
2018-09-19,wiki_ext,16273
2018-09-20,wiki_ext,16055
2018-09-21,wiki_ext,13197
2018-09-22,wiki_ext,9509
2018-09-23,wiki_ext,10579
2018-09-24,wiki_ext,14087
2018-09-25,wiki_ext,14513
2018-09-26,wiki_ext,13808
2018-09-27,wiki_ext,23023
2018-09-28,wiki_ext,19364
2018-09-29,wiki_ext,11810
2018-09-30,wiki_ext,11161
2018-10-01,wiki_ext,12677
2018-10-02,wiki_ext,15717
2018-10-03,wiki_ext,19046
2018-10-04,wiki_ext,32243
2018-10-05,wiki_ext,167903
2018-10-06,wiki_ext,81894
2018-10-07,wiki_ext,27003
2018-10-08,wiki_ext,23436
2018-10-09,wiki_ext,21926
2018-10-10,wiki_ext,18987
2018-10-11,wiki_ext,18961
2018-10-12,wiki_ext,19946
2018-10-13,wiki_ext,12355
2018-10-14,wiki_ext,16258
2018-10-15,wiki_ext,15162
2018-10-16,wiki_ext,14474
2018-10-17,wiki_ext,16100
2018-10-18,wiki_ext,13530
2018-10-19,wiki_ext,12095
2018-10-20,wiki_ext,9653
2018-10-21,wiki_ext,10573
2018-10-22,wiki_ext,12723
2018-10-23,wiki_ext,14419
2018-10-24,wiki_ext,13677
2018-10-25,wiki_ext,12384
2018-10-26,wiki_ext,11405
2018-10-27,wiki_ext,9219
2018-10-28,wiki_ext,9889
2018-10-29,wiki_ext,12020
2018-10-30,wiki_ext,11360
2018-10-31,wiki_ext,11342
2018-11-01,wiki_ext,12587
2018-11-02,wiki_ext,11951
2018-11-03,wiki_ext,8207
2018-11-04,wiki_ext,9166
2018-11-05,wiki_ext,11837
2018-11-06,wiki_ext,12045
2018-11-07,wiki_ext,11448
2018-11-08,wiki_ext,11211
2018-11-09,wiki_ext,9923
2018-11-10,wiki_ext,7470
2018-11-11,wiki_ext,8116
2018-11-12,wiki_ext,10543
2018-11-13,wiki_ext,14484
2018-11-14,wiki_ext,13055
2018-11-15,wiki_ext,11294
2018-11-16,wiki_ext,11204
2018-11-17,wiki_ext,8835
2018-11-18,wiki_ext,9092
2018-11-19,wiki_ext,9977
2018-11-20,wiki_ext,9960
2018-11-21,wiki_ext,10103
2018-11-22,wiki_ext,7983
2018-11-23,wiki_ext,8911
2018-11-24,wiki_ext,12620
2018-11-25,wiki_ext,13532
2018-11-26,wiki_ext,14071
2018-11-27,wiki_ext,21127
2018-11-28,wiki_ext,21748
2018-11-29,wiki_ext,19786
2018-11-30,wiki_ext,16457
2018-12-01,wiki_ext,11622
2018-12-02,wiki_ext,12725
2018-12-03,wiki_ext,16535
2018-12-04,wiki_ext,34116
2018-12-05,wiki_ext,27528
2018-12-06,wiki_ext,22732
2018-12-07,wiki_ext,19632
2018-12-08,wiki_ext,16057
2018-12-09,wiki_ext,21926
2018-12-10,wiki_ext,19577
2018-12-11,wiki_ext,19795
2018-12-12,wiki_ext,15466
2018-12-13,wiki_ext,17088
2018-12-14,wiki_ext,15178
2018-12-15,wiki_ext,17857
2018-12-16,wiki_ext,12228
2018-12-17,wiki_ext,12725
2018-12-18,wiki_ext,11225
2018-12-19,wiki_ext,12855
2018-12-20,wiki_ext,11100
2018-12-21,wiki_ext,9402
2018-12-22,wiki_ext,9410
2018-12-23,wiki_ext,9849
2018-12-24,wiki_ext,8019
2018-12-25,wiki_ext,7177
2018-12-26,wiki_ext,7201
2018-12-27,wiki_ext,10163
2018-12-28,wiki_ext,8453
2018-12-29,wiki_ext,9911
2018-12-30,wiki_ext,11393
2018-12-31,wiki_ext,10513
2019-01-01,wiki_ext,8915
2019-01-02,wiki_ext,10290
2019-01-03,wiki_ext,10454
2019-01-04,wiki_ext,9631
2019-01-05,wiki_ext,7865
2019-01-06,wiki_ext,9335
2019-01-07,wiki_ext,9495
2019-01-08,wiki_ext,9597
2019-01-09,wiki_ext,10256
2019-01-10,wiki_ext,10999
2019-01-11,wiki_ext,10449
2019-01-12,wiki_ext,8439
2019-01-13,wiki_ext,11105
2019-01-14,wiki_ext,10703
2019-01-15,wiki_ext,12850
2019-01-16,wiki_ext,10822
2019-01-17,wiki_ext,18029
2019-01-18,wiki_ext,35287
2019-01-19,wiki_ext,54298
2019-01-20,wiki_ext,15808
2019-01-21,wiki_ext,12775
2019-01-22,wiki_ext,13168
2019-01-23,wiki_ext,13257
2019-01-24,wiki_ext,12191
2019-01-25,wiki_ext,11039
2019-01-26,wiki_ext,8275
2019-01-27,wiki_ext,9061
2019-01-28,wiki_ext,10100
2019-01-29,wiki_ext,10917
2019-01-30,wiki_ext,11018
2019-01-31,wiki_ext,11052
2019-02-01,wiki_ext,10296
2019-02-02,wiki_ext,10058
2019-02-03,wiki_ext,10046
2019-02-04,wiki_ext,11670
2019-02-05,wiki_ext,14772
2019-02-06,wiki_ext,16582
2019-02-07,wiki_ext,20205
2019-02-08,wiki_ext,21442
2019-02-09,wiki_ext,12114
2019-02-10,wiki_ext,12781
2019-02-11,wiki_ext,15041
2019-02-12,wiki_ext,14979
2019-02-13,wiki_ext,16838
2019-02-14,wiki_ext,32253
2019-02-15,wiki_ext,26098
2019-02-16,wiki_ext,15798
2019-02-17,wiki_ext,17226
2019-02-18,wiki_ext,16784
2019-02-19,wiki_ext,16278
2019-02-20,wiki_ext,15128
2019-02-21,wiki_ext,22115
2019-02-22,wiki_ext,19011
2019-02-23,wiki_ext,11688
2019-02-24,wiki_ext,11233
2019-02-25,wiki_ext,15933
2019-02-26,wiki_ext,16767
2019-02-27,wiki_ext,14359
2019-02-28,wiki_ext,12025
2019-03-01,wiki_ext,11117
2019-03-02,wiki_ext,10114
2019-03-03,wiki_ext,13627
2019-03-04,wiki_ext,13070
2019-03-05,wiki_ext,14187
2019-03-06,wiki_ext,13502
2019-03-07,wiki_ext,28403
2019-03-08,wiki_ext,19428
2019-03-09,wiki_ext,11594
2019-03-10,wiki_ext,10772
2019-03-11,wiki_ext,12339
2019-03-12,wiki_ext,12544
2019-03-13,wiki_ext,13145
2019-03-14,wiki_ext,15810
2019-03-15,wiki_ext,12847
2019-03-16,wiki_ext,10140
2019-03-17,wiki_ext,9747
2019-03-18,wiki_ext,13620
2019-03-19,wiki_ext,16034
2019-03-20,wiki_ext,16196
2019-03-21,wiki_ext,13785
2019-03-22,wiki_ext,14940
2019-03-23,wiki_ext,74066
2019-03-24,wiki_ext,38968
2019-03-25,wiki_ext,38028
2019-03-26,wiki_ext,24221
2019-03-27,wiki_ext,20943
2019-03-28,wiki_ext,21043
2019-03-29,wiki_ext,18245
2019-03-30,wiki_ext,22149
2019-03-31,wiki_ext,20944
2019-04-01,wiki_ext,17222
2019-04-02,wiki_ext,18907
2019-04-03,wiki_ext,20863
2019-04-04,wiki_ext,13605
2019-04-05,wiki_ext,11440
2019-04-06,wiki_ext,9155
2019-04-07,wiki_ext,9459
2019-04-08,wiki_ext,12595
2019-04-09,wiki_ext,11931
2019-04-10,wiki_ext,11998
2019-04-11,wiki_ext,11252
2019-04-12,wiki_ext,10372
2019-04-13,wiki_ext,8284
2019-04-14,wiki_ext,8792
2019-04-15,wiki_ext,12434
2019-04-16,wiki_ext,11573
2019-04-17,wiki_ext,11265
2019-04-18,wiki_ext,15364
2019-04-19,wiki_ext,43111
2019-04-20,wiki_ext,11802
2019-04-21,wiki_ext,9971
2019-04-22,wiki_ext,11854
2019-04-23,wiki_ext,11926
2019-04-24,wiki_ext,12896
2019-04-25,wiki_ext,18363
2019-04-26,wiki_ext,16826
2019-04-27,wiki_ext,9495
2019-04-28,wiki_ext,9536
2019-04-29,wiki_ext,11410
2019-04-30,wiki_ext,15149
2019-05-01,wiki_ext,21520
2019-05-02,wiki_ext,15326
2019-05-03,wiki_ext,18987
2019-05-04,wiki_ext,22700
2019-05-05,wiki_ext,14584
2019-05-06,wiki_ext,12100
2019-05-07,wiki_ext,78156
2019-05-08,wiki_ext,72139
2019-05-09,wiki_ext,28433
2019-05-10,wiki_ext,18315
2019-05-11,wiki_ext,11186
2019-05-12,wiki_ext,13803
2019-05-13,wiki_ext,16160
2019-05-14,wiki_ext,16311
2019-05-15,wiki_ext,14855
2019-05-16,wiki_ext,13087
2019-05-17,wiki_ext,15735
2019-05-18,wiki_ext,12958
2019-05-19,wiki_ext,11335
2019-05-20,wiki_ext,14873
2019-05-21,wiki_ext,15064
2019-05-22,wiki_ext,14676
2019-05-23,wiki_ext,14958
2019-05-24,wiki_ext,11154
2019-05-25,wiki_ext,10083
2019-05-26,wiki_ext,8382
2019-05-27,wiki_ext,9911
2019-05-28,wiki_ext,12262
2019-05-29,wiki_ext,12321
2019-05-30,wiki_ext,9402
2019-05-31,wiki_ext,8895
2019-06-01,wiki_ext,8424
2019-06-02,wiki_ext,11733
2019-06-03,wiki_ext,10754
2019-06-04,wiki_ext,10175
2019-06-05,wiki_ext,10484
2019-06-06,wiki_ext,11344
2019-06-07,wiki_ext,13750
2019-06-08,wiki_ext,13903
2019-06-09,wiki_ext,14276
2019-06-10,wiki_ext,13117
2019-06-11,wiki_ext,10859
2019-06-12,wiki_ext,11482
2019-06-13,wiki_ext,12820
2019-06-14,wiki_ext,12719
2019-06-15,wiki_ext,17985
2019-06-16,wiki_ext,15733
2019-06-17,wiki_ext,21500
2019-06-18,wiki_ext,16691
2019-06-19,wiki_ext,13948
2019-06-20,wiki_ext,12649
2019-06-21,wiki_ext,10986
2019-06-22,wiki_ext,12733
2019-06-23,wiki_ext,15002
2019-06-24,wiki_ext,16046
2019-06-25,wiki_ext,23021
2019-06-26,wiki_ext,20646
2019-06-27,wiki_ext,13777
2019-06-28,wiki_ext,11224
2019-06-29,wiki_ext,12495
2019-06-30,wiki_ext,12209
2019-07-01,wiki_ext,10804
2019-07-02,wiki_ext,10605
2019-07-03,wiki_ext,9999
2019-07-04,wiki_ext,9333
2019-07-05,wiki_ext,8781
2019-07-06,wiki_ext,10741
2019-07-07,wiki_ext,13387
2019-07-08,wiki_ext,10499
2019-07-09,wiki_ext,9956
2019-07-10,wiki_ext,16002
2019-07-11,wiki_ext,17624
2019-07-12,wiki_ext,18104
2019-07-13,wiki_ext,18912
2019-07-14,wiki_ext,17532
2019-07-15,wiki_ext,12703
2019-07-16,wiki_ext,61985
2019-07-17,wiki_ext,71898
2019-07-18,wiki_ext,39001
2019-07-19,wiki_ext,28840
2019-07-20,wiki_ext,20897
2019-07-21,wiki_ext,14708
2019-07-22,wiki_ext,13921
2019-07-23,wiki_ext,13162
2019-07-24,wiki_ext,12685
2019-07-25,wiki_ext,12669
2019-07-26,wiki_ext,11827
2019-07-27,wiki_ext,10847
2019-07-28,wiki_ext,12217
2019-07-29,wiki_ext,14389
2019-07-30,wiki_ext,13233
2019-07-31,wiki_ext,15235
2019-08-01,wiki_ext,54509
2019-08-02,wiki_ext,44027
2019-08-03,wiki_ext,28062
2019-08-04,wiki_ext,50592
2019-08-05,wiki_ext,34311
2019-08-06,wiki_ext,23523
2019-08-07,wiki_ext,21053
2019-08-08,wiki_ext,17357
2019-08-09,wiki_ext,57588
2019-08-10,wiki_ext,43044
2019-08-11,wiki_ext,29988
2019-08-12,wiki_ext,29676
2019-08-13,wiki_ext,24925
2019-08-14,wiki_ext,16957
2019-08-15,wiki_ext,17738
2019-08-16,wiki_ext,14051
2019-08-17,wiki_ext,12673
2019-08-18,wiki_ext,11448
2019-08-19,wiki_ext,82138
2019-08-20,wiki_ext,61420
2019-08-21,wiki_ext,20785
2019-08-22,wiki_ext,16189
2019-08-23,wiki_ext,12946
2019-08-24,wiki_ext,10645
2019-08-25,wiki_ext,10822
2019-08-26,wiki_ext,11929
2019-08-27,wiki_ext,11616
2019-08-28,wiki_ext,14762
2019-08-29,wiki_ext,14179
2019-08-30,wiki_ext,12283
2019-08-31,wiki_ext,11835
2019-09-01,wiki_ext,10866
2019-09-02,wiki_ext,10350
2019-09-03,wiki_ext,10136
2019-09-04,wiki_ext,9977
2019-09-05,wiki_ext,10132
2019-09-06,wiki_ext,9615
2019-09-07,wiki_ext,8809
2019-09-08,wiki_ext,9220
2019-09-09,wiki_ext,14239
2019-09-10,wiki_ext,14058
2019-09-11,wiki_ext,13778
2019-09-12,wiki_ext,12584
2019-09-13,wiki_ext,12466
2019-09-14,wiki_ext,9545
2019-09-15,wiki_ext,10955
2019-09-16,wiki_ext,12955
2019-09-17,wiki_ext,12857
2019-09-18,wiki_ext,13353
2019-09-19,wiki_ext,13738
2019-09-20,wiki_ext,12927
2019-09-21,wiki_ext,10415
2019-09-22,wiki_ext,10944
2019-09-23,wiki_ext,12567
2019-09-24,wiki_ext,11962
2019-09-25,wiki_ext,12884
2019-09-26,wiki_ext,12481
2019-09-27,wiki_ext,11121
2019-09-28,wiki_ext,9044
2019-09-29,wiki_ext,9854
2019-09-30,wiki_ext,11229
2019-10-01,wiki_ext,21927
2019-10-02,wiki_ext,23029
2019-10-03,wiki_ext,21071
2019-10-04,wiki_ext,15583
2019-10-05,wiki_ext,10292
2019-10-06,wiki_ext,12262
2019-10-07,wiki_ext,12941
2019-10-08,wiki_ext,12431
2019-10-09,wiki_ext,12185
2019-10-10,wiki_ext,13301
2019-10-11,wiki_ext,12038
2019-10-12,wiki_ext,9193
2019-10-13,wiki_ext,14372
2019-10-14,wiki_ext,21190
2019-10-15,wiki_ext,22816
2019-10-16,wiki_ext,19758
2019-10-17,wiki_ext,20125
2019-10-18,wiki_ext,15753
2019-10-19,wiki_ext,12107
2019-10-20,wiki_ext,14311
2019-10-21,wiki_ext,16705
2019-10-22,wiki_ext,15843
2019-10-23,wiki_ext,14973
2019-10-24,wiki_ext,16042
2019-10-25,wiki_ext,15218
2019-10-26,wiki_ext,12770
2019-10-27,wiki_ext,11197
2019-10-28,wiki_ext,14585
2019-10-29,wiki_ext,15276
2019-10-30,wiki_ext,14045
2019-10-31,wiki_ext,13325
2019-11-01,wiki_ext,11559
2019-11-02,wiki_ext,10824
2019-11-03,wiki_ext,18089
2019-11-04,wiki_ext,32575
2019-11-05,wiki_ext,23366
2019-11-06,wiki_ext,18524
2019-11-07,wiki_ext,17019
2019-11-08,wiki_ext,16198
2019-11-09,wiki_ext,10539
2019-11-10,wiki_ext,15743
2019-11-11,wiki_ext,16523
2019-11-12,wiki_ext,13812
2019-11-13,wiki_ext,15420
2019-11-14,wiki_ext,25698
2019-11-15,wiki_ext,17706
2019-11-16,wiki_ext,12458
2019-11-17,wiki_ext,12418
2019-11-18,wiki_ext,15067
2019-11-19,wiki_ext,15110
2019-11-20,wiki_ext,14489
2019-11-21,wiki_ext,13956
2019-11-22,wiki_ext,14678
2019-11-23,wiki_ext,17650
2019-11-24,wiki_ext,25284
2019-11-25,wiki_ext,17193
2019-11-26,wiki_ext,13359
2019-11-27,wiki_ext,14546
2019-11-28,wiki_ext,10277
2019-11-29,wiki_ext,12174
2019-11-30,wiki_ext,10972
2019-12-01,wiki_ext,11587
2019-12-02,wiki_ext,13163
2019-12-03,wiki_ext,14187
2019-12-04,wiki_ext,19549
2019-12-05,wiki_ext,19064
2019-12-06,wiki_ext,15768
2019-12-07,wiki_ext,13681
2019-12-08,wiki_ext,12098
2019-12-09,wiki_ext,14467
2019-12-10,wiki_ext,13429
2019-12-11,wiki_ext,13480
2019-12-12,wiki_ext,12715
2019-12-13,wiki_ext,11490
2019-12-14,wiki_ext,9921
2019-12-15,wiki_ext,10612
2019-12-16,wiki_ext,13996
2019-12-17,wiki_ext,12666
2019-12-18,wiki_ext,10877
2019-12-19,wiki_ext,9830
2019-12-20,wiki_ext,8803
2019-12-21,wiki_ext,11083
2019-12-22,wiki_ext,8381
2019-12-23,wiki_ext,9189
2019-12-24,wiki_ext,7592
2019-12-25,wiki_ext,7009
2019-12-26,wiki_ext,8883
2019-12-27,wiki_ext,9904
2019-12-28,wiki_ext,9732
2019-12-29,wiki_ext,10947
2019-12-30,wiki_ext,12079
2019-12-31,wiki_ext,9823
2020-01-01,wiki_ext,8366
2020-01-02,wiki_ext,9900
2020-01-03,wiki_ext,9494
2020-01-04,wiki_ext,8360
2020-01-05,wiki_ext,8673
2020-01-06,wiki_ext,9100
2020-01-07,wiki_ext,9386
2020-01-08,wiki_ext,9479
2020-01-09,wiki_ext,13170
2020-01-10,wiki_ext,12404
2020-01-11,wiki_ext,8769
2020-01-12,wiki_ext,9804
2020-01-13,wiki_ext,12234
2020-01-14,wiki_ext,11205
2020-01-15,wiki_ext,41571
2020-01-16,wiki_ext,16610
2020-01-17,wiki_ext,13943
2020-01-18,wiki_ext,10854
2020-01-19,wiki_ext,71364
2020-01-20,wiki_ext,83545
2020-01-21,wiki_ext,19398
2020-01-22,wiki_ext,19597
2020-01-23,wiki_ext,17594
2020-01-24,wiki_ext,16887
2020-01-25,wiki_ext,11588
2020-01-26,wiki_ext,11237
2020-01-27,wiki_ext,11919
2020-01-28,wiki_ext,11737
2020-01-29,wiki_ext,12104
2020-01-30,wiki_ext,11863
2020-01-31,wiki_ext,11271
2020-02-01,wiki_ext,8732
2020-02-02,wiki_ext,12132
2020-02-03,wiki_ext,186282
2020-02-04,wiki_ext,17466
2020-02-05,wiki_ext,14888
2020-02-06,wiki_ext,13112
2020-02-07,wiki_ext,17013
2020-02-08,wiki_ext,18506
2020-02-09,wiki_ext,12572
2020-02-10,wiki_ext,16560
2020-02-11,wiki_ext,14004
2020-02-12,wiki_ext,13653
2020-02-13,wiki_ext,12750
2020-02-14,wiki_ext,11065
2020-02-15,wiki_ext,8964
2020-02-16,wiki_ext,9762
2020-02-17,wiki_ext,13301
2020-02-18,wiki_ext,12046
2020-02-19,wiki_ext,14286
2020-02-20,wiki_ext,13159
2020-02-21,wiki_ext,13253
2020-02-22,wiki_ext,10737
2020-02-23,wiki_ext,11999
2020-02-24,wiki_ext,16743
2020-02-25,wiki_ext,15117
2020-02-26,wiki_ext,13931
2020-02-27,wiki_ext,14381
2020-02-28,wiki_ext,12176
2020-02-29,wiki_ext,9397
2020-03-01,wiki_ext,10059
2020-03-02,wiki_ext,12939
2020-03-03,wiki_ext,95030
2020-03-04,wiki_ext,97648
2020-03-05,wiki_ext,36648
2020-03-06,wiki_ext,19512
2020-03-07,wiki_ext,15834
2020-03-08,wiki_ext,15542
2020-03-09,wiki_ext,15644
2020-03-10,wiki_ext,14199
2020-03-11,wiki_ext,14163
2020-03-12,wiki_ext,10731
2020-03-13,wiki_ext,9120
2020-03-14,wiki_ext,8918
2020-03-15,wiki_ext,9519
2020-03-16,wiki_ext,8516
2020-03-17,wiki_ext,8830
2020-03-18,wiki_ext,10268
2020-03-19,wiki_ext,8938
2020-03-20,wiki_ext,8393
2020-03-21,wiki_ext,9209
2020-03-22,wiki_ext,9473
2020-03-23,wiki_ext,9196
2020-03-24,wiki_ext,8739
2020-03-25,wiki_ext,9106
2020-03-26,wiki_ext,9026
2020-03-27,wiki_ext,8370
2020-03-28,wiki_ext,8592
2020-03-29,wiki_ext,9906
2020-03-30,wiki_ext,10317
2020-03-31,wiki_ext,30192
2020-04-01,wiki_ext,9749
2020-04-02,wiki_ext,9313
2020-04-03,wiki_ext,8711
2020-04-04,wiki_ext,8918
2020-04-05,wiki_ext,9868
2020-04-06,wiki_ext,10167
2020-04-07,wiki_ext,10210
2020-04-08,wiki_ext,16736
2020-04-09,wiki_ext,17761
2020-04-10,wiki_ext,18659
2020-04-11,wiki_ext,11774
2020-04-12,wiki_ext,11995
2020-04-13,wiki_ext,12164
2020-04-14,wiki_ext,11812
2020-04-15,wiki_ext,11349
2020-04-16,wiki_ext,11130
2020-04-17,wiki_ext,10349
2020-04-18,wiki_ext,11618
2020-04-19,wiki_ext,11834
2020-04-20,wiki_ext,12421
2020-04-21,wiki_ext,11847
2020-04-22,wiki_ext,11826
2020-04-23,wiki_ext,12348
2020-04-24,wiki_ext,11512
2020-04-25,wiki_ext,10611
2020-04-26,wiki_ext,17621
2020-04-27,wiki_ext,13550
2020-04-28,wiki_ext,13798
2020-04-29,wiki_ext,14034
2020-04-30,wiki_ext,12972
2020-05-01,wiki_ext,18673
2020-05-02,wiki_ext,16619
2020-05-03,wiki_ext,17091
2020-05-04,wiki_ext,15545
2020-05-05,wiki_ext,14603
2020-05-06,wiki_ext,26573
2020-05-07,wiki_ext,83906
2020-05-08,wiki_ext,94302
2020-05-09,wiki_ext,56230
2020-05-10,wiki_ext,34382
2020-05-11,wiki_ext,30858
2020-05-12,wiki_ext,30366
2020-05-13,wiki_ext,33526
2020-05-14,wiki_ext,29347
2020-05-15,wiki_ext,36831
2020-05-16,wiki_ext,35120
2020-05-17,wiki_ext,27442
2020-05-18,wiki_ext,21861
2020-05-19,wiki_ext,23699
2020-05-20,wiki_ext,26976
2020-05-21,wiki_ext,24229
2020-05-22,wiki_ext,25649
2020-05-23,wiki_ext,38120
2020-05-24,wiki_ext,25238
2020-05-25,wiki_ext,21026
2020-05-26,wiki_ext,120379
2020-05-27,wiki_ext,521939
2020-05-28,wiki_ext,1439549
2020-05-29,wiki_ext,1951724
2020-05-30,wiki_ext,2408082
2020-05-31,wiki_ext,2304340
2020-06-01,wiki_ext,2316313
2020-06-02,wiki_ext,2058596
2020-06-03,wiki_ext,1969914
2020-06-04,wiki_ext,1907683
2020-06-05,wiki_ext,1898709
2020-06-06,wiki_ext,1669719
2020-06-07,wiki_ext,1140621
2020-06-08,wiki_ext,983100
2020-06-09,wiki_ext,1165649
2020-06-10,wiki_ext,906498
2020-06-11,wiki_ext,666548
2020-06-12,wiki_ext,633038
2020-06-13,wiki_ext,504718
2020-06-14,wiki_ext,547432
2020-06-15,wiki_ext,565442
2020-06-16,wiki_ext,462093
2020-06-17,wiki_ext,391897
2020-06-18,wiki_ext,396225
2020-06-19,wiki_ext,371060
2020-06-20,wiki_ext,291175
2020-06-21,wiki_ext,232507
2020-06-22,wiki_ext,290164
2020-06-23,wiki_ext,449255
2020-06-24,wiki_ext,491246
2020-06-25,wiki_ext,476056
2020-06-26,wiki_ext,389710
2020-06-27,wiki_ext,275793
2020-06-28,wiki_ext,261832
2020-06-29,wiki_ext,212500
2020-06-30,wiki_ext,187085
2020-07-01,wiki_ext,182870
2020-07-02,wiki_ext,171232
2020-07-03,wiki_ext,166935
2020-07-04,wiki_ext,167856
2020-07-05,wiki_ext,139635
2020-07-06,wiki_ext,149647
2020-07-07,wiki_ext,139706
2020-07-08,wiki_ext,121103
2020-07-09,wiki_ext,125822
2020-07-10,wiki_ext,121652
2020-07-11,wiki_ext,98512
2020-07-12,wiki_ext,101908
2020-07-13,wiki_ext,136062
2020-07-14,wiki_ext,141026
2020-07-15,wiki_ext,164724
2020-07-16,wiki_ext,133419
2020-07-17,wiki_ext,121507
2020-07-18,wiki_ext,111795
2020-07-19,wiki_ext,95034
2020-07-20,wiki_ext,90781
2020-07-21,wiki_ext,94776
2020-07-22,wiki_ext,105371
2020-07-23,wiki_ext,95954
2020-07-24,wiki_ext,109347
2020-07-25,wiki_ext,120769
2020-07-26,wiki_ext,165701
2020-07-27,wiki_ext,100671
2020-07-28,wiki_ext,95482
2020-07-29,wiki_ext,92722
2020-07-30,wiki_ext,120199
2020-07-31,wiki_ext,171431
2020-08-01,wiki_ext,92434
2020-08-02,wiki_ext,78917
2020-08-03,wiki_ext,81096
2020-08-04,wiki_ext,118403
2020-08-05,wiki_ext,91739
2020-08-06,wiki_ext,76919
2020-08-07,wiki_ext,71235
2020-08-08,wiki_ext,73333
2020-08-09,wiki_ext,73747
2020-08-10,wiki_ext,93335
2020-08-11,wiki_ext,108486
2020-08-12,wiki_ext,78370
2020-08-13,wiki_ext,76745
2020-08-14,wiki_ext,118513
2020-08-15,wiki_ext,125982
2020-08-16,wiki_ext,99581
2020-08-17,wiki_ext,80315
2020-08-18,wiki_ext,92410
2020-08-19,wiki_ext,120384
2020-08-20,wiki_ext,81703
2020-08-21,wiki_ext,70117
2020-08-22,wiki_ext,59188
2020-08-23,wiki_ext,58234
2020-08-24,wiki_ext,119928
2020-08-25,wiki_ext,253089
2020-08-26,wiki_ext,441083
2020-08-27,wiki_ext,698784
2020-08-28,wiki_ext,521258
2020-08-29,wiki_ext,293155
2020-08-30,wiki_ext,218299
2020-08-31,wiki_ext,216989
2020-09-01,wiki_ext,200439
2020-09-02,wiki_ext,166433
2020-09-03,wiki_ext,175102
2020-09-04,wiki_ext,125923
2020-09-05,wiki_ext,124542
2020-09-06,wiki_ext,153724
2020-09-07,wiki_ext,124304
2020-09-08,wiki_ext,126028
2020-09-09,wiki_ext,144805
2020-09-10,wiki_ext,119886
2020-09-11,wiki_ext,166017
2020-09-12,wiki_ext,113269
2020-09-13,wiki_ext,229650
2020-09-14,wiki_ext,216938
2020-09-15,wiki_ext,312180
2020-09-16,wiki_ext,230357
2020-09-17,wiki_ext,184044
2020-09-18,wiki_ext,128149
2020-09-19,wiki_ext,90884
2020-09-20,wiki_ext,88395
2020-09-21,wiki_ext,95398
2020-09-22,wiki_ext,162099
2020-09-23,wiki_ext,673492
2020-09-24,wiki_ext,1377787
2020-09-25,wiki_ext,618678
2020-09-26,wiki_ext,269451
2020-09-27,wiki_ext,160717
2020-09-28,wiki_ext,117555
2020-09-29,wiki_ext,108308
2020-09-30,wiki_ext,93740
2020-10-01,wiki_ext,66010
2020-10-02,wiki_ext,56719
2020-10-03,wiki_ext,50598
2020-10-04,wiki_ext,52658
2020-10-05,wiki_ext,48610
2020-10-06,wiki_ext,56256
2020-10-07,wiki_ext,55104
2020-10-08,wiki_ext,111233
2020-10-09,wiki_ext,65014
2020-10-10,wiki_ext,47896
2020-10-11,wiki_ext,50678
2020-10-12,wiki_ext,51033
2020-10-13,wiki_ext,51074
2020-10-14,wiki_ext,59701
2020-10-15,wiki_ext,57068
2020-10-16,wiki_ext,45312
2020-10-17,wiki_ext,38676
2020-10-18,wiki_ext,39772
2020-10-19,wiki_ext,43913
2020-10-20,wiki_ext,41280
2020-10-21,wiki_ext,49004
2020-10-22,wiki_ext,44605
2020-10-23,wiki_ext,47371
2020-10-24,wiki_ext,40130
2020-10-25,wiki_ext,39278
2020-10-26,wiki_ext,39918
2020-10-27,wiki_ext,43459
2020-10-28,wiki_ext,64588
2020-10-29,wiki_ext,56327
2020-10-30,wiki_ext,58580
2020-10-31,wiki_ext,51457
2020-11-01,wiki_ext,43506
2020-11-02,wiki_ext,48647
2020-11-03,wiki_ext,51450
2020-11-04,wiki_ext,57334
2020-11-05,wiki_ext,53253
2020-11-06,wiki_ext,43865
2020-11-07,wiki_ext,39306
2020-11-08,wiki_ext,44171
2020-11-09,wiki_ext,44088
2020-11-10,wiki_ext,39422
2020-11-11,wiki_ext,38139
2020-11-12,wiki_ext,38649
2020-11-13,wiki_ext,35610
2020-11-14,wiki_ext,46701
2020-11-15,wiki_ext,38374
2020-11-16,wiki_ext,39438
2020-11-17,wiki_ext,40799
2020-11-18,wiki_ext,40797
2020-11-19,wiki_ext,38852
2020-11-20,wiki_ext,42863
2020-11-21,wiki_ext,72401
2020-11-22,wiki_ext,49516
2020-11-23,wiki_ext,49824
2020-11-24,wiki_ext,42930
2020-11-25,wiki_ext,37701
2020-11-26,wiki_ext,35872
2020-11-27,wiki_ext,29321
2020-11-28,wiki_ext,28603
2020-11-29,wiki_ext,32695
2020-11-30,wiki_ext,37700
2020-12-01,wiki_ext,36102
2020-12-02,wiki_ext,34981
2020-12-03,wiki_ext,32990
2020-12-04,wiki_ext,30766
2020-12-05,wiki_ext,30011
2020-12-06,wiki_ext,30343
2020-12-07,wiki_ext,37188
2020-12-08,wiki_ext,35696
2020-12-09,wiki_ext,44161
2020-12-10,wiki_ext,62025
2020-12-11,wiki_ext,47525
2020-12-12,wiki_ext,29494
2020-12-13,wiki_ext,30300
2020-12-14,wiki_ext,40324
2020-12-15,wiki_ext,33792
2020-12-16,wiki_ext,38386
2020-12-17,wiki_ext,38420
2020-12-18,wiki_ext,34081
2020-12-19,wiki_ext,31467
2020-12-20,wiki_ext,29355
2020-12-21,wiki_ext,34242
2020-12-22,wiki_ext,36405
2020-12-23,wiki_ext,32412
2020-12-24,wiki_ext,27640
2020-12-25,wiki_ext,23392
2020-12-26,wiki_ext,24770
2020-12-27,wiki_ext,30312
2020-12-28,wiki_ext,41868
2020-12-29,wiki_ext,60761
2020-12-30,wiki_ext,82173
2020-12-31,wiki_ext,52843
2021-01-01,wiki_ext,48422
2021-01-02,wiki_ext,40273
2021-01-03,wiki_ext,38919
2021-01-04,wiki_ext,40774
2021-01-05,wiki_ext,125990
2021-01-06,wiki_ext,137071
2021-01-07,wiki_ext,105244
2021-01-08,wiki_ext,67297
2021-01-09,wiki_ext,52251
2021-01-10,wiki_ext,41771
2021-01-11,wiki_ext,42878
2021-01-12,wiki_ext,41378
2021-01-13,wiki_ext,36980
2021-01-14,wiki_ext,44681
2021-01-15,wiki_ext,37720
2021-01-16,wiki_ext,31265
2021-01-17,wiki_ext,32331
2021-01-18,wiki_ext,40051
2021-01-19,wiki_ext,39914
2021-01-20,wiki_ext,34772
2021-01-21,wiki_ext,32426
2021-01-22,wiki_ext,28568
2021-01-23,wiki_ext,26120
2021-01-24,wiki_ext,29635
2021-01-25,wiki_ext,31066
2021-01-26,wiki_ext,31765
2021-01-27,wiki_ext,29827
2021-01-28,wiki_ext,28176
2021-01-29,wiki_ext,29139
2021-01-30,wiki_ext,28336
2021-01-31,wiki_ext,27439
2021-02-01,wiki_ext,33446
2021-02-02,wiki_ext,34816
2021-02-03,wiki_ext,33094
2021-02-04,wiki_ext,48255
2021-02-05,wiki_ext,36200
2021-02-06,wiki_ext,28598
2021-02-07,wiki_ext,46326
2021-02-08,wiki_ext,50151
2021-02-09,wiki_ext,34789
2021-02-10,wiki_ext,33404
2021-02-11,wiki_ext,42771
2021-02-12,wiki_ext,32852
2021-02-13,wiki_ext,28856
2021-02-14,wiki_ext,27450
2021-02-15,wiki_ext,36125
2021-02-16,wiki_ext,34415
2021-02-17,wiki_ext,32149
2021-02-18,wiki_ext,33581
2021-02-19,wiki_ext,32000
2021-02-20,wiki_ext,28606
2021-02-21,wiki_ext,29098
2021-02-22,wiki_ext,37470
2021-02-23,wiki_ext,56225
2021-02-24,wiki_ext,60979
2021-02-25,wiki_ext,51818
2021-02-26,wiki_ext,45546
2021-02-27,wiki_ext,32065
2021-02-28,wiki_ext,33847
2021-03-01,wiki_ext,42999
2021-03-02,wiki_ext,38152
2021-03-03,wiki_ext,34213
2021-03-04,wiki_ext,38285
2021-03-05,wiki_ext,34481
2021-03-06,wiki_ext,29636
2021-03-07,wiki_ext,36677
2021-03-08,wiki_ext,58437
2021-03-09,wiki_ext,59077
2021-03-10,wiki_ext,45337
2021-03-11,wiki_ext,47357
2021-03-12,wiki_ext,72491
2021-03-13,wiki_ext,119677
2021-03-14,wiki_ext,116951
2021-03-15,wiki_ext,64066
2021-03-16,wiki_ext,48498
2021-03-17,wiki_ext,48260
2021-03-18,wiki_ext,47417
2021-03-19,wiki_ext,39422
2021-03-20,wiki_ext,33864
2021-03-21,wiki_ext,33005
2021-03-22,wiki_ext,36545
2021-03-23,wiki_ext,62351
2021-03-24,wiki_ext,48736
2021-03-25,wiki_ext,37536
2021-03-26,wiki_ext,33650
2021-03-27,wiki_ext,29610
2021-03-28,wiki_ext,35614
2021-03-29,wiki_ext,127644
2021-03-30,wiki_ext,141002
2021-03-31,wiki_ext,149015
2021-04-01,wiki_ext,151609
2021-04-02,wiki_ext,106112
2021-04-03,wiki_ext,59686
2021-04-04,wiki_ext,48347
2021-04-05,wiki_ext,65127
2021-04-06,wiki_ext,69672
2021-04-07,wiki_ext,63228
2021-04-08,wiki_ext,69739
2021-04-09,wiki_ext,70734
2021-04-10,wiki_ext,59628
2021-04-11,wiki_ext,56930
2021-04-12,wiki_ext,127230
2021-04-13,wiki_ext,275499
2021-04-14,wiki_ext,322922
2021-04-15,wiki_ext,231029
2021-04-16,wiki_ext,285055
2021-04-17,wiki_ext,185066
2021-04-18,wiki_ext,146737
2021-04-19,wiki_ext,167167
2021-04-20,wiki_ext,559905
2021-04-21,wiki_ext,792617
2021-04-22,wiki_ext,319569
2021-04-23,wiki_ext,184364
2021-04-24,wiki_ext,130083
2021-04-25,wiki_ext,97119
2021-04-26,wiki_ext,101803
2021-04-27,wiki_ext,99729
2021-04-28,wiki_ext,98033
2021-04-29,wiki_ext,95255
2021-04-30,wiki_ext,74338
2021-05-01,wiki_ext,54264
2021-05-02,wiki_ext,49618
2021-05-03,wiki_ext,64713
2021-05-04,wiki_ext,54545
2021-05-05,wiki_ext,62164
2021-05-06,wiki_ext,51821
2021-05-07,wiki_ext,46135
2021-05-08,wiki_ext,42036
2021-05-09,wiki_ext,36814
2021-05-10,wiki_ext,40048
2021-05-11,wiki_ext,38936
2021-05-12,wiki_ext,38016
2021-05-13,wiki_ext,34573
2021-05-14,wiki_ext,36818
2021-05-15,wiki_ext,30682
2021-05-16,wiki_ext,29375
2021-05-17,wiki_ext,33549
2021-05-18,wiki_ext,58798
2021-05-19,wiki_ext,43158
2021-05-20,wiki_ext,39290
2021-05-21,wiki_ext,36950
2021-05-22,wiki_ext,32448
2021-05-23,wiki_ext,36087
2021-05-24,wiki_ext,51654
2021-05-25,wiki_ext,133464
2021-05-26,wiki_ext,95331
2021-05-27,wiki_ext,57085
2021-05-28,wiki_ext,56805
2021-05-29,wiki_ext,43779
2021-05-30,wiki_ext,36720
2021-05-31,wiki_ext,40000
2021-06-01,wiki_ext,37276
2021-06-02,wiki_ext,36637
2021-06-03,wiki_ext,34783
2021-06-04,wiki_ext,31879
2021-06-05,wiki_ext,33094
2021-06-06,wiki_ext,40244
2021-06-07,wiki_ext,39458
2021-06-08,wiki_ext,34594
2021-06-09,wiki_ext,29918
2021-06-10,wiki_ext,36878
2021-06-11,wiki_ext,30022
2021-06-12,wiki_ext,30606
2021-06-13,wiki_ext,27624
2021-06-14,wiki_ext,39145
2021-06-15,wiki_ext,36665
2021-06-16,wiki_ext,31350
2021-06-17,wiki_ext,31693
2021-06-18,wiki_ext,43273
2021-06-19,wiki_ext,34777
2021-06-20,wiki_ext,34634
2021-06-21,wiki_ext,31128
2021-06-22,wiki_ext,29372
2021-06-23,wiki_ext,30456
2021-06-24,wiki_ext,29023
2021-06-25,wiki_ext,101697
2021-06-26,wiki_ext,110752
2021-06-27,wiki_ext,49351
2021-06-28,wiki_ext,41196
2021-06-29,wiki_ext,36064
2021-06-30,wiki_ext,31967
2021-07-01,wiki_ext,31285
2021-07-02,wiki_ext,25110
2021-07-03,wiki_ext,24122
2021-07-04,wiki_ext,23834
2021-07-05,wiki_ext,23755
2021-07-06,wiki_ext,35372
2021-07-07,wiki_ext,39667
2021-07-08,wiki_ext,27816
2021-07-09,wiki_ext,22806
2021-07-10,wiki_ext,22757
2021-07-11,wiki_ext,21758
2021-07-12,wiki_ext,23493
2021-07-13,wiki_ext,33493
2021-07-14,wiki_ext,36339
2021-07-15,wiki_ext,30221
2021-07-16,wiki_ext,39180
2021-07-17,wiki_ext,25598
2021-07-18,wiki_ext,30371
2021-07-19,wiki_ext,53709
2021-07-20,wiki_ext,36765
2021-07-21,wiki_ext,28112
2021-07-22,wiki_ext,23023
2021-07-23,wiki_ext,29226
2021-07-24,wiki_ext,23237
2021-07-25,wiki_ext,25160
2021-07-26,wiki_ext,29780
2021-07-27,wiki_ext,32613
2021-07-28,wiki_ext,30527
2021-07-29,wiki_ext,25009
2021-07-30,wiki_ext,23295
2021-07-31,wiki_ext,23394
2021-08-01,wiki_ext,23441
2021-08-02,wiki_ext,23472
2021-08-03,wiki_ext,28243
2021-08-04,wiki_ext,22890
2021-08-05,wiki_ext,21111
2021-08-06,wiki_ext,27978
2021-08-07,wiki_ext,26064
2021-08-08,wiki_ext,24428
2021-08-09,wiki_ext,25927
2021-08-10,wiki_ext,28520
2021-08-11,wiki_ext,39129
2021-08-12,wiki_ext,30804
2021-08-13,wiki_ext,25537
2021-08-14,wiki_ext,28232
2021-08-15,wiki_ext,27188
2021-08-16,wiki_ext,24564
2021-08-17,wiki_ext,20878
2021-08-18,wiki_ext,20907
2021-08-19,wiki_ext,22170
2021-08-20,wiki_ext,21863
2021-08-21,wiki_ext,21461
2021-08-22,wiki_ext,22097
2021-08-23,wiki_ext,26545
2021-08-24,wiki_ext,24226
2021-08-25,wiki_ext,22800
2021-08-26,wiki_ext,22721
2021-08-27,wiki_ext,20821
2021-08-28,wiki_ext,20890
2021-08-29,wiki_ext,25213
2021-08-30,wiki_ext,22055
2021-08-31,wiki_ext,20650
2021-09-01,wiki_ext,59757
2021-09-02,wiki_ext,74985
2021-09-03,wiki_ext,38419
2021-09-04,wiki_ext,27210
2021-09-05,wiki_ext,21175
2021-09-06,wiki_ext,20692
2021-09-07,wiki_ext,22235
2021-09-08,wiki_ext,30889
2021-09-09,wiki_ext,26805
2021-09-10,wiki_ext,20769
2021-09-11,wiki_ext,18382
2021-09-12,wiki_ext,19382
2021-09-13,wiki_ext,20399
2021-09-14,wiki_ext,21872
2021-09-15,wiki_ext,24659
2021-09-16,wiki_ext,26915
2021-09-17,wiki_ext,23837
2021-09-18,wiki_ext,20312
2021-09-19,wiki_ext,20072
2021-09-20,wiki_ext,22089
2021-09-21,wiki_ext,24714
2021-09-22,wiki_ext,23958
2021-09-23,wiki_ext,23217
2021-09-24,wiki_ext,21409
2021-09-25,wiki_ext,20684
2021-09-26,wiki_ext,18365
2021-09-27,wiki_ext,22041
2021-09-28,wiki_ext,22088
2021-09-29,wiki_ext,36304
2021-09-30,wiki_ext,23033
2021-10-01,wiki_ext,19898
2021-10-02,wiki_ext,18250
2021-10-03,wiki_ext,21399
2021-10-04,wiki_ext,33121
2021-10-05,wiki_ext,31025
2021-10-06,wiki_ext,23282
2021-10-07,wiki_ext,20496
2021-10-08,wiki_ext,20976
2021-10-09,wiki_ext,22775
2021-10-10,wiki_ext,18360
2021-10-11,wiki_ext,20269
2021-10-12,wiki_ext,20727
2021-10-13,wiki_ext,20936
2021-10-14,wiki_ext,23511
2021-10-15,wiki_ext,21217
2021-10-16,wiki_ext,17471
2021-10-17,wiki_ext,19923
2021-10-18,wiki_ext,21344
2021-10-19,wiki_ext,21833
2021-10-20,wiki_ext,23322
2021-10-21,wiki_ext,22727
2021-10-22,wiki_ext,19301
2021-10-23,wiki_ext,16197
2021-10-24,wiki_ext,16981
2021-10-25,wiki_ext,20119
2021-10-26,wiki_ext,24046
2021-10-27,wiki_ext,27153
2021-10-28,wiki_ext,24759
2021-10-29,wiki_ext,22882
2021-10-30,wiki_ext,18702
2021-10-31,wiki_ext,19467
2021-11-01,wiki_ext,22552
2021-11-02,wiki_ext,25995
2021-11-03,wiki_ext,27115
2021-11-04,wiki_ext,36463
2021-11-05,wiki_ext,29552
2021-11-06,wiki_ext,20202
2021-11-07,wiki_ext,19746
2021-11-08,wiki_ext,25902
2021-11-09,wiki_ext,38287
2021-11-10,wiki_ext,59507
2021-11-11,wiki_ext,74741
2021-11-12,wiki_ext,60664
2021-11-13,wiki_ext,42218
2021-11-14,wiki_ext,37772
2021-11-15,wiki_ext,56746
2021-11-16,wiki_ext,66420
2021-11-17,wiki_ext,64299
2021-11-18,wiki_ext,66824
2021-11-19,wiki_ext,154215
2021-11-20,wiki_ext,224908
2021-11-21,wiki_ext,99689
2021-11-22,wiki_ext,73729
2021-11-23,wiki_ext,63439
2021-11-24,wiki_ext,131785
2021-11-25,wiki_ext,200266
2021-11-26,wiki_ext,72205
2021-11-27,wiki_ext,49032
2021-11-28,wiki_ext,41491
2021-11-29,wiki_ext,42824
2021-11-30,wiki_ext,43746
2021-12-01,wiki_ext,40736
2021-12-02,wiki_ext,39516
2021-12-03,wiki_ext,30168
2021-12-04,wiki_ext,25204
2021-12-05,wiki_ext,26536
2021-12-06,wiki_ext,27175
2021-12-07,wiki_ext,28106
2021-12-08,wiki_ext,44081
2021-12-09,wiki_ext,52721
2021-12-10,wiki_ext,39707
2021-12-11,wiki_ext,25733
2021-12-12,wiki_ext,26259
2021-12-13,wiki_ext,31298
2021-12-14,wiki_ext,29640
2021-12-15,wiki_ext,29002
2021-12-16,wiki_ext,29613
2021-12-17,wiki_ext,44894
2021-12-18,wiki_ext,55919
2021-12-19,wiki_ext,29545
2021-12-20,wiki_ext,34166
2021-12-21,wiki_ext,33629
2021-12-22,wiki_ext,28653
2021-12-23,wiki_ext,106916
2021-12-24,wiki_ext,110969
2021-12-25,wiki_ext,29987
2021-12-26,wiki_ext,24921
2021-12-27,wiki_ext,24054
2021-12-28,wiki_ext,25124
2021-12-29,wiki_ext,26791
2021-12-30,wiki_ext,27197
2021-12-31,wiki_ext,22361
2022-01-01,wiki_ext,20845
2022-01-02,wiki_ext,25675
2022-01-03,wiki_ext,22573
2022-01-04,wiki_ext,22491
2022-01-05,wiki_ext,26525
2022-01-06,wiki_ext,28732
2022-01-07,wiki_ext,146359
2022-01-08,wiki_ext,206035
2022-01-09,wiki_ext,56922
2022-01-10,wiki_ext,49781
2022-01-11,wiki_ext,41685
2022-01-12,wiki_ext,32137
2022-01-13,wiki_ext,39576
2022-01-14,wiki_ext,67254
2022-01-15,wiki_ext,42100
2022-01-16,wiki_ext,35842
2022-01-17,wiki_ext,38359
2022-01-18,wiki_ext,36591
2022-01-19,wiki_ext,33537
2022-01-20,wiki_ext,26535
2022-01-21,wiki_ext,28834
2022-01-22,wiki_ext,21864
2022-01-23,wiki_ext,26108
2022-01-24,wiki_ext,27390
2022-01-25,wiki_ext,25267
2022-01-26,wiki_ext,24857
2022-01-27,wiki_ext,30369
2022-01-28,wiki_ext,28650
2022-01-29,wiki_ext,26895
2022-01-30,wiki_ext,27878
2022-01-31,wiki_ext,44407
2022-02-01,wiki_ext,52632
2022-02-02,wiki_ext,33546
2022-02-03,wiki_ext,42196
2022-02-04,wiki_ext,42468
2022-02-05,wiki_ext,33467
2022-02-06,wiki_ext,29753
2022-02-07,wiki_ext,37817
2022-02-08,wiki_ext,51550
2022-02-09,wiki_ext,43009
2022-02-10,wiki_ext,34800
2022-02-11,wiki_ext,38122
2022-02-12,wiki_ext,27261
2022-02-13,wiki_ext,27614
2022-02-14,wiki_ext,30064
2022-02-15,wiki_ext,28967
2022-02-16,wiki_ext,28777
2022-02-17,wiki_ext,37492
2022-02-18,wiki_ext,88522
2022-02-19,wiki_ext,64781
2022-02-20,wiki_ext,35078
2022-02-21,wiki_ext,36731
2022-02-22,wiki_ext,69003
2022-02-23,wiki_ext,58843
2022-02-24,wiki_ext,38068
2022-02-25,wiki_ext,37798
2022-02-26,wiki_ext,24259
2022-02-27,wiki_ext,23097
2022-02-28,wiki_ext,35257
2022-03-01,wiki_ext,29786
2022-03-02,wiki_ext,26361
2022-03-03,wiki_ext,34111
2022-03-04,wiki_ext,33026
2022-03-05,wiki_ext,19510
2022-03-06,wiki_ext,19640
2022-03-07,wiki_ext,22500
2022-03-08,wiki_ext,21641
2022-03-09,wiki_ext,21782
2022-03-10,wiki_ext,21635
2022-03-11,wiki_ext,23314
2022-03-12,wiki_ext,22642
2022-03-13,wiki_ext,27132
2022-03-14,wiki_ext,27033
2022-03-15,wiki_ext,25822
2022-03-16,wiki_ext,23977
2022-03-17,wiki_ext,24073
2022-03-18,wiki_ext,19711
2022-03-19,wiki_ext,17830
2022-03-20,wiki_ext,18765
2022-03-21,wiki_ext,21619
2022-03-22,wiki_ext,20907
2022-03-23,wiki_ext,20883
2022-03-24,wiki_ext,22218
2022-03-25,wiki_ext,18558
2022-03-26,wiki_ext,19286
2022-03-27,wiki_ext,20445
2022-03-28,wiki_ext,24316
2022-03-29,wiki_ext,44355
2022-03-30,wiki_ext,35111
2022-03-31,wiki_ext,25657
2022-04-01,wiki_ext,21593
2022-04-02,wiki_ext,17827
2022-04-03,wiki_ext,19071
2022-04-04,wiki_ext,21879
2022-04-05,wiki_ext,20949
2022-04-06,wiki_ext,29756
2022-04-07,wiki_ext,27331
2022-04-08,wiki_ext,24816
2022-04-09,wiki_ext,18686
2022-04-10,wiki_ext,18278
2022-04-11,wiki_ext,23046
2022-04-12,wiki_ext,25065
2022-04-13,wiki_ext,23737
2022-04-14,wiki_ext,38500
2022-04-15,wiki_ext,30081
2022-04-16,wiki_ext,21659
2022-04-17,wiki_ext,24419
2022-04-18,wiki_ext,25140
2022-04-19,wiki_ext,28585
2022-04-20,wiki_ext,26811
2022-04-21,wiki_ext,23144
2022-04-22,wiki_ext,23973
2022-04-23,wiki_ext,19188
2022-04-24,wiki_ext,19578
2022-04-25,wiki_ext,23874
2022-04-26,wiki_ext,34109
2022-04-27,wiki_ext,32462
2022-04-28,wiki_ext,30706
2022-04-29,wiki_ext,25186
2022-04-30,wiki_ext,20233
2022-05-01,wiki_ext,22642
2022-05-02,wiki_ext,25212
2022-05-03,wiki_ext,25755
2022-05-04,wiki_ext,26102
2022-05-05,wiki_ext,25366
2022-05-06,wiki_ext,25375
2022-05-07,wiki_ext,23166
2022-05-08,wiki_ext,21312
2022-05-09,wiki_ext,22756
2022-05-10,wiki_ext,30151
2022-05-11,wiki_ext,29287
2022-05-12,wiki_ext,28597
2022-05-13,wiki_ext,21989
2022-05-14,wiki_ext,21266
2022-05-15,wiki_ext,30967
2022-05-16,wiki_ext,34755
2022-05-17,wiki_ext,48388
2022-05-18,wiki_ext,43082
2022-05-19,wiki_ext,35086
2022-05-20,wiki_ext,31629
2022-05-21,wiki_ext,26499
2022-05-22,wiki_ext,26848
2022-05-23,wiki_ext,33732
2022-05-24,wiki_ext,33953
2022-05-25,wiki_ext,51741
2022-05-26,wiki_ext,53644
2022-05-27,wiki_ext,37985
2022-05-28,wiki_ext,27838
2022-05-29,wiki_ext,27042
2022-05-30,wiki_ext,28521
2022-05-31,wiki_ext,33720
2022-06-01,wiki_ext,34495
2022-06-02,wiki_ext,30266
2022-06-03,wiki_ext,25256
2022-06-04,wiki_ext,23353
2022-06-05,wiki_ext,31123
2022-06-06,wiki_ext,33958
2022-06-07,wiki_ext,29429
2022-06-08,wiki_ext,28134
2022-06-09,wiki_ext,35769
2022-06-10,wiki_ext,34364
2022-06-11,wiki_ext,25512
2022-06-12,wiki_ext,25967
2022-06-13,wiki_ext,24936
2022-06-14,wiki_ext,23519
2022-06-15,wiki_ext,23902
2022-06-16,wiki_ext,26400
2022-06-17,wiki_ext,28396
2022-06-18,wiki_ext,22845
2022-06-19,wiki_ext,26328
2022-06-20,wiki_ext,28132
2022-06-21,wiki_ext,25343
2022-06-22,wiki_ext,27506
2022-06-23,wiki_ext,24723
2022-06-24,wiki_ext,21763
2022-06-25,wiki_ext,21190
2022-06-26,wiki_ext,24124
2022-06-27,wiki_ext,21743
2022-06-28,wiki_ext,21376
2022-06-29,wiki_ext,22039
2022-06-30,wiki_ext,21485
2022-07-01,wiki_ext,19813
2022-07-02,wiki_ext,19025
2022-07-03,wiki_ext,28827
2022-07-04,wiki_ext,56075
2022-07-05,wiki_ext,42525
2022-07-06,wiki_ext,41865
2022-07-07,wiki_ext,49873
2022-07-08,wiki_ext,44864
2022-07-09,wiki_ext,27060
2022-07-10,wiki_ext,27675
2022-07-11,wiki_ext,25015
2022-07-12,wiki_ext,23207
2022-07-13,wiki_ext,25994
2022-07-14,wiki_ext,32897
2022-07-15,wiki_ext,30664
2022-07-16,wiki_ext,27104
2022-07-17,wiki_ext,27643
2022-07-18,wiki_ext,26756
2022-07-19,wiki_ext,22833
2022-07-20,wiki_ext,21923
2022-07-21,wiki_ext,25537
2022-07-22,wiki_ext,31043
2022-07-23,wiki_ext,20450
2022-07-24,wiki_ext,19448
2022-07-25,wiki_ext,21167
2022-07-26,wiki_ext,20906
2022-07-27,wiki_ext,23219
2022-07-28,wiki_ext,23707
2022-07-29,wiki_ext,17679
2022-07-30,wiki_ext,17140
2022-07-31,wiki_ext,29910
2022-08-01,wiki_ext,20587
2022-08-02,wiki_ext,18707
2022-08-03,wiki_ext,22225
2022-08-04,wiki_ext,64551
2022-08-05,wiki_ext,50324
2022-08-06,wiki_ext,33374
2022-08-07,wiki_ext,32468
2022-08-08,wiki_ext,93322
2022-08-09,wiki_ext,64681
2022-08-10,wiki_ext,32805
2022-08-11,wiki_ext,26153
2022-08-12,wiki_ext,24885
2022-08-13,wiki_ext,34761
2022-08-14,wiki_ext,27283
2022-08-15,wiki_ext,25162
2022-08-16,wiki_ext,35410
2022-08-17,wiki_ext,22471
2022-08-18,wiki_ext,21958
2022-08-19,wiki_ext,20613
2022-08-20,wiki_ext,19031
2022-08-21,wiki_ext,19456
2022-08-22,wiki_ext,23364
2022-08-23,wiki_ext,35500
2022-08-24,wiki_ext,36925
2022-08-25,wiki_ext,24530
2022-08-26,wiki_ext,20590
2022-08-27,wiki_ext,17263
2022-08-28,wiki_ext,18834
2022-08-29,wiki_ext,20497
2022-08-30,wiki_ext,20980
2022-08-31,wiki_ext,19405
2022-09-01,wiki_ext,21405
2022-09-02,wiki_ext,19537
2022-09-03,wiki_ext,18857
2022-09-04,wiki_ext,19988
2022-09-05,wiki_ext,20112
2022-09-06,wiki_ext,20482
2022-09-07,wiki_ext,20182
2022-09-08,wiki_ext,23037
2022-09-09,wiki_ext,19813
2022-09-10,wiki_ext,18330
2022-09-11,wiki_ext,21313
2022-09-12,wiki_ext,21015
2022-09-13,wiki_ext,19934
2022-09-14,wiki_ext,20824
2022-09-15,wiki_ext,21203
2022-09-16,wiki_ext,20302
2022-09-17,wiki_ext,17646
2022-09-18,wiki_ext,18786
2022-09-19,wiki_ext,21129
2022-09-20,wiki_ext,21980
2022-09-21,wiki_ext,22322
2022-09-22,wiki_ext,21578
2022-09-23,wiki_ext,24341
2022-09-24,wiki_ext,43387
2022-09-25,wiki_ext,34051
2022-09-26,wiki_ext,24791
2022-09-27,wiki_ext,22912
2022-09-28,wiki_ext,21406
2022-09-29,wiki_ext,19690
2022-09-30,wiki_ext,20025
2022-10-01,wiki_ext,15816
2022-10-02,wiki_ext,17067
2022-10-03,wiki_ext,18572
2022-10-04,wiki_ext,18544
2022-10-05,wiki_ext,19110
2022-10-06,wiki_ext,20933
2022-10-07,wiki_ext,21206
2022-10-08,wiki_ext,21459
2022-10-09,wiki_ext,18491
2022-10-10,wiki_ext,21183
2022-10-11,wiki_ext,21815
2022-10-12,wiki_ext,22392
2022-10-13,wiki_ext,23793
2022-10-14,wiki_ext,22370
2022-10-15,wiki_ext,17367
2022-10-16,wiki_ext,23505
2022-10-17,wiki_ext,31346
2022-10-18,wiki_ext,29885
2022-10-19,wiki_ext,33009
2022-10-20,wiki_ext,27586
2022-10-21,wiki_ext,24112
2022-10-22,wiki_ext,20200
2022-10-23,wiki_ext,22364
2022-10-24,wiki_ext,26113
2022-10-25,wiki_ext,26105
2022-10-26,wiki_ext,27069
2022-10-27,wiki_ext,25636
2022-10-28,wiki_ext,21474
2022-10-29,wiki_ext,18406
2022-10-30,wiki_ext,20108
2022-10-31,wiki_ext,22730
2022-11-01,wiki_ext,20622
2022-11-02,wiki_ext,19455
2022-11-03,wiki_ext,20178
2022-11-04,wiki_ext,22429
2022-11-05,wiki_ext,25700
2022-11-06,wiki_ext,17521
2022-11-07,wiki_ext,20504
2022-11-08,wiki_ext,20900
2022-11-09,wiki_ext,19819
2022-11-10,wiki_ext,19801
2022-11-11,wiki_ext,17983
2022-11-12,wiki_ext,15680
2022-11-13,wiki_ext,16788
2022-11-14,wiki_ext,19208
2022-11-15,wiki_ext,18648
2022-11-16,wiki_ext,19208
2022-11-17,wiki_ext,23634
2022-11-18,wiki_ext,26819
2022-11-19,wiki_ext,23480
2022-11-20,wiki_ext,21483
2022-11-21,wiki_ext,21557
2022-11-22,wiki_ext,22711
2022-11-23,wiki_ext,29806
2022-11-24,wiki_ext,25313
2022-11-25,wiki_ext,18241
2022-11-26,wiki_ext,17452
2022-11-27,wiki_ext,18752
2022-11-28,wiki_ext,20724
2022-11-29,wiki_ext,23208
2022-11-30,wiki_ext,21538
2022-12-01,wiki_ext,20111
2022-12-02,wiki_ext,17607
2022-12-03,wiki_ext,15655
2022-12-04,wiki_ext,17574
2022-12-05,wiki_ext,29727
2022-12-06,wiki_ext,26127
2022-12-07,wiki_ext,27892
2022-12-08,wiki_ext,23812
2022-12-09,wiki_ext,23073
2022-12-10,wiki_ext,21724
2022-12-11,wiki_ext,18608
2022-12-12,wiki_ext,24513
2022-12-13,wiki_ext,24577
2022-12-14,wiki_ext,24942
2022-12-15,wiki_ext,42320
2022-12-16,wiki_ext,43421
2022-12-17,wiki_ext,27178
2022-12-18,wiki_ext,20348
2022-12-19,wiki_ext,18500
2022-12-20,wiki_ext,23788
2022-12-21,wiki_ext,26306
2022-12-22,wiki_ext,17330
2022-12-23,wiki_ext,16027
2022-12-24,wiki_ext,14924
2022-12-25,wiki_ext,13167
2022-12-26,wiki_ext,15668
2022-12-27,wiki_ext,17797
2022-12-28,wiki_ext,17361
2022-12-29,wiki_ext,17340
2022-12-30,wiki_ext,18284
2022-12-31,wiki_ext,16762
2023-01-01,wiki_ext,16465
2023-01-02,wiki_ext,19363
2023-01-03,wiki_ext,18160
2023-01-04,wiki_ext,18202
2023-01-05,wiki_ext,18747
2023-01-06,wiki_ext,20387
2023-01-07,wiki_ext,19549
2023-01-08,wiki_ext,20032
2023-01-09,wiki_ext,20825
2023-01-10,wiki_ext,21220
2023-01-11,wiki_ext,20913
2023-01-12,wiki_ext,23299
2023-01-13,wiki_ext,36691
2023-01-14,wiki_ext,36820
2023-01-15,wiki_ext,32771
2023-01-16,wiki_ext,27969
2023-01-17,wiki_ext,25249
2023-01-18,wiki_ext,26715
2023-01-19,wiki_ext,27449
2023-01-20,wiki_ext,23984
2023-01-21,wiki_ext,29436
2023-01-22,wiki_ext,26621
2023-01-23,wiki_ext,25566
2023-01-24,wiki_ext,32359
2023-01-25,wiki_ext,33877
2023-01-26,wiki_ext,148172
2023-01-27,wiki_ext,291156
2023-01-28,wiki_ext,728790
2023-01-29,wiki_ext,319454
2023-01-30,wiki_ext,214928
2023-01-31,wiki_ext,134385
2023-02-01,wiki_ext,117329
2023-02-02,wiki_ext,96530
2023-02-03,wiki_ext,52509
2023-02-04,wiki_ext,40570
2023-02-05,wiki_ext,36044
2023-02-06,wiki_ext,35191
2023-02-07,wiki_ext,31323
2023-02-08,wiki_ext,54452
2023-02-09,wiki_ext,31935
2023-02-10,wiki_ext,26828
2023-02-11,wiki_ext,24167
2023-02-12,wiki_ext,21412
2023-02-13,wiki_ext,23658
2023-02-14,wiki_ext,26739
2023-02-15,wiki_ext,31038
2023-02-16,wiki_ext,28489
2023-02-17,wiki_ext,31590
2023-02-18,wiki_ext,23739
2023-02-19,wiki_ext,22249
2023-02-20,wiki_ext,20416
2023-02-21,wiki_ext,21343
2023-02-22,wiki_ext,22393
2023-02-23,wiki_ext,23638
2023-02-24,wiki_ext,22686
2023-02-25,wiki_ext,19825
2023-02-26,wiki_ext,22622
2023-02-27,wiki_ext,24950
2023-02-28,wiki_ext,24577
2023-03-01,wiki_ext,24028
2023-03-02,wiki_ext,22949
2023-03-03,wiki_ext,24687
2023-03-04,wiki_ext,19364
2023-03-05,wiki_ext,19438
2023-03-06,wiki_ext,22505
2023-03-07,wiki_ext,21769
2023-03-08,wiki_ext,27672
2023-03-09,wiki_ext,28151
2023-03-10,wiki_ext,21177
2023-03-11,wiki_ext,20486
2023-03-12,wiki_ext,18817
2023-03-13,wiki_ext,23833
2023-03-14,wiki_ext,25150
2023-03-15,wiki_ext,22201
2023-03-16,wiki_ext,19431
2023-03-17,wiki_ext,18825
2023-03-18,wiki_ext,16091
2023-03-19,wiki_ext,18965
2023-03-20,wiki_ext,21022
2023-03-21,wiki_ext,20008
2023-03-22,wiki_ext,19666
2023-03-23,wiki_ext,19250
2023-03-24,wiki_ext,18848
2023-03-25,wiki_ext,17178
2023-03-26,wiki_ext,28980
2023-03-27,wiki_ext,21017
2023-03-28,wiki_ext,20848
2023-03-29,wiki_ext,20595
2023-03-30,wiki_ext,22369
2023-03-31,wiki_ext,19676
2023-04-01,wiki_ext,15391
2023-04-02,wiki_ext,15948
2023-04-03,wiki_ext,18263
2023-04-04,wiki_ext,19685
2023-04-05,wiki_ext,19043
2023-04-06,wiki_ext,17941
2023-04-07,wiki_ext,18669
2023-04-08,wiki_ext,18079
2023-04-09,wiki_ext,16316
2023-04-10,wiki_ext,21832
2023-04-11,wiki_ext,23365
2023-04-12,wiki_ext,21379
2023-04-13,wiki_ext,19623
2023-04-14,wiki_ext,18610
2023-04-15,wiki_ext,16855
2023-04-16,wiki_ext,17977
2023-04-17,wiki_ext,37674
2023-04-18,wiki_ext,42372
2023-04-19,wiki_ext,36560
2023-04-20,wiki_ext,32319
2023-04-21,wiki_ext,27073
2023-04-22,wiki_ext,21054
2023-04-23,wiki_ext,21151
2023-04-24,wiki_ext,37096
2023-04-25,wiki_ext,32976
2023-04-26,wiki_ext,24148
2023-04-27,wiki_ext,21692
2023-04-28,wiki_ext,19547
2023-04-29,wiki_ext,16636
2023-04-30,wiki_ext,17554
2023-05-01,wiki_ext,20531
2023-05-02,wiki_ext,26113
2023-05-03,wiki_ext,23733
2023-05-04,wiki_ext,27681
2023-05-05,wiki_ext,24487
2023-05-06,wiki_ext,18025
2023-05-07,wiki_ext,20297
2023-05-08,wiki_ext,29386
2023-05-09,wiki_ext,38955
2023-05-10,wiki_ext,21898
2023-05-11,wiki_ext,18610
2023-05-12,wiki_ext,19954
2023-05-13,wiki_ext,16639
2023-05-14,wiki_ext,18540
2023-05-15,wiki_ext,20690
2023-05-16,wiki_ext,19969
2023-05-17,wiki_ext,19037
2023-05-18,wiki_ext,19821
2023-05-19,wiki_ext,18438
2023-05-20,wiki_ext,18569
2023-05-21,wiki_ext,19902
2023-05-22,wiki_ext,22069
2023-05-23,wiki_ext,21414
2023-05-24,wiki_ext,24035
2023-05-25,wiki_ext,44254
2023-05-26,wiki_ext,34903
2023-05-27,wiki_ext,22576
2023-05-28,wiki_ext,20721
2023-05-29,wiki_ext,20272
2023-05-30,wiki_ext,20682
2023-05-31,wiki_ext,19688
2023-06-01,wiki_ext,18911
2023-06-02,wiki_ext,18002
2023-06-03,wiki_ext,18541
2023-06-04,wiki_ext,18575
2023-06-05,wiki_ext,21322
2023-06-06,wiki_ext,21471
2023-06-07,wiki_ext,22029
2023-06-08,wiki_ext,18568
2023-06-09,wiki_ext,17173
2023-06-10,wiki_ext,15821
2023-06-11,wiki_ext,17691
2023-06-12,wiki_ext,19673
2023-06-13,wiki_ext,19091
2023-06-14,wiki_ext,18979
2023-06-15,wiki_ext,17751
2023-06-16,wiki_ext,22206
2023-06-17,wiki_ext,19466
2023-06-18,wiki_ext,20389
2023-06-19,wiki_ext,25065
2023-06-20,wiki_ext,20467
2023-06-21,wiki_ext,18167
2023-06-22,wiki_ext,17874
2023-06-23,wiki_ext,18743
2023-06-24,wiki_ext,16748
2023-06-25,wiki_ext,22121
2023-06-26,wiki_ext,20688
2023-06-27,wiki_ext,19107
2023-06-28,wiki_ext,18738
2023-06-29,wiki_ext,18830
2023-06-30,wiki_ext,21150
2023-07-01,wiki_ext,20275
2023-07-02,wiki_ext,21976
2023-07-03,wiki_ext,19701
2023-07-04,wiki_ext,18682
2023-07-05,wiki_ext,17401
2023-07-06,wiki_ext,20070
2023-07-07,wiki_ext,18746
2023-07-08,wiki_ext,17212
2023-07-09,wiki_ext,16308
2023-07-10,wiki_ext,18490
2023-07-11,wiki_ext,16396
2023-07-12,wiki_ext,18426
2023-07-13,wiki_ext,19013
2023-07-14,wiki_ext,17516
2023-07-15,wiki_ext,15374
2023-07-16,wiki_ext,15467
2023-07-17,wiki_ext,17448
2023-07-18,wiki_ext,18221
2023-07-19,wiki_ext,17400
2023-07-20,wiki_ext,20840
2023-07-21,wiki_ext,20790
2023-07-22,wiki_ext,20988
2023-07-23,wiki_ext,29511
2023-07-24,wiki_ext,24418
2023-07-25,wiki_ext,22878
2023-07-26,wiki_ext,18816
2023-07-27,wiki_ext,21676
2023-07-28,wiki_ext,18254
2023-07-29,wiki_ext,15648
2023-07-30,wiki_ext,22338
2023-07-31,wiki_ext,20413
2023-08-01,wiki_ext,17948
2023-08-02,wiki_ext,17752
2023-08-03,wiki_ext,16852
2023-08-04,wiki_ext,23727
2023-08-05,wiki_ext,18770
2023-08-06,wiki_ext,19641
2023-08-07,wiki_ext,28401
2023-08-08,wiki_ext,26914
2023-08-09,wiki_ext,24349
2023-08-10,wiki_ext,25586
2023-08-11,wiki_ext,23524
2023-08-12,wiki_ext,21861
2023-08-13,wiki_ext,20323
2023-08-14,wiki_ext,21703
2023-08-15,wiki_ext,19624
2023-08-16,wiki_ext,20551
2023-08-17,wiki_ext,26236
2023-08-18,wiki_ext,25440
2023-08-19,wiki_ext,18078
2023-08-20,wiki_ext,17773
2023-08-21,wiki_ext,19581
2023-08-22,wiki_ext,18969
2023-08-23,wiki_ext,18046
2023-08-24,wiki_ext,17608
2023-08-25,wiki_ext,16482
2023-08-26,wiki_ext,16452
2023-08-27,wiki_ext,16168
2023-08-28,wiki_ext,17624
2023-08-29,wiki_ext,18221
2023-08-30,wiki_ext,17699
2023-08-31,wiki_ext,17610
2023-09-01,wiki_ext,18636
2023-09-02,wiki_ext,22221
2023-09-03,wiki_ext,17230
2023-09-04,wiki_ext,17121
2023-09-05,wiki_ext,17699
2023-09-06,wiki_ext,18473
2023-09-07,wiki_ext,19874
2023-09-08,wiki_ext,17998
2023-09-09,wiki_ext,16616
2023-09-10,wiki_ext,16852
2023-09-11,wiki_ext,17737
2023-09-12,wiki_ext,26618
2023-09-13,wiki_ext,28504
2023-09-14,wiki_ext,21972
2023-09-15,wiki_ext,19032
2023-09-16,wiki_ext,17771
2023-09-17,wiki_ext,17365
2023-09-18,wiki_ext,19806
2023-09-19,wiki_ext,19270
2023-09-20,wiki_ext,21094
2023-09-21,wiki_ext,21815
2023-09-22,wiki_ext,18247
2023-09-23,wiki_ext,16647
2023-09-24,wiki_ext,25563
2023-09-25,wiki_ext,24304
2023-09-26,wiki_ext,27818
2023-09-27,wiki_ext,30377
2023-09-28,wiki_ext,24779
2023-09-29,wiki_ext,21629
2023-09-30,wiki_ext,20377
2023-10-01,wiki_ext,20332
2023-10-02,wiki_ext,19238
2023-10-03,wiki_ext,17845
2023-10-04,wiki_ext,19088
2023-10-05,wiki_ext,18788
2023-10-06,wiki_ext,17532
2023-10-07,wiki_ext,16379
2023-10-08,wiki_ext,15018
2023-10-09,wiki_ext,17555
2023-10-10,wiki_ext,19586
2023-10-11,wiki_ext,17380
2023-10-12,wiki_ext,21779
2023-10-13,wiki_ext,37216
2023-10-14,wiki_ext,19509
2023-10-15,wiki_ext,16998
2023-10-16,wiki_ext,17440
2023-10-17,wiki_ext,17650
2023-10-18,wiki_ext,17560
2023-10-19,wiki_ext,17671
2023-10-20,wiki_ext,16892
2023-10-21,wiki_ext,21820
2023-10-22,wiki_ext,22174
2023-10-23,wiki_ext,21348
2023-10-24,wiki_ext,20670
2023-10-25,wiki_ext,20945
2023-10-26,wiki_ext,19416
2023-10-27,wiki_ext,18368
2023-10-28,wiki_ext,16196
2023-10-29,wiki_ext,17290
2023-10-30,wiki_ext,18870
2023-10-31,wiki_ext,18332
2023-11-01,wiki_ext,17741
2023-11-02,wiki_ext,23996
2023-11-03,wiki_ext,20191
2023-11-04,wiki_ext,14836
2023-11-05,wiki_ext,15530
2023-11-06,wiki_ext,23274
2023-11-07,wiki_ext,40274
2023-11-08,wiki_ext,27503
2023-11-09,wiki_ext,21555
2023-11-10,wiki_ext,19119
2023-11-11,wiki_ext,15377
2023-11-12,wiki_ext,15508
2023-11-13,wiki_ext,17920
2023-11-14,wiki_ext,18827
2023-11-15,wiki_ext,19452
2023-11-16,wiki_ext,21442
2023-11-17,wiki_ext,21180
2023-11-18,wiki_ext,15185
2023-11-19,wiki_ext,16122
2023-11-20,wiki_ext,20284
2023-11-21,wiki_ext,25861
2023-11-22,wiki_ext,19094
2023-11-23,wiki_ext,21721
2023-11-24,wiki_ext,15928
2023-11-25,wiki_ext,90807
2023-11-26,wiki_ext,46018
2023-11-27,wiki_ext,33759
2023-11-28,wiki_ext,28560
2023-11-29,wiki_ext,26576
2023-11-30,wiki_ext,24640
2023-12-01,wiki_ext,24392
2023-12-02,wiki_ext,40615
2023-12-03,wiki_ext,23009
2023-12-04,wiki_ext,26465
2023-12-05,wiki_ext,23420
2023-12-06,wiki_ext,22372
2023-12-07,wiki_ext,20124
2023-12-08,wiki_ext,17987
2023-12-09,wiki_ext,16731
2023-12-10,wiki_ext,19925
2023-12-11,wiki_ext,29513
2023-12-12,wiki_ext,22542
2023-12-13,wiki_ext,20691
2023-12-14,wiki_ext,20254
2023-12-15,wiki_ext,18768
2023-12-16,wiki_ext,15979
2023-12-17,wiki_ext,18794
2023-12-18,wiki_ext,19080
2023-12-19,wiki_ext,17883
2023-12-20,wiki_ext,16934
2023-12-21,wiki_ext,19127
2023-12-22,wiki_ext,27713
2023-12-23,wiki_ext,78352
2023-12-24,wiki_ext,28519
2023-12-25,wiki_ext,19003
2023-12-26,wiki_ext,17951
2023-12-27,wiki_ext,17442
2023-12-28,wiki_ext,18575
2023-12-29,wiki_ext,20446
2023-12-30,wiki_ext,19643
2023-12-31,wiki_ext,17428
2024-01-01,wiki_ext,15768
2024-01-02,wiki_ext,17279
2024-01-03,wiki_ext,19547
2024-01-04,wiki_ext,17852
2024-01-05,wiki_ext,19465
2024-01-06,wiki_ext,24413
2024-01-07,wiki_ext,21946
2024-01-08,wiki_ext,20192
2024-01-09,wiki_ext,18947
2024-01-10,wiki_ext,19254
2024-01-11,wiki_ext,20151
2024-01-12,wiki_ext,18288
2024-01-13,wiki_ext,23779
2024-01-14,wiki_ext,22023
2024-01-15,wiki_ext,19710
2024-01-16,wiki_ext,27437
2024-01-17,wiki_ext,25206
2024-01-18,wiki_ext,31734
2024-01-19,wiki_ext,22097
2024-01-20,wiki_ext,16973
2024-01-21,wiki_ext,18943
2024-01-22,wiki_ext,19651
2024-01-23,wiki_ext,20015
2024-01-24,wiki_ext,19660
2024-01-25,wiki_ext,21091
2024-01-26,wiki_ext,18097
2024-01-27,wiki_ext,16328
2024-01-28,wiki_ext,17500
2024-01-29,wiki_ext,20322
2024-01-30,wiki_ext,22249
2024-01-31,wiki_ext,20803
2024-02-01,wiki_ext,20263
2024-02-02,wiki_ext,19312
2024-02-03,wiki_ext,16234
2024-02-04,wiki_ext,18072
2024-02-05,wiki_ext,20744
2024-02-06,wiki_ext,20704
2024-02-07,wiki_ext,24438
2024-02-08,wiki_ext,23803
2024-02-09,wiki_ext,19406
2024-02-10,wiki_ext,16865
2024-02-11,wiki_ext,23931
2024-02-12,wiki_ext,21366
2024-02-13,wiki_ext,20925
2024-02-14,wiki_ext,21112
2024-02-15,wiki_ext,20197
2024-02-16,wiki_ext,18642
2024-02-17,wiki_ext,16437
2024-02-18,wiki_ext,17592
2024-02-19,wiki_ext,19638
2024-02-20,wiki_ext,20451
2024-02-21,wiki_ext,20277
2024-02-22,wiki_ext,20643
2024-02-23,wiki_ext,22469
2024-02-24,wiki_ext,19069
2024-02-25,wiki_ext,18100
2024-02-26,wiki_ext,21647
2024-02-27,wiki_ext,22396
2024-02-28,wiki_ext,21358
2024-02-29,wiki_ext,19958
2024-03-01,wiki_ext,25404
2024-03-02,wiki_ext,46043
2024-03-03,wiki_ext,22413
2024-03-04,wiki_ext,21641
2024-03-05,wiki_ext,21327
2024-03-06,wiki_ext,19773
2024-03-07,wiki_ext,20265
2024-03-08,wiki_ext,18747
2024-03-09,wiki_ext,16225
2024-03-10,wiki_ext,17124
2024-03-11,wiki_ext,19165
2024-03-12,wiki_ext,19898
2024-03-13,wiki_ext,21994
2024-03-14,wiki_ext,22858
2024-03-15,wiki_ext,25907
2024-03-16,wiki_ext,29719
2024-03-17,wiki_ext,18018
2024-03-18,wiki_ext,19266
2024-03-19,wiki_ext,19618
2024-03-20,wiki_ext,19198
2024-03-21,wiki_ext,22109
2024-03-22,wiki_ext,19863
2024-03-23,wiki_ext,16847
2024-03-24,wiki_ext,16589
2024-03-25,wiki_ext,18498
2024-03-26,wiki_ext,19759
2024-03-27,wiki_ext,21296
2024-03-28,wiki_ext,19404
2024-03-29,wiki_ext,17441
2024-03-30,wiki_ext,15335
2024-03-31,wiki_ext,14617
2024-04-01,wiki_ext,18830
2024-04-02,wiki_ext,21582
2024-04-03,wiki_ext,22337
2024-04-04,wiki_ext,21411
2024-04-05,wiki_ext,19661
2024-04-06,wiki_ext,16259
2024-04-07,wiki_ext,16372
2024-04-08,wiki_ext,18209
2024-04-09,wiki_ext,19692
2024-04-10,wiki_ext,20319
2024-04-11,wiki_ext,23674
2024-04-12,wiki_ext,21967
2024-04-13,wiki_ext,17412
2024-04-14,wiki_ext,17692
2024-04-15,wiki_ext,20075
2024-04-16,wiki_ext,22656
2024-04-17,wiki_ext,23608
2024-04-18,wiki_ext,21210
2024-04-19,wiki_ext,19846
2024-04-20,wiki_ext,17421
2024-04-21,wiki_ext,19001
2024-04-22,wiki_ext,19837
2024-04-23,wiki_ext,18966
2024-04-24,wiki_ext,18665
2024-04-25,wiki_ext,19940
2024-04-26,wiki_ext,25485
2024-04-27,wiki_ext,28622
2024-04-28,wiki_ext,25906
2024-04-29,wiki_ext,22905
2024-04-30,wiki_ext,21587
2024-05-01,wiki_ext,20851
2024-05-02,wiki_ext,20904
2024-05-03,wiki_ext,19166
2024-05-04,wiki_ext,15711
2024-05-05,wiki_ext,17579
2024-05-06,wiki_ext,19664
2024-05-07,wiki_ext,19003
2024-05-08,wiki_ext,20960
2024-05-09,wiki_ext,23662
2024-05-10,wiki_ext,21566
2024-05-11,wiki_ext,17224
2024-05-12,wiki_ext,16539
2024-05-13,wiki_ext,20838
2024-05-14,wiki_ext,19300
2024-05-15,wiki_ext,18443
2024-05-16,wiki_ext,19990
2024-05-17,wiki_ext,28083
2024-05-18,wiki_ext,20372
2024-05-19,wiki_ext,18547
2024-05-20,wiki_ext,23189
2024-05-21,wiki_ext,27019
2024-05-22,wiki_ext,26219
2024-05-23,wiki_ext,33003
2024-05-24,wiki_ext,29416
2024-05-25,wiki_ext,50512
2024-05-26,wiki_ext,51630
2024-05-27,wiki_ext,33167
2024-05-28,wiki_ext,28680
2024-05-29,wiki_ext,24981
2024-05-30,wiki_ext,22180
2024-05-31,wiki_ext,20514
2024-06-01,wiki_ext,17996
2024-06-02,wiki_ext,20264
2024-06-03,wiki_ext,27281
2024-06-04,wiki_ext,26479
2024-06-05,wiki_ext,26533
2024-06-06,wiki_ext,23268
2024-06-07,wiki_ext,21762
2024-06-08,wiki_ext,18943
2024-06-09,wiki_ext,19657
2024-06-10,wiki_ext,19738
2024-06-11,wiki_ext,22778
2024-06-12,wiki_ext,20210
2024-06-13,wiki_ext,25993
2024-06-14,wiki_ext,22510
2024-06-15,wiki_ext,17315
2024-06-16,wiki_ext,18156
2024-06-17,wiki_ext,17944
2024-06-18,wiki_ext,19046
2024-06-19,wiki_ext,25275
2024-06-20,wiki_ext,20334
2024-06-21,wiki_ext,17275
2024-06-22,wiki_ext,16921
2024-06-23,wiki_ext,17422
2024-06-24,wiki_ext,17801
2024-06-25,wiki_ext,20296
2024-06-26,wiki_ext,21472
2024-06-27,wiki_ext,19666
2024-06-28,wiki_ext,17454
2024-06-29,wiki_ext,15499
2024-06-30,wiki_ext,16381
2024-07-01,wiki_ext,17140
2024-07-02,wiki_ext,19566
2024-07-03,wiki_ext,16691
2024-07-04,wiki_ext,16730
2024-07-05,wiki_ext,29958
2024-07-06,wiki_ext,28106
2024-07-07,wiki_ext,19179
2024-07-08,wiki_ext,17672
2024-07-09,wiki_ext,17013
2024-07-10,wiki_ext,16946
2024-07-11,wiki_ext,17417
2024-07-12,wiki_ext,18374
2024-07-13,wiki_ext,18406
2024-07-14,wiki_ext,20645
2024-07-15,wiki_ext,18021
2024-07-16,wiki_ext,16906
2024-07-17,wiki_ext,22529
2024-07-18,wiki_ext,19315
2024-07-19,wiki_ext,16640
2024-07-20,wiki_ext,16047
2024-07-21,wiki_ext,16104
2024-07-22,wiki_ext,17834
2024-07-23,wiki_ext,38667
2024-07-24,wiki_ext,53440
2024-07-25,wiki_ext,43851
2024-07-26,wiki_ext,30560
2024-07-27,wiki_ext,23372
2024-07-28,wiki_ext,23434
2024-07-29,wiki_ext,24547
2024-07-30,wiki_ext,24714
2024-07-31,wiki_ext,19354
2024-08-01,wiki_ext,18488
2024-08-02,wiki_ext,18968
2024-08-03,wiki_ext,17934
2024-08-04,wiki_ext,18075
2024-08-05,wiki_ext,18173
2024-08-06,wiki_ext,31119
2024-08-07,wiki_ext,31871
2024-08-08,wiki_ext,25148
2024-08-09,wiki_ext,42356
2024-08-10,wiki_ext,35250
2024-08-11,wiki_ext,27825
2024-08-12,wiki_ext,23742
2024-08-13,wiki_ext,24088
2024-08-14,wiki_ext,27358
2024-08-15,wiki_ext,23080
2024-08-16,wiki_ext,18723
2024-08-17,wiki_ext,19978
2024-08-18,wiki_ext,19205
2024-08-19,wiki_ext,17833
2024-08-20,wiki_ext,22438
2024-08-21,wiki_ext,23666
2024-08-22,wiki_ext,20468
2024-08-23,wiki_ext,31771
2024-08-24,wiki_ext,32846
2024-08-25,wiki_ext,23954
2024-08-26,wiki_ext,20469
2024-08-27,wiki_ext,18244
2024-08-28,wiki_ext,18746
2024-08-29,wiki_ext,18462
2024-08-30,wiki_ext,20313
2024-08-31,wiki_ext,15609
2024-09-01,wiki_ext,16207
2024-09-02,wiki_ext,16410
2024-09-03,wiki_ext,16787
2024-09-04,wiki_ext,28157
2024-09-05,wiki_ext,25180
2024-09-06,wiki_ext,21697
2024-09-07,wiki_ext,17576
2024-09-08,wiki_ext,17998
2024-09-09,wiki_ext,26133
2024-09-10,wiki_ext,23246
2024-09-11,wiki_ext,20794
2024-09-12,wiki_ext,20027
2024-09-13,wiki_ext,19644
2024-09-14,wiki_ext,22375
2024-09-15,wiki_ext,24315
2024-09-16,wiki_ext,23240
2024-09-17,wiki_ext,22594
2024-09-18,wiki_ext,20896
2024-09-19,wiki_ext,18091
2024-09-20,wiki_ext,35587
2024-09-21,wiki_ext,23822
2024-09-22,wiki_ext,19558
2024-09-23,wiki_ext,20442
2024-09-24,wiki_ext,19965
2024-09-25,wiki_ext,21554
2024-09-26,wiki_ext,21352
2024-09-27,wiki_ext,18446
2024-09-28,wiki_ext,15109
2024-09-29,wiki_ext,15223
2024-09-30,wiki_ext,17692
2024-10-01,wiki_ext,17809
2024-10-02,wiki_ext,19882
2024-10-03,wiki_ext,26083
2024-10-04,wiki_ext,32996
2024-10-05,wiki_ext,20017
2024-10-06,wiki_ext,18804
2024-10-07,wiki_ext,21577
2024-10-08,wiki_ext,44449
2024-10-09,wiki_ext,19641
2024-10-10,wiki_ext,23020
2024-10-11,wiki_ext,17005
2024-10-12,wiki_ext,15329
2024-10-13,wiki_ext,16609
2024-10-14,wiki_ext,19996
2024-10-15,wiki_ext,24612
2024-10-16,wiki_ext,27410
2024-10-17,wiki_ext,21037
2024-10-18,wiki_ext,20406
2024-10-19,wiki_ext,15831
2024-10-20,wiki_ext,17456
2024-10-21,wiki_ext,22420
2024-10-22,wiki_ext,21800
2024-10-23,wiki_ext,18828
2024-10-24,wiki_ext,18850
2024-10-25,wiki_ext,17276
2024-10-26,wiki_ext,14061
2024-10-27,wiki_ext,15910
2024-10-28,wiki_ext,19121
2024-10-29,wiki_ext,18725
2024-10-30,wiki_ext,18621
2024-10-31,wiki_ext,16740
2024-11-01,wiki_ext,15703
2024-11-02,wiki_ext,34172
2024-11-03,wiki_ext,25742
2024-11-04,wiki_ext,27258
2024-11-05,wiki_ext,24532
2024-11-06,wiki_ext,25260
2024-11-07,wiki_ext,21440
2024-11-08,wiki_ext,20462
2024-11-09,wiki_ext,31307
2024-11-10,wiki_ext,18626
2024-11-11,wiki_ext,18270
2024-11-12,wiki_ext,19166
2024-11-13,wiki_ext,20280
2024-11-14,wiki_ext,18198
2024-11-15,wiki_ext,17220
2024-11-16,wiki_ext,14464
2024-11-17,wiki_ext,15675
2024-11-18,wiki_ext,17831
2024-11-19,wiki_ext,18031
2024-11-20,wiki_ext,17493
2024-11-21,wiki_ext,18628
2024-11-22,wiki_ext,19923
2024-11-23,wiki_ext,18438
2024-11-24,wiki_ext,16173
2024-11-25,wiki_ext,17176
2024-11-26,wiki_ext,17513
2024-11-27,wiki_ext,16643
2024-11-28,wiki_ext,14984
2024-11-29,wiki_ext,14741
2024-11-30,wiki_ext,13810
2024-12-01,wiki_ext,16720
2024-12-02,wiki_ext,22507
2024-12-03,wiki_ext,25269
2024-12-04,wiki_ext,19175
2024-12-05,wiki_ext,19653
2024-12-06,wiki_ext,20023
2024-12-07,wiki_ext,17961
2024-12-08,wiki_ext,16165
2024-12-09,wiki_ext,22754
2024-12-10,wiki_ext,24642
2024-12-11,wiki_ext,22633
2024-12-12,wiki_ext,23465
2024-12-13,wiki_ext,21805
2024-12-14,wiki_ext,17413
2024-12-15,wiki_ext,17573
2024-12-16,wiki_ext,18613
2024-12-17,wiki_ext,19517
2024-12-18,wiki_ext,20965
2024-12-19,wiki_ext,18751
2024-12-20,wiki_ext,17387
2024-12-21,wiki_ext,17259
2024-12-22,wiki_ext,16851
2024-12-23,wiki_ext,17374
2024-12-24,wiki_ext,18581
2024-12-25,wiki_ext,15258
2024-12-26,wiki_ext,16446
2024-12-27,wiki_ext,16729
2024-12-28,wiki_ext,18280
2024-12-29,wiki_ext,18968
2024-12-30,wiki_ext,20161
2024-12-31,wiki_ext,16492
