source_id,description,url,accessed_utc,sha256,payload_sha256,output_file,generator,generator_code_sha256
S7,"NYC DCP ACS 2015-2019 demographic profile, NTA2020 level",https://s-media.nyc.gov/agencies/dcp/assets/files/excel/data-tools/census/acs/demo_2019_acs5yr_nta.xlsx,2026-07-12T14:28:37+00:00,,6716e586792dc42dab787649ced09ccfd32272473a9a2dca8875597545dd2652,data/reference/acs_2019_cd_demographics.csv,,
S8,"Wikimedia pageviews, top-150 victims, en.wikipedia 2017-2020",https://wikimedia.org/api/rest_v1/metrics/pageviews/per-article/,2026-07-12T14:58:05+00:00,988fcfe42c60d950fd895e4888da39b7dee9b93dcaef0c37f6393561767484b1,,data/reference/wikipedia_pageviews_victims.csv,,
S12,"Google Trends daily 'police brutality', US + NYC DMA 501, stitched 180d/60d",https://trends.google.com (via pytrends),2026-07-13T09:46:30+00:00,76fbb1e9674ff86673ad2ea78004f07b9b46e4ffee152c9a97bffe8799d2f10e,,data/reference/cai_trends_daily.csv,,
S11,"CAI components gdelt_news/gdelt_tv/wiki_ext 2015-01-01..2024-12-31; query=(""police shooting"" OR ""police killing"" OR ""killed by police"" OR ""police brutality"")",api.gdeltproject.org/api/v2 + wikimedia.org/api/rest_v1,2026-07-13T10:19:40+00:00,6519661b17894dfcca55d488cfa4ccc56d524329875c6fcde639e0ada770d349,,data/reference/cai_components_daily.csv,,
S1b,"EMS Incident Dispatch Data via SODA API (7 columns, paged), replaces user-local export",https://data.cityofnewyork.us/resource/76xm-jjuj.csv,2026-07-17T13:58:29+00:00,0f768940b9db101fe672b988955150a272559cc43d84b302fbd630dff3a3e168,,data/processed/ems_cd_day_calltype.parquet,,
S14,"NYC EMS dispatch precinct x community district crosswalk (server-side aggregation, 2015-2024 incidents)",https://data.cityofnewyork.us/resource/76xm-jjuj.json,2026-09-01T00:22:44+00:00,0f3e7868a7965937d31f74edf062cec7d1f84b8e5f08d721c317c58c651e242b,,data/reference/precinct_cd_crosswalk.csv,,
S15,B-HEARD precinct adoption schedule (NYC Mayor's Office of Community Mental Health announcements; operational counts validated against NYC IBO Jan 2026 precinct-level report),https://mentalhealth.cityofnewyork.us/b-heard,2026-09-01T00:22:44+00:00,b0aa997d4d38c0fa8e84f73e1d9e19b446b2ebd3025f4739edfe139914d8432d,,data/reference/bheard_precinct_adoption.csv,,
S14,"NYC EMS dispatch precinct x community district crosswalk (server-side aggregation, 2015-2024 incidents)",https://data.cityofnewyork.us/resource/76xm-jjuj.json,2026-09-01T00:23:28+00:00,0f3e7868a7965937d31f74edf062cec7d1f84b8e5f08d721c317c58c651e242b,,data/reference/precinct_cd_crosswalk.csv,,
S15,B-HEARD precinct adoption schedule (NYC Mayor's Office of Community Mental Health announcements; operational counts validated against NYC IBO Jan 2026 precinct-level report),https://mentalhealth.cityofnewyork.us/b-heard,2026-09-01T00:23:28+00:00,b7627d01221e51599cb70a8856424e72891c15ddbaa20d206efbcd6ec319960a,,data/reference/bheard_precinct_adoption.csv,,
S1b,"EMS Incident Dispatch Data via SODA API (7 columns, paged), replaces user-local export",https://data.cityofnewyork.us/resource/76xm-jjuj.csv,2026-09-09T21:31:52+00:00,2de6fc987136b5cf7f6af73e9a772fd3ac646fa2a32b11b0f3ad14a1939e26f0,,data/processed/ems_cd_day_calltype.parquet,,
S11,"CAI components gdelt_news/gdelt_tv/wiki_ext 2015-01-01..2024-12-31; query=(""police shooting"" OR ""police killing"" OR ""killed by police"" OR ""police brutality"")",api.gdeltproject.org/api/v2 + wikimedia.org/api/rest_v1,2026-09-10T00:28:17+00:00,eab7c3877ec06b8f4ea92c6a45b4797a00e201bf4a800eb54ef60ec46fc54611,,data/reference/cai_components_daily.csv,,
S11,"CAI components gdelt_news/gdelt_tv/wiki_ext 2015-01-01..2024-12-31; query=(""police shooting"" OR ""police killing"" OR ""killed by police"" OR ""police brutality"")",api.gdeltproject.org/api/v2 + wikimedia.org/api/rest_v1,2026-09-10T00:34:05+00:00,eab7c3877ec06b8f4ea92c6a45b4797a00e201bf4a800eb54ef60ec46fc54611,,data/reference/cai_components_daily.csv,,
S14,"NYC EMS dispatch precinct x community district crosswalk (server-side aggregation, 2015-2024 incidents)",https://data.cityofnewyork.us/resource/76xm-jjuj.json,2026-09-01T00:27:27+00:00,0f3e7868a7965937d31f74edf062cec7d1f84b8e5f08d721c317c58c651e242b,,data/reference/precinct_cd_crosswalk.csv,,
S15,B-HEARD precinct adoption schedule (NYC Mayor's Office of Community Mental Health announcements; operational counts validated against NYC IBO Jan 2026 precinct-level report),https://mentalhealth.cityofnewyork.us/b-heard,2026-09-01T00:27:27+00:00,b7627d01221e51599cb70a8856424e72891c15ddbaa20d206efbcd6ec319960a,,data/reference/bheard_precinct_adoption.csv,,
S14,"NYC EMS dispatch precinct x community district crosswalk (server-side aggregation, 2015-2024 incidents)",https://data.cityofnewyork.us/resource/76xm-jjuj.json,2026-09-10T23:52:11+00:00,0b0f82b5d40d896caeede9ae1f83d25ae3d00a089961f464d0dea5faf6e5c078,,data/reference/precinct_cd_crosswalk.csv,,
S15,B-HEARD precinct adoption schedule (NYC Mayor's Office of Community Mental Health announcements; operational counts validated against NYC IBO Jan 2026 precinct-level report),https://mentalhealth.cityofnewyork.us/b-heard,2026-09-10T23:52:11+00:00,b7627d01221e51599cb70a8856424e72891c15ddbaa20d206efbcd6ec319960a,,data/reference/bheard_precinct_adoption.csv,,
S14,"NYC EMS dispatch precinct x community district crosswalk (server-side aggregation, 2015-2024 incidents)",https://data.cityofnewyork.us/resource/76xm-jjuj.json,2026-09-10T23:53:26+00:00,4c519dc6e115d562ac0c72af520adbe7fab303ef7be279f122e763c98f782727,,data/reference/precinct_cd_crosswalk.csv,,
S15,B-HEARD precinct adoption schedule (NYC Mayor's Office of Community Mental Health announcements; operational counts validated against NYC IBO Jan 2026 precinct-level report),https://mentalhealth.cityofnewyork.us/b-heard,2026-09-10T23:53:26+00:00,b7627d01221e51599cb70a8856424e72891c15ddbaa20d206efbcd6ec319960a,,data/reference/bheard_precinct_adoption.csv,,
S11,"CAI components gdelt_news/gdelt_tv/wiki_ext 2015-01-01..2024-12-31; query=(""police shooting"" OR ""police killing"" OR ""killed by police"" OR ""police brutality"")",api.gdeltproject.org/api/v2 + wikimedia.org/api/rest_v1,2026-09-10T21:12:04+00:00,dbb89a5aa3380194da98ac3a075131b91014e3a9c649646c317e5a81f11ecfcf,,data/reference/cai_components_daily.csv,,
S14,"NYC EMS dispatch precinct x community district crosswalk (server-side aggregation, 2015-2024 incidents)",https://data.cityofnewyork.us/resource/76xm-jjuj.json,2026-09-10T23:54:12+00:00,4c519dc6e115d562ac0c72af520adbe7fab303ef7be279f122e763c98f782727,,data/reference/precinct_cd_crosswalk.csv,,
S15,B-HEARD precinct adoption schedule (NYC Mayor's Office of Community Mental Health announcements; operational counts validated against NYC IBO Jan 2026 precinct-level report),https://mentalhealth.cityofnewyork.us/b-heard,2026-09-10T23:54:12+00:00,b7627d01221e51599cb70a8856424e72891c15ddbaa20d206efbcd6ec319960a,,data/reference/bheard_precinct_adoption.csv,,
S18,"NYC/NYS police-incident Wikipedia attention; 7 NYC articles, 9 NYS; category walk + pageviews summed across historical titles",https://en.wikipedia.org/w/api.php,2026-09-11T01:12:49+00:00,9bbb8aef60798cc372c3c0dd0eec72483184a54c648c04e3b862b34a46b24074,,data/reference/wiki_nyc_daily.csv,,
S18,"NYC/NYS police-incident Wikipedia attention; 10 NYC articles, 11 NYS; category walk + pageviews summed across historical titles",https://en.wikipedia.org/w/api.php,2026-09-11T01:29:10+00:00,50ff474b77bd1e898fc6e0535062d0f8e33f5aca488de08b475cf9fe84a03ff6,,data/reference/wiki_nyc_daily.csv,28_build_nyc_attention.py,1ebf7adf04bd0b5fbd9dd3f69556a068ee18f03c791c7c9f634fadd44ca5c27b
S18,"NYC/NYS police-incident Wikipedia attention; 10 NYC articles, 12 NYS; category walk + pageviews summed across historical titles",https://en.wikipedia.org/w/api.php,2026-09-11T01:33:46+00:00,cec8fceefd8f5abb951c58ad60f485678c482402134873ca96df9b5aa52ead26,,data/reference/wiki_nyc_daily.csv,28_build_nyc_attention.py,1e03023e6848d012e396c98edb1be4aded9adb236af873cd68a5145e4a3bfa30
S18,"NYC/NYS police-incident Wikipedia attention; 11 NYC articles, 15 NYS; category walk + pageviews summed across historical titles",https://en.wikipedia.org/w/api.php,2026-09-11T01:40:01+00:00,1ebfe7c1bcd158d2c1f01f20b77978e216ee214df644aa53614c93033f1258a7,,data/reference/wiki_nyc_daily.csv,28_build_nyc_attention.py,23c75c7c53ba6f087c92d55c839a66f6bb8d5fca722561ab9a5e90500322379c
D1,"Episode list under the shock rule: 75 episodes (28 discovery, 47 extension), within-year quantile threshold, span capped at 14 days",derived from data/processed/cai_daily.parquet,2026-09-11T01:29:18+00:00,2c881993aeb5c65722bac04064f8b2e2c88a0053e1e61b5db55a0f3d89fddf7b,,data/reference/confirmation_episodes_rebuilt.csv,13_extension_episodes.py,ece5b3a137b1421ae8a60318c6797f1e6c4eddef60309dc425c8e297fbd3746d
S18,"NYC/NYS police-incident Wikipedia attention; 11 NYC articles, 15 NYS; category walk + pageviews summed across historical titles",https://en.wikipedia.org/w/api.php,2026-09-11T19:37:09+00:00,1ebfe7c1bcd158d2c1f01f20b77978e216ee214df644aa53614c93033f1258a7,,data/reference/wiki_nyc_daily.csv,28_build_nyc_attention.py,23c75c7c53ba6f087c92d55c839a66f6bb8d5fca722561ab9a5e90500322379c
D1,"Episode list under the shock rule: 75 episodes (28 discovery, 47 extension), within-year quantile threshold, span capped at 14 days",derived from data/processed/cai_daily.parquet,2026-09-11T19:45:43+00:00,2c881993aeb5c65722bac04064f8b2e2c88a0053e1e61b5db55a0f3d89fddf7b,,data/reference/confirmation_episodes_rebuilt.csv,13_extension_episodes.py,ece5b3a137b1421ae8a60318c6797f1e6c4eddef60309dc425c8e297fbd3746d
D1,"Episode list under the shock rule: 75 episodes (28 discovery, 47 extension), within-year quantile threshold, span capped at 14 days",derived from data/processed/cai_daily.parquet,2026-09-11T19:46:35+00:00,2c881993aeb5c65722bac04064f8b2e2c88a0053e1e61b5db55a0f3d89fddf7b,,data/reference/confirmation_episodes_rebuilt.csv,13_extension_episodes.py,ece5b3a137b1421ae8a60318c6797f1e6c4eddef60309dc425c8e297fbd3746d
D1,"Episode list under the shock rule: 75 episodes (28 discovery, 47 extension), within-year quantile threshold, span capped at 14 days",derived from data/processed/cai_daily.parquet,2026-09-11T19:47:12+00:00,2c881993aeb5c65722bac04064f8b2e2c88a0053e1e61b5db55a0f3d89fddf7b,,data/reference/confirmation_episodes_rebuilt.csv,13_extension_episodes.py,ece5b3a137b1421ae8a60318c6797f1e6c4eddef60309dc425c8e297fbd3746d
S1b,"EMS Incident Dispatch Data via SODA API (7 columns, paged), replaces user-local export",https://data.cityofnewyork.us/resource/76xm-jjuj.csv,2026-09-09T21:33:55+00:00,6247a7239559f930bb6e1706106ff2020054b126583571f3035f20afa08a95dc,,data/processed/ems_cd_day_calltype.parquet,,
D2,"Basket scope decisions: 120 include, 54 exclude; death dates from {'wikidata': 102, 'registry': 43, 'unresolved': 29}",derived from Wikidata (S16) and the victim registry (S10),2026-09-11T20:13:41+00:00,ec5113e2839843e59e68d1d7ab43a220304e5a1ac0859ea86f4fe2858f3c8454,,data/reference/basket_decisions.csv,27_finalise_basket.py,10b93349ed0cb0b1523b2cb287cd1f9c37713a082ae88f2da9519e616c9cd000
D2,"Basket scope decisions: 120 include, 54 exclude; death dates from {'wikidata': 125, 'registry': 30, 'unresolved': 19}",derived from Wikidata (S16) and the victim registry (S10),2026-09-12T01:12:26+00:00,e7b92401ce96ed08d08037572d51caeff87fbdf8d212e8e9c9f11be9e7bfd361,,data/reference/basket_decisions.csv,27_finalise_basket.py,0499175f2a292f3e7f93e69dd06acfda749d0877bff8f2ca77301ab02b79375a
D2,"Basket scope decisions: 120 include, 54 exclude; death dates from {'wikidata': 127, 'registry': 30, 'unresolved': 17}",derived from Wikidata (S16) and the victim registry (S10),2026-09-12T01:12:52+00:00,cabfa4ca663e133c051590f749fa927a4b3882b673183a7b3da7b9250bc6b642,,data/reference/basket_decisions.csv,27_finalise_basket.py,c695b4d9b399c4c678efebf8fc8b079a6da07d1245dff513f776a7a84e4d3ef5
D3,"Basket construct review: 109 police_violence, 9 unestablished, 2 anti_police",English Wikipedia category graph (S15) + MPV registry (S10),2026-09-12T01:29:18+00:00,af0ba21ac5ad4a8b2ce45d703b1276d6304e0ec97e8195e7bb7882560a953b80,,data/reference/basket_construct_review.csv,32_validate_basket_construct.py,38669261665c41951d8bdb3eeffd55483393dcf3d9513c56ea2196fb037e7317
D2,"Basket scope decisions: 120 include, 54 exclude; death dates from {'wikidata': 127, 'registry': 30, 'unresolved': 17}",derived from Wikidata (S16) and the victim registry (S10),2026-09-12T01:29:17+00:00,cabfa4ca663e133c051590f749fa927a4b3882b673183a7b3da7b9250bc6b642,,data/reference/basket_decisions.csv,27_finalise_basket.py,3d9a568d931e3c41b6bf48a837716b4c686762824772bfa80f45429cc09244c1
D3,"Basket construct review: 109 police_violence, 9 unestablished, 2 anti_police",English Wikipedia category graph (S15) + MPV registry (S10),2026-09-12T01:30:16+00:00,89b79bd3551fb17a21acbacb96762e454629fa421fad9b0e7027f3ffcc6e72e2,,data/reference/basket_construct_review.csv,32_validate_basket_construct.py,704e265e1776cf1a4d6ba7b5c409279d58843b8a3dfea2f9aefcb5cb9282e47b
S11,"CAI components from GDELT DOC/TV and Wikimedia pageviews; query=(""police shooting"" OR ""police killing"" OR ""killed by police"" OR ""police brutality""); realised gdelt_news=2017-01-01..2022-12-31 n=2188; gdelt_tv=2015-01-01..2024-10-11 n=3572; wiki_ext=2015-07-01..2024-12-31 n=3472",api.gdeltproject.org/api/v2 + wikimedia.org/api/rest_v1,2026-09-10T21:12:04+00:00,dbb89a5aa3380194da98ac3a075131b91014e3a9c649646c317e5a81f11ecfcf,,data/reference/cai_components_daily.csv,,
D1,"Episode list under the shock rule: 75 episodes (28 discovery, 47 extension), within-year quantile threshold, span capped at 14 days",derived from data/processed/cai_daily.parquet,2026-09-11T19:47:41+00:00,2c881993aeb5c65722bac04064f8b2e2c88a0053e1e61b5db55a0f3d89fddf7b,,data/reference/confirmation_episodes_rebuilt.csv,13_extension_episodes.py,ece5b3a137b1421ae8a60318c6797f1e6c4eddef60309dc425c8e297fbd3746d
S1b,"EMS Incident Dispatch Data via SODA API (7 columns, paged), replaces user-local export; NO NETWORK FETCH — rebuilt from 60 cached page(s)",https://data.cityofnewyork.us/resource/76xm-jjuj.csv,2026-09-11T20:06:20+00:00,6247a7239559f930bb6e1706106ff2020054b126583571f3035f20afa08a95dc,,data/processed/ems_cd_day_calltype.parquet,00b_download_ems_extract.py,b86cced17e42b95e43549deaff57bff8dd9a34cdd33b9f27df3f0f31b2598355
S18,"NYC/NYS police-incident Wikipedia attention; 11 NYC articles, 15 NYS; category walk + pageviews summed across historical titles",https://en.wikipedia.org/w/api.php,2026-09-11T19:46:10+00:00,1ebfe7c1bcd158d2c1f01f20b77978e216ee214df644aa53614c93033f1258a7,,data/reference/wiki_nyc_daily.csv,28_build_nyc_attention.py,23c75c7c53ba6f087c92d55c839a66f6bb8d5fca722561ab9a5e90500322379c
D1,"Episode list under the shock rule: 74 episodes (29 discovery, 45 extension), within-year quantile threshold, span capped at 14 days",derived from data/processed/cai_daily.parquet,2026-09-12T02:29:14+00:00,75c8a05dc65fd261c547ee0f51541048915cd800af394a83b885f489edcbff6e,,data/reference/confirmation_episodes_rebuilt.csv,13_extension_episodes.py,ece5b3a137b1421ae8a60318c6797f1e6c4eddef60309dc425c8e297fbd3746d
S11,"CAI components from GDELT DOC/TV and Wikimedia pageviews; query=(""police shooting"" OR ""police killing"" OR ""killed by police"" OR ""police brutality""); realised gdelt_news=2017-01-01..2022-12-31 n=2188; gdelt_tv=2015-01-01..2024-10-11 n=3572; wiki_ext=2015-07-01..2024-12-31 n=3472",https://api.gdeltproject.org/api/v2 + https://wikimedia.org/api/rest_v1,2026-09-12T02:29:11+00:00,f747bc27b7beada3577bba6eca3e74ff6b8f786002cbdce60adc5a95448537dc,,data/reference/cai_components_daily.csv,11_fetch_awareness_components.py,b1ecc3d578b34c76a90d80fcc41151e14da5a9f4a94c3f544d2c82ac1eed137f
D3,"Basket construct review: 109 police_violence, 9 unestablished, 2 anti_police",English Wikipedia category graph (S15) + MPV registry (S10),2026-09-12T01:33:49+00:00,89b79bd3551fb17a21acbacb96762e454629fa421fad9b0e7027f3ffcc6e72e2,,data/reference/basket_construct_review.csv,32_validate_basket_construct.py,704e265e1776cf1a4d6ba7b5c409279d58843b8a3dfea2f9aefcb5cb9282e47b
D3,"Basket construct review: 109 police_violence, 9 unestablished, 2 anti_police",English Wikipedia category graph (S15) + MPV registry (S10),2026-09-12T19:42:15+00:00,9308ab1cbcc03f44f8c17418c6b6257b6ebde77439a65db0e2a4a453041f392d,,data/reference/basket_construct_review.csv,32_validate_basket_construct.py,0ec26ad5237e7c1e52324f15ad1788fcce983efae556997d0946d2fea4717d70
D3,"Basket construct review: 109 police_violence, 9 unestablished, 2 anti_police",English Wikipedia category graph (S15) + MPV registry (S10),2026-09-12T19:43:08+00:00,716d033e334da9999f9b6cea8256a2e440412776a6e75c63f72e3c5bbdee22ab,,data/reference/basket_construct_review.csv,32_validate_basket_construct.py,9a827175dc7320e60831f29cc8d9f58c7dcc3ad08f90dad90dbb949f985a45aa
D1,"Episode list under the shock rule: 74 episodes (29 discovery, 45 extension), within-year quantile threshold, span capped at 14 days",derived from data/processed/cai_daily.parquet,2026-09-12T05:07:08+00:00,75c8a05dc65fd261c547ee0f51541048915cd800af394a83b885f489edcbff6e,,data/reference/confirmation_episodes_rebuilt.csv,13_extension_episodes.py,5ed3b913f424453a2b6fb8500c850f26698fc362bcd211f76761f5e45200107d
D1,"Episode list under the shock rule: 74 episodes (29 discovery, 45 extension), within-year quantile threshold, span capped at 14 days",derived from data/processed/cai_daily.parquet,2026-09-12T19:46:55+00:00,4888dfc44b3712615d4ce5ed7e55a845088dfae90afd7d7826d8f549ec9cdc48,,data/reference/confirmation_episodes_rebuilt.csv,13_extension_episodes.py,d2a0cd4cb75cd4777b1aecd61808a63fbdf0c60314d51e16ea39c17804395cef
D1_broad,"Episode list under the shock rule: 75 episodes (29 discovery, 46 extension), within-year quantile threshold, span capped at 14 days",derived from data/processed/cai_daily_broad.parquet,2026-09-12T05:11:01+00:00,c0c09cd21753206ed7548caaeedc57dbd38f4472ad60b165f7776c41a2072f04,,data/reference/confirmation_episodes_rebuilt_broad.csv,13_extension_episodes.py,5ed3b913f424453a2b6fb8500c850f26698fc362bcd211f76761f5e45200107d
D1,"Episode list under the shock rule: 74 episodes (29 discovery, 45 extension), within-year quantile threshold, span capped at 14 days",derived from data/processed/cai_daily.parquet,2026-09-12T19:47:16+00:00,30f1f24059809b12b6b66956ac94e4490ebb2b4523cb1d876ea4a53efd1d93bb,,data/reference/confirmation_episodes_rebuilt.csv,13_extension_episodes.py,d2a0cd4cb75cd4777b1aecd61808a63fbdf0c60314d51e16ea39c17804395cef
D1_broad,"Episode list under the shock rule: 75 episodes (29 discovery, 46 extension), within-year quantile threshold, span capped at 14 days",derived from data/processed/cai_daily_broad.parquet,2026-09-12T19:48:12+00:00,3311b71d7afbd5579a8ec97f244d2a93e3655b1dc7c7ba33d72a24cc6ab5134d,,data/reference/confirmation_episodes_rebuilt_broad.csv,13_extension_episodes.py,d2a0cd4cb75cd4777b1aecd61808a63fbdf0c60314d51e16ea39c17804395cef
S1b,"EMS Incident Dispatch Data via SODA API (7 columns, paged), replaces user-local export; NO NETWORK FETCH — rebuilt from 60 cached page(s)",https://data.cityofnewyork.us/resource/76xm-jjuj.csv,2026-09-12T02:49:38+00:00,6247a7239559f930bb6e1706106ff2020054b126583571f3035f20afa08a95dc,,data/processed/ems_cd_day_calltype.parquet,00b_download_ems_extract.py,853e22ce3889cef5db187989f2a365918b65b3c31160ef47c03d34b61121a560
D4,"Per call code, first and last incident_date in the EMS extract (206 codes); declared access O2_coverage_breaks, addendum 18",derived from data/processed/ems_cd_day_calltype.parquet,2026-09-13T02:39:51+00:00,35c76e96682f189aed8d512937cfa592f005d53e14131bec2e927ff8f7a46e8c,,data/reference/ems_call_code_span.csv,35_coverage_breaks.py,fa922bc50b40f3272ef0ca0b7f092227a374ea1dd386d560c875aa4ce4e7eb69
D5,"Per year, share of dispatched calls with no community district (2014-2024); declared access O2_coverage_breaks, addendum 18",derived from data/processed/ems_cd_day_calltype.parquet,2026-09-13T02:39:51+00:00,1dde8fe3fdde0c7dab571b26139548f3bcbaefbb9810c98ae2f9122d3277fa54,,data/reference/ems_missing_district_rate_by_year.csv,35_coverage_breaks.py,fa922bc50b40f3272ef0ca0b7f092227a374ea1dd386d560c875aa4ce4e7eb69
S1b,"EMS Incident Dispatch Data via SODA API (7 columns, paged), replaces user-local export; 60 page(s) downloaded, 0 read from cache",https://data.cityofnewyork.us/resource/76xm-jjuj.csv,2026-09-13T02:06:42+00:00,6247a7239559f930bb6e1706106ff2020054b126583571f3035f20afa08a95dc,,data/processed/ems_cd_day_calltype.parquet,00b_download_ems_extract.py,853e22ce3889cef5db187989f2a365918b65b3c31160ef47c03d34b61121a560
S11,"CAI components from GDELT DOC/TV and Wikimedia pageviews; query=(""police shooting"" OR ""police killing"" OR ""killed by police"" OR ""police brutality""); realised gdelt_news=2017-01-01..2022-12-31 n=2188; gdelt_tv=2015-01-01..2024-10-11 n=3572; wiki_ext=2015-07-01..2024-12-31 n=3472",https://api.gdeltproject.org/api/v2 + https://wikimedia.org/api/rest_v1,2026-09-12T05:11:24+00:00,f747bc27b7beada3577bba6eca3e74ff6b8f786002cbdce60adc5a95448537dc,,data/reference/cai_components_daily.csv,11_fetch_awareness_components.py,2329fc228a57835adcf173cdc5b2ac1549e2f583f6e81154ce58091e80a8004e
S11_broad,"CAI components from GDELT DOC/TV and Wikimedia pageviews; query=(""police shooting"" OR ""police killing"" OR ""killed by police"" OR ""police brutality""); realised wiki_ext=2015-07-01..2024-12-31 n=3472",https://api.gdeltproject.org/api/v2 + https://wikimedia.org/api/rest_v1,2026-09-12T05:10:16+00:00,59a4b562c547597214f66ca46e885da2a5c2f423c3ec4b20e25cbab19e0db38b,,data/reference/cai_components_daily_broad.csv,11_fetch_awareness_components.py,2329fc228a57835adcf173cdc5b2ac1549e2f583f6e81154ce58091e80a8004e
D1,"Episode list under the shock rule: 74 episodes (29 discovery, 45 extension), within-year quantile threshold, span capped at 14 days",derived from data/processed/cai_daily.parquet,2026-09-13T01:32:10+00:00,30f1f24059809b12b6b66956ac94e4490ebb2b4523cb1d876ea4a53efd1d93bb,,data/reference/confirmation_episodes_rebuilt.csv,13_extension_episodes.py,d2a0cd4cb75cd4777b1aecd61808a63fbdf0c60314d51e16ea39c17804395cef
D1_broad,"Episode list under the shock rule: 75 episodes (29 discovery, 46 extension), within-year quantile threshold, span capped at 14 days",derived from data/processed/cai_daily_broad.parquet,2026-09-13T01:33:38+00:00,3311b71d7afbd5579a8ec97f244d2a93e3655b1dc7c7ba33d72a24cc6ab5134d,,data/reference/confirmation_episodes_rebuilt_broad.csv,13_extension_episodes.py,d2a0cd4cb75cd4777b1aecd61808a63fbdf0c60314d51e16ea39c17804395cef
D3,"Basket construct review: 109 police_violence, 9 unestablished, 2 anti_police",English Wikipedia category graph (S15) + MPV registry (S10),2026-09-12T19:43:09+00:00,9308ab1cbcc03f44f8c17418c6b6257b6ebde77439a65db0e2a4a453041f392d,,data/reference/basket_construct_review.csv,32_validate_basket_construct.py,0ec26ad5237e7c1e52324f15ad1788fcce983efae556997d0946d2fea4717d70
S1b,"EMS Incident Dispatch Data via SODA API (7 columns, paged), replaces user-local export; NO NETWORK FETCH — rebuilt from 60 cached page(s)",https://data.cityofnewyork.us/resource/76xm-jjuj.csv,2026-09-13T08:09:55+00:00,6247a7239559f930bb6e1706106ff2020054b126583571f3035f20afa08a95dc,,data/processed/ems_cd_day_calltype.parquet,00b_download_ems_extract.py,b2fa86e91520fe43632c545eaf52267b68bc035fd0a3a69f1f8b395591260b57
S11,"CAI components from GDELT DOC/TV and Wikimedia pageviews; query=(""police shooting"" OR ""police killing"" OR ""killed by police"" OR ""police brutality""); realised gdelt_news=2017-01-01..2022-12-31 n=2188; gdelt_tv=2015-01-01..2024-10-11 n=3572; wiki_ext=2015-07-01..2024-12-31 n=3472",https://api.gdeltproject.org/api/v2 + https://wikimedia.org/api/rest_v1,2026-09-13T08:10:02+00:00,f747bc27b7beada3577bba6eca3e74ff6b8f786002cbdce60adc5a95448537dc,,data/reference/cai_components_daily.csv,11_fetch_awareness_components.py,1e0fd6871a0f1100de5942ede7db636592e0f1c346ed71b049fc0a005a0468f0
S11_broad,"CAI components from GDELT DOC/TV and Wikimedia pageviews; query=(""police shooting"" OR ""police killing"" OR ""killed by police"" OR ""police brutality""); realised wiki_ext=2015-07-01..2024-12-31 n=3472",https://api.gdeltproject.org/api/v2 + https://wikimedia.org/api/rest_v1,2026-09-13T08:11:02+00:00,59a4b562c547597214f66ca46e885da2a5c2f423c3ec4b20e25cbab19e0db38b,,data/reference/cai_components_daily_broad.csv,11_fetch_awareness_components.py,1e0fd6871a0f1100de5942ede7db636592e0f1c346ed71b049fc0a005a0468f0
S11_spliced,"CAI components from GDELT DOC/TV and Wikimedia pageviews; query=(""police shooting"" OR ""police killing"" OR ""killed by police"" OR ""police brutality""); realised wiki_ext=2015-07-01..2024-12-31 n=3472",https://api.gdeltproject.org/api/v2 + https://wikimedia.org/api/rest_v1,2026-09-13T07:58:03+00:00,fa5ad36deef3b9400319f4e3770e162c967e3fd3726ffb9efc0dbc9a982b1114,,data/reference/cai_components_daily_spliced.csv,11_fetch_awareness_components.py,1e0fd6871a0f1100de5942ede7db636592e0f1c346ed71b049fc0a005a0468f0
S14,"NYC EMS dispatch precinct x community district crosswalk (server-side aggregation, 2015-2024 incidents)",https://data.cityofnewyork.us/resource/76xm-jjuj.json,2026-09-11T01:28:12+00:00,4c519dc6e115d562ac0c72af520adbe7fab303ef7be279f122e763c98f782727,,data/reference/precinct_cd_crosswalk.csv,16_bheard_exposure.py,e5b6862349f190400054df278e78ed7bf6c0e28a62f6ce051ec6963eae8dc240
S15,B-HEARD precinct adoption schedule (NYC Mayor's Office of Community Mental Health announcements; operational counts validated against NYC IBO Jan 2026 precinct-level report),https://mentalhealth.cityofnewyork.us/b-heard,2026-09-11T01:28:12+00:00,b7627d01221e51599cb70a8856424e72891c15ddbaa20d206efbcd6ec319960a,,data/reference/bheard_precinct_adoption.csv,16_bheard_exposure.py,e5b6862349f190400054df278e78ed7bf6c0e28a62f6ce051ec6963eae8dc240
S17,Historical titles and first revisions for 116 articles (530 title-series) from the MediaWiki redirects and revisions APIs,https://en.wikipedia.org/w/api.php,2026-09-12T02:11:07+00:00,b1be98f09b916a9062977fd3e32c57bfa509bea523c183ec745ba5c657330316,,data/reference/article_title_map.csv,29_resolve_article_titles.py,b42d05439f722e4c3b6c4743bbfcf84c9e8ec13fb577d9d44a231d24fe264f27
S18,"NYC/NYS police-incident Wikipedia attention; 12 NYC articles, 16 NYS; category walk + pageviews summed across historical titles",https://en.wikipedia.org/w/api.php,2026-09-12T02:52:17+00:00,66321420e2ed9675b57cedf9d4b609de5020e22aa08f2c7281fc9a7b90d43efa,,data/reference/wiki_nyc_daily.csv,28_build_nyc_attention.py,2af5c7972b6674ce9ce14771cc385de0d436b442ed021f17c1aa828308c5f032
D7,Published basket read by 11 as the wiki_ext article list: 109 articles from the strict construct (config.CAI_D_BASKET),English Wikipedia category graph (S15) + MPV registry (S10),2026-09-13T08:26:37+00:00,8e488fc8819956be39e80a4de8fc4e14fc4c02178e4b4ee003e46679c260ec74,,data/reference/wikipedia_article_resolution.csv,32_validate_basket_construct.py,76ad6564acc9eac8bc3d84a5ede19c6c2ac18366e1f7f3caeadb7011636c8d9c
D3,"Basket construct review: 109 police_violence, 9 unestablished, 2 anti_police",English Wikipedia category graph (S15) + MPV registry (S10),2026-09-13T08:26:37+00:00,9308ab1cbcc03f44f8c17418c6b6257b6ebde77439a65db0e2a4a453041f392d,,data/reference/basket_construct_review.csv,32_validate_basket_construct.py,76ad6564acc9eac8bc3d84a5ede19c6c2ac18366e1f7f3caeadb7011636c8d9c
S1b,"EMS Incident Dispatch Data via SODA API (7 columns, paged), replaces user-local export; NO NETWORK FETCH — rebuilt from 60 cached page(s)",https://data.cityofnewyork.us/resource/76xm-jjuj.csv,2026-09-13T08:34:40+00:00,6247a7239559f930bb6e1706106ff2020054b126583571f3035f20afa08a95dc,,data/processed/ems_cd_day_calltype.parquet,00b_download_ems_extract.py,c36d84fb1b6ed8acffe5da125b5d265ba8440f148cbbcfa2bb200f40608aaf13
S1c,"Citywide daily call-group counts, 2005+, from the same extract; NO NETWORK FETCH — rebuilt from 60 cached page(s)",https://data.cityofnewyork.us/resource/76xm-jjuj.csv,2026-09-13T08:34:40+00:00,33c8850350f90ab326ea992028a0a5d45bd98b15b605ab69d5cff9f964618a70,,data/processed/ems_citywide_day_trends.parquet,00b_download_ems_extract.py,c36d84fb1b6ed8acffe5da125b5d265ba8440f148cbbcfa2bb200f40608aaf13
S1d,"Cancelled/duplicate dispositions excluded from the district x day x call type extract (finding O1), same extract; NO NETWORK FETCH — rebuilt from 60 cached page(s)",https://data.cityofnewyork.us/resource/76xm-jjuj.csv,2026-09-13T08:34:40+00:00,9de95e3e1929c03aaa6ab6ed31e7bcc6b10191389534384b2af61aa979df1aea,,data/processed/ems_cd_day_calltype_excluded.parquet,00b_download_ems_extract.py,c36d84fb1b6ed8acffe5da125b5d265ba8440f148cbbcfa2bb200f40608aaf13
D4,"Per call code, first and last incident_date in the EMS extract (206 codes); declared access O2_coverage_breaks, addendum 18",derived from data/processed/ems_cd_day_calltype.parquet,2026-09-13T02:42:27+00:00,35c76e96682f189aed8d512937cfa592f005d53e14131bec2e927ff8f7a46e8c,,data/reference/ems_call_code_span.csv,35_coverage_breaks.py,55750c53c794a77643ddf1e6394764861f817dc2a01f335b9dff7d430ba1a6e5
D5,"Per year, share of dispatched calls with no community district (2014-2024); declared access O2_coverage_breaks, addendum 18",derived from data/processed/ems_cd_day_calltype.parquet,2026-09-13T02:42:27+00:00,1dde8fe3fdde0c7dab571b26139548f3bcbaefbb9810c98ae2f9122d3277fa54,,data/reference/ems_missing_district_rate_by_year.csv,35_coverage_breaks.py,55750c53c794a77643ddf1e6394764861f817dc2a01f335b9dff7d430ba1a6e5
D6,"Pre-specified coverage-break rules (addendum 18) evaluated on D4 and D5: 20 within-window code break(s), 1 geocoding break(s)",derived from ems_call_code_span.csv and ems_missing_district_rate_by_year.csv,2026-09-13T02:42:27+00:00,b3bce1e5a6581e0e62dc5dbb5027db253a3a2c2b942c2627afa5f7da7122493d,,data/reference/ems_coverage_breaks.csv,35_coverage_breaks.py,55750c53c794a77643ddf1e6394764861f817dc2a01f335b9dff7d430ba1a6e5
D1,"Episode list under the shock rule: 74 episodes (29 discovery, 45 extension), within-year quantile threshold, span capped at 14 days",derived from data/processed/cai_daily.parquet,2026-09-13T08:11:04+00:00,30f1f24059809b12b6b66956ac94e4490ebb2b4523cb1d876ea4a53efd1d93bb,,data/reference/confirmation_episodes_rebuilt.csv,13_extension_episodes.py,413017d98cfdc4c5ec289613980088e9e1d9037461f33fb19256749e0bd46d8a
S1b,"EMS Incident Dispatch Data via SODA API (7 columns, paged), replaces user-local export; NO NETWORK FETCH — rebuilt from 60 cached page(s)",https://data.cityofnewyork.us/resource/76xm-jjuj.csv,2026-09-13T17:22:30+00:00,6247a7239559f930bb6e1706106ff2020054b126583571f3035f20afa08a95dc,,data/processed/ems_cd_day_calltype.parquet,00b_download_ems_extract.py,c36d84fb1b6ed8acffe5da125b5d265ba8440f148cbbcfa2bb200f40608aaf13
S1c,"Citywide daily call-group counts, 2005+, from the same extract; NO NETWORK FETCH — rebuilt from 60 cached page(s)",https://data.cityofnewyork.us/resource/76xm-jjuj.csv,2026-09-13T17:22:30+00:00,33c8850350f90ab326ea992028a0a5d45bd98b15b605ab69d5cff9f964618a70,,data/processed/ems_citywide_day_trends.parquet,00b_download_ems_extract.py,c36d84fb1b6ed8acffe5da125b5d265ba8440f148cbbcfa2bb200f40608aaf13
S1d,"Cancelled/duplicate dispositions excluded from the district x day x call type extract (finding O1), same extract; NO NETWORK FETCH — rebuilt from 60 cached page(s)",https://data.cityofnewyork.us/resource/76xm-jjuj.csv,2026-09-13T17:22:30+00:00,9de95e3e1929c03aaa6ab6ed31e7bcc6b10191389534384b2af61aa979df1aea,,data/processed/ems_cd_day_calltype_excluded.parquet,00b_download_ems_extract.py,c36d84fb1b6ed8acffe5da125b5d265ba8440f148cbbcfa2bb200f40608aaf13
D4,"Per call code, first and last incident_date in the EMS extract (206 codes); declared access O2_coverage_breaks, addendum 18",derived from data/processed/ems_cd_day_calltype.parquet,2026-09-13T17:24:06+00:00,35c76e96682f189aed8d512937cfa592f005d53e14131bec2e927ff8f7a46e8c,,data/reference/ems_call_code_span.csv,35_coverage_breaks.py,55750c53c794a77643ddf1e6394764861f817dc2a01f335b9dff7d430ba1a6e5
D5,"Per year, share of dispatched calls with no community district (2014-2024); declared access O2_coverage_breaks, addendum 18",derived from data/processed/ems_cd_day_calltype.parquet,2026-09-13T17:24:06+00:00,1dde8fe3fdde0c7dab571b26139548f3bcbaefbb9810c98ae2f9122d3277fa54,,data/reference/ems_missing_district_rate_by_year.csv,35_coverage_breaks.py,55750c53c794a77643ddf1e6394764861f817dc2a01f335b9dff7d430ba1a6e5
D6,"Pre-specified coverage-break rules (addendum 18) evaluated on D4 and D5: 22 within-window code break(s), 1 geocoding break(s)",derived from ems_call_code_span.csv and ems_missing_district_rate_by_year.csv,2026-09-13T17:24:06+00:00,ca4731402e14683d9d0c456a202de06b261edb9ede261cafb1be26c49ee07b4d,,data/reference/ems_coverage_breaks.csv,35_coverage_breaks.py,55750c53c794a77643ddf1e6394764861f817dc2a01f335b9dff7d430ba1a6e5
D1,"Episode list under the shock rule: 74 episodes (29 discovery, 45 extension), within-year quantile threshold, span capped at 14 days",derived from data/processed/cai_daily.parquet,2026-09-13T17:24:09+00:00,30f1f24059809b12b6b66956ac94e4490ebb2b4523cb1d876ea4a53efd1d93bb,,data/reference/confirmation_episodes_rebuilt.csv,13_extension_episodes.py,413017d98cfdc4c5ec289613980088e9e1d9037461f33fb19256749e0bd46d8a
S1b,"EMS Incident Dispatch Data via SODA API (7 columns, paged), replaces user-local export; NO NETWORK FETCH — rebuilt from 60 cached page(s)",https://data.cityofnewyork.us/resource/76xm-jjuj.csv,2026-09-13T19:04:46+00:00,6247a7239559f930bb6e1706106ff2020054b126583571f3035f20afa08a95dc,,data/processed/ems_cd_day_calltype.parquet,00b_download_ems_extract.py,c36d84fb1b6ed8acffe5da125b5d265ba8440f148cbbcfa2bb200f40608aaf13
S1c,"Citywide daily call-group counts, 2005+, from the same extract; NO NETWORK FETCH — rebuilt from 60 cached page(s)",https://data.cityofnewyork.us/resource/76xm-jjuj.csv,2026-09-13T19:04:46+00:00,33c8850350f90ab326ea992028a0a5d45bd98b15b605ab69d5cff9f964618a70,,data/processed/ems_citywide_day_trends.parquet,00b_download_ems_extract.py,c36d84fb1b6ed8acffe5da125b5d265ba8440f148cbbcfa2bb200f40608aaf13
S1d,"Cancelled/duplicate dispositions excluded from the district x day x call type extract (finding O1), same extract; NO NETWORK FETCH — rebuilt from 60 cached page(s)",https://data.cityofnewyork.us/resource/76xm-jjuj.csv,2026-09-13T19:04:46+00:00,9de95e3e1929c03aaa6ab6ed31e7bcc6b10191389534384b2af61aa979df1aea,,data/processed/ems_cd_day_calltype_excluded.parquet,00b_download_ems_extract.py,c36d84fb1b6ed8acffe5da125b5d265ba8440f148cbbcfa2bb200f40608aaf13
D4,"Per call code, first and last incident_date in the EMS extract (206 codes); declared access O2_coverage_breaks, addendum 18",derived from data/processed/ems_cd_day_calltype.parquet,2026-09-13T19:04:55+00:00,35c76e96682f189aed8d512937cfa592f005d53e14131bec2e927ff8f7a46e8c,,data/reference/ems_call_code_span.csv,35_coverage_breaks.py,55750c53c794a77643ddf1e6394764861f817dc2a01f335b9dff7d430ba1a6e5
D5,"Per year, share of dispatched calls with no community district (2014-2024); declared access O2_coverage_breaks, addendum 18",derived from data/processed/ems_cd_day_calltype.parquet,2026-09-13T19:04:55+00:00,1dde8fe3fdde0c7dab571b26139548f3bcbaefbb9810c98ae2f9122d3277fa54,,data/reference/ems_missing_district_rate_by_year.csv,35_coverage_breaks.py,55750c53c794a77643ddf1e6394764861f817dc2a01f335b9dff7d430ba1a6e5
D6,"Pre-specified coverage-break rules (addendum 18) evaluated on D4 and D5: 22 within-window code break(s), 1 geocoding break(s)",derived from ems_call_code_span.csv and ems_missing_district_rate_by_year.csv,2026-09-13T19:04:55+00:00,ca4731402e14683d9d0c456a202de06b261edb9ede261cafb1be26c49ee07b4d,,data/reference/ems_coverage_breaks.csv,35_coverage_breaks.py,55750c53c794a77643ddf1e6394764861f817dc2a01f335b9dff7d430ba1a6e5
D1,"Episode list under the shock rule: 74 episodes (29 discovery, 45 extension), within-year quantile threshold, span capped at 14 days",derived from data/processed/cai_daily.parquet,2026-09-13T19:04:58+00:00,30f1f24059809b12b6b66956ac94e4490ebb2b4523cb1d876ea4a53efd1d93bb,,data/reference/confirmation_episodes_rebuilt.csv,13_extension_episodes.py,413017d98cfdc4c5ec289613980088e9e1d9037461f33fb19256749e0bd46d8a
S1b,"EMS Incident Dispatch Data via SODA API (7 columns, paged), replaces user-local export; NO NETWORK FETCH — rebuilt from 60 cached page(s)",https://data.cityofnewyork.us/resource/76xm-jjuj.csv,2026-09-13T19:18:51+00:00,6247a7239559f930bb6e1706106ff2020054b126583571f3035f20afa08a95dc,,data/processed/ems_cd_day_calltype.parquet,00b_download_ems_extract.py,c36d84fb1b6ed8acffe5da125b5d265ba8440f148cbbcfa2bb200f40608aaf13
S1c,"Citywide daily call-group counts, 2005+, from the same extract; NO NETWORK FETCH — rebuilt from 60 cached page(s)",https://data.cityofnewyork.us/resource/76xm-jjuj.csv,2026-09-13T19:18:51+00:00,33c8850350f90ab326ea992028a0a5d45bd98b15b605ab69d5cff9f964618a70,,data/processed/ems_citywide_day_trends.parquet,00b_download_ems_extract.py,c36d84fb1b6ed8acffe5da125b5d265ba8440f148cbbcfa2bb200f40608aaf13
S1d,"Cancelled/duplicate dispositions excluded from the district x day x call type extract (finding O1), same extract; NO NETWORK FETCH — rebuilt from 60 cached page(s)",https://data.cityofnewyork.us/resource/76xm-jjuj.csv,2026-09-13T19:18:51+00:00,9de95e3e1929c03aaa6ab6ed31e7bcc6b10191389534384b2af61aa979df1aea,,data/processed/ems_cd_day_calltype_excluded.parquet,00b_download_ems_extract.py,c36d84fb1b6ed8acffe5da125b5d265ba8440f148cbbcfa2bb200f40608aaf13
D4,"Per call code, first and last incident_date in the EMS extract (206 codes); declared access O2_coverage_breaks, addendum 18",derived from data/processed/ems_cd_day_calltype.parquet,2026-09-13T19:18:59+00:00,35c76e96682f189aed8d512937cfa592f005d53e14131bec2e927ff8f7a46e8c,,data/reference/ems_call_code_span.csv,35_coverage_breaks.py,55750c53c794a77643ddf1e6394764861f817dc2a01f335b9dff7d430ba1a6e5
D5,"Per year, share of dispatched calls with no community district (2014-2024); declared access O2_coverage_breaks, addendum 18",derived from data/processed/ems_cd_day_calltype.parquet,2026-09-13T19:18:59+00:00,1dde8fe3fdde0c7dab571b26139548f3bcbaefbb9810c98ae2f9122d3277fa54,,data/reference/ems_missing_district_rate_by_year.csv,35_coverage_breaks.py,55750c53c794a77643ddf1e6394764861f817dc2a01f335b9dff7d430ba1a6e5
D6,"Pre-specified coverage-break rules (addendum 18) evaluated on D4 and D5: 22 within-window code break(s), 1 geocoding break(s)",derived from ems_call_code_span.csv and ems_missing_district_rate_by_year.csv,2026-09-13T19:18:59+00:00,ca4731402e14683d9d0c456a202de06b261edb9ede261cafb1be26c49ee07b4d,,data/reference/ems_coverage_breaks.csv,35_coverage_breaks.py,55750c53c794a77643ddf1e6394764861f817dc2a01f335b9dff7d430ba1a6e5
D1,"Episode list under the shock rule: 74 episodes (29 discovery, 45 extension), within-year quantile threshold, span capped at 14 days",derived from data/processed/cai_daily.parquet,2026-09-13T19:19:03+00:00,30f1f24059809b12b6b66956ac94e4490ebb2b4523cb1d876ea4a53efd1d93bb,,data/reference/confirmation_episodes_rebuilt.csv,13_extension_episodes.py,413017d98cfdc4c5ec289613980088e9e1d9037461f33fb19256749e0bd46d8a
D1_broad,"Episode list under the shock rule: 75 episodes (29 discovery, 46 extension), within-year quantile threshold, span capped at 14 days",derived from data/processed/cai_daily_broad.parquet,2026-09-13T08:11:05+00:00,3311b71d7afbd5579a8ec97f244d2a93e3655b1dc7c7ba33d72a24cc6ab5134d,,data/reference/confirmation_episodes_rebuilt_broad.csv,13_extension_episodes.py,413017d98cfdc4c5ec289613980088e9e1d9037461f33fb19256749e0bd46d8a
D1_spliced,"Episode list under the shock rule: 74 episodes (29 discovery, 45 extension), within-year quantile threshold, span capped at 14 days",derived from data/processed/cai_daily_spliced.parquet,2026-09-13T07:58:42+00:00,a6b3f0a8d53a3b0e4206adca7b7076fe5be980ddb2bbd8259d41e47ce68a912c,,data/reference/confirmation_episodes_rebuilt_spliced.csv,13_extension_episodes.py,413017d98cfdc4c5ec289613980088e9e1d9037461f33fb19256749e0bd46d8a
S1b,"EMS Incident Dispatch Data via SODA API (7 columns, paged), replaces user-local export; NO NETWORK FETCH — rebuilt from 60 cached page(s)",https://data.cityofnewyork.us/resource/76xm-jjuj.csv,2026-09-13T20:57:22+00:00,6247a7239559f930bb6e1706106ff2020054b126583571f3035f20afa08a95dc,,data/processed/ems_cd_day_calltype.parquet,00b_download_ems_extract.py,c36d84fb1b6ed8acffe5da125b5d265ba8440f148cbbcfa2bb200f40608aaf13
S1c,"Citywide daily call-group counts, 2005+, from the same extract; NO NETWORK FETCH — rebuilt from 60 cached page(s)",https://data.cityofnewyork.us/resource/76xm-jjuj.csv,2026-09-13T20:57:22+00:00,33c8850350f90ab326ea992028a0a5d45bd98b15b605ab69d5cff9f964618a70,,data/processed/ems_citywide_day_trends.parquet,00b_download_ems_extract.py,c36d84fb1b6ed8acffe5da125b5d265ba8440f148cbbcfa2bb200f40608aaf13
S1d,"Cancelled/duplicate dispositions excluded from the district x day x call type extract (finding O1), same extract; NO NETWORK FETCH — rebuilt from 60 cached page(s)",https://data.cityofnewyork.us/resource/76xm-jjuj.csv,2026-09-13T20:57:22+00:00,9de95e3e1929c03aaa6ab6ed31e7bcc6b10191389534384b2af61aa979df1aea,,data/processed/ems_cd_day_calltype_excluded.parquet,00b_download_ems_extract.py,c36d84fb1b6ed8acffe5da125b5d265ba8440f148cbbcfa2bb200f40608aaf13
D4,"Per call code, first and last incident_date in the EMS extract (206 codes); declared access O2_coverage_breaks, addendum 18",derived from data/processed/ems_cd_day_calltype.parquet,2026-09-13T20:57:30+00:00,35c76e96682f189aed8d512937cfa592f005d53e14131bec2e927ff8f7a46e8c,,data/reference/ems_call_code_span.csv,35_coverage_breaks.py,55750c53c794a77643ddf1e6394764861f817dc2a01f335b9dff7d430ba1a6e5
D5,"Per year, share of dispatched calls with no community district (2014-2024); declared access O2_coverage_breaks, addendum 18",derived from data/processed/ems_cd_day_calltype.parquet,2026-09-13T20:57:30+00:00,1dde8fe3fdde0c7dab571b26139548f3bcbaefbb9810c98ae2f9122d3277fa54,,data/reference/ems_missing_district_rate_by_year.csv,35_coverage_breaks.py,55750c53c794a77643ddf1e6394764861f817dc2a01f335b9dff7d430ba1a6e5
D6,"Pre-specified coverage-break rules (addendum 18) evaluated on D4 and D5: 22 within-window code break(s), 1 geocoding break(s)",derived from ems_call_code_span.csv and ems_missing_district_rate_by_year.csv,2026-09-13T20:57:30+00:00,ca4731402e14683d9d0c456a202de06b261edb9ede261cafb1be26c49ee07b4d,,data/reference/ems_coverage_breaks.csv,35_coverage_breaks.py,55750c53c794a77643ddf1e6394764861f817dc2a01f335b9dff7d430ba1a6e5
D1,"Episode list under the shock rule: 74 episodes (29 discovery, 45 extension), within-year quantile threshold, span capped at 14 days",derived from data/processed/cai_daily.parquet,2026-09-13T20:57:33+00:00,30f1f24059809b12b6b66956ac94e4490ebb2b4523cb1d876ea4a53efd1d93bb,,data/reference/confirmation_episodes_rebuilt.csv,13_extension_episodes.py,413017d98cfdc4c5ec289613980088e9e1d9037461f33fb19256749e0bd46d8a
D1_broad,"Episode list under the shock rule: 75 episodes (29 discovery, 46 extension), within-year quantile threshold, span capped at 14 days",derived from data/processed/cai_daily_broad.parquet,2026-09-13T21:23:10+00:00,3311b71d7afbd5579a8ec97f244d2a93e3655b1dc7c7ba33d72a24cc6ab5134d,,data/reference/confirmation_episodes_rebuilt_broad.csv,13_extension_episodes.py,413017d98cfdc4c5ec289613980088e9e1d9037461f33fb19256749e0bd46d8a
D1_spliced,"Episode list under the shock rule: 74 episodes (29 discovery, 45 extension), within-year quantile threshold, span capped at 14 days",derived from data/processed/cai_daily_spliced.parquet,2026-09-13T21:23:13+00:00,a6b3f0a8d53a3b0e4206adca7b7076fe5be980ddb2bbd8259d41e47ce68a912c,,data/reference/confirmation_episodes_rebuilt_spliced.csv,13_extension_episodes.py,413017d98cfdc4c5ec289613980088e9e1d9037461f33fb19256749e0bd46d8a
S1b,"EMS Incident Dispatch Data via SODA API (7 columns, paged), replaces user-local export; NO NETWORK FETCH — rebuilt from 60 cached page(s)",https://data.cityofnewyork.us/resource/76xm-jjuj.csv,2026-09-20T03:55:39+00:00,6247a7239559f930bb6e1706106ff2020054b126583571f3035f20afa08a95dc,,data/processed/ems_cd_day_calltype.parquet,00b_download_ems_extract.py,c36d84fb1b6ed8acffe5da125b5d265ba8440f148cbbcfa2bb200f40608aaf13
S1c,"Citywide daily call-group counts, 2005+, from the same extract; NO NETWORK FETCH — rebuilt from 60 cached page(s)",https://data.cityofnewyork.us/resource/76xm-jjuj.csv,2026-09-20T03:55:39+00:00,33c8850350f90ab326ea992028a0a5d45bd98b15b605ab69d5cff9f964618a70,,data/processed/ems_citywide_day_trends.parquet,00b_download_ems_extract.py,c36d84fb1b6ed8acffe5da125b5d265ba8440f148cbbcfa2bb200f40608aaf13
S1d,"Cancelled/duplicate dispositions excluded from the district x day x call type extract (finding O1), same extract; NO NETWORK FETCH — rebuilt from 60 cached page(s)",https://data.cityofnewyork.us/resource/76xm-jjuj.csv,2026-09-20T03:55:39+00:00,9de95e3e1929c03aaa6ab6ed31e7bcc6b10191389534384b2af61aa979df1aea,,data/processed/ems_cd_day_calltype_excluded.parquet,00b_download_ems_extract.py,c36d84fb1b6ed8acffe5da125b5d265ba8440f148cbbcfa2bb200f40608aaf13
D4,"Per call code, first and last incident_date in the EMS extract (206 codes); declared access O2_coverage_breaks, addendum 18",derived from data/processed/ems_cd_day_calltype.parquet,2026-09-20T03:55:49+00:00,35c76e96682f189aed8d512937cfa592f005d53e14131bec2e927ff8f7a46e8c,,data/reference/ems_call_code_span.csv,35_coverage_breaks.py,55750c53c794a77643ddf1e6394764861f817dc2a01f335b9dff7d430ba1a6e5
D5,"Per year, share of dispatched calls with no community district (2014-2024); declared access O2_coverage_breaks, addendum 18",derived from data/processed/ems_cd_day_calltype.parquet,2026-09-20T03:55:49+00:00,1dde8fe3fdde0c7dab571b26139548f3bcbaefbb9810c98ae2f9122d3277fa54,,data/reference/ems_missing_district_rate_by_year.csv,35_coverage_breaks.py,55750c53c794a77643ddf1e6394764861f817dc2a01f335b9dff7d430ba1a6e5
D6,"Pre-specified coverage-break rules (addendum 18) evaluated on D4 and D5: 22 within-window code break(s), 1 geocoding break(s)",derived from ems_call_code_span.csv and ems_missing_district_rate_by_year.csv,2026-09-20T03:55:49+00:00,ca4731402e14683d9d0c456a202de06b261edb9ede261cafb1be26c49ee07b4d,,data/reference/ems_coverage_breaks.csv,35_coverage_breaks.py,55750c53c794a77643ddf1e6394764861f817dc2a01f335b9dff7d430ba1a6e5
D1,"Episode list under the shock rule: 74 episodes (29 discovery, 45 extension), within-year quantile threshold, span capped at 14 days",derived from data/processed/cai_daily.parquet,2026-09-20T03:55:53+00:00,30f1f24059809b12b6b66956ac94e4490ebb2b4523cb1d876ea4a53efd1d93bb,,data/reference/confirmation_episodes_rebuilt.csv,13_extension_episodes.py,413017d98cfdc4c5ec289613980088e9e1d9037461f33fb19256749e0bd46d8a
D1_broad,"Episode list under the shock rule: 75 episodes (29 discovery, 46 extension), within-year quantile threshold, span capped at 14 days",derived from data/processed/cai_daily_broad.parquet,2026-09-20T03:55:57+00:00,3311b71d7afbd5579a8ec97f244d2a93e3655b1dc7c7ba33d72a24cc6ab5134d,,data/reference/confirmation_episodes_rebuilt_broad.csv,13_extension_episodes.py,413017d98cfdc4c5ec289613980088e9e1d9037461f33fb19256749e0bd46d8a
D1_spliced,"Episode list under the shock rule: 74 episodes (29 discovery, 45 extension), within-year quantile threshold, span capped at 14 days",derived from data/processed/cai_daily_spliced.parquet,2026-09-20T03:55:59+00:00,a6b3f0a8d53a3b0e4206adca7b7076fe5be980ddb2bbd8259d41e47ce68a912c,,data/reference/confirmation_episodes_rebuilt_spliced.csv,13_extension_episodes.py,413017d98cfdc4c5ec289613980088e9e1d9037461f33fb19256749e0bd46d8a
S1b,"EMS Incident Dispatch Data via SODA API (7 columns, paged), replaces user-local export; NO NETWORK FETCH — rebuilt from 60 cached page(s)",https://data.cityofnewyork.us/resource/76xm-jjuj.csv,2026-09-20T04:02:40+00:00,6247a7239559f930bb6e1706106ff2020054b126583571f3035f20afa08a95dc,,data/processed/ems_cd_day_calltype.parquet,00b_download_ems_extract.py,c36d84fb1b6ed8acffe5da125b5d265ba8440f148cbbcfa2bb200f40608aaf13
S1c,"Citywide daily call-group counts, 2005+, from the same extract; NO NETWORK FETCH — rebuilt from 60 cached page(s)",https://data.cityofnewyork.us/resource/76xm-jjuj.csv,2026-09-20T04:02:40+00:00,33c8850350f90ab326ea992028a0a5d45bd98b15b605ab69d5cff9f964618a70,,data/processed/ems_citywide_day_trends.parquet,00b_download_ems_extract.py,c36d84fb1b6ed8acffe5da125b5d265ba8440f148cbbcfa2bb200f40608aaf13
S1d,"Cancelled/duplicate dispositions excluded from the district x day x call type extract (finding O1), same extract; NO NETWORK FETCH — rebuilt from 60 cached page(s)",https://data.cityofnewyork.us/resource/76xm-jjuj.csv,2026-09-20T04:02:40+00:00,9de95e3e1929c03aaa6ab6ed31e7bcc6b10191389534384b2af61aa979df1aea,,data/processed/ems_cd_day_calltype_excluded.parquet,00b_download_ems_extract.py,c36d84fb1b6ed8acffe5da125b5d265ba8440f148cbbcfa2bb200f40608aaf13
D4,"Per call code, first and last incident_date in the EMS extract (206 codes); declared access O2_coverage_breaks, addendum 18",derived from data/processed/ems_cd_day_calltype.parquet,2026-09-20T04:02:50+00:00,35c76e96682f189aed8d512937cfa592f005d53e14131bec2e927ff8f7a46e8c,,data/reference/ems_call_code_span.csv,35_coverage_breaks.py,55750c53c794a77643ddf1e6394764861f817dc2a01f335b9dff7d430ba1a6e5
D5,"Per year, share of dispatched calls with no community district (2014-2024); declared access O2_coverage_breaks, addendum 18",derived from data/processed/ems_cd_day_calltype.parquet,2026-09-20T04:02:50+00:00,1dde8fe3fdde0c7dab571b26139548f3bcbaefbb9810c98ae2f9122d3277fa54,,data/reference/ems_missing_district_rate_by_year.csv,35_coverage_breaks.py,55750c53c794a77643ddf1e6394764861f817dc2a01f335b9dff7d430ba1a6e5
D6,"Pre-specified coverage-break rules (addendum 18) evaluated on D4 and D5: 22 within-window code break(s), 1 geocoding break(s)",derived from ems_call_code_span.csv and ems_missing_district_rate_by_year.csv,2026-09-20T04:02:50+00:00,ca4731402e14683d9d0c456a202de06b261edb9ede261cafb1be26c49ee07b4d,,data/reference/ems_coverage_breaks.csv,35_coverage_breaks.py,55750c53c794a77643ddf1e6394764861f817dc2a01f335b9dff7d430ba1a6e5
D1,"Episode list under the shock rule: 74 episodes (29 discovery, 45 extension), within-year quantile threshold, span capped at 14 days",derived from data/processed/cai_daily.parquet,2026-09-20T04:02:54+00:00,30f1f24059809b12b6b66956ac94e4490ebb2b4523cb1d876ea4a53efd1d93bb,,data/reference/confirmation_episodes_rebuilt.csv,13_extension_episodes.py,413017d98cfdc4c5ec289613980088e9e1d9037461f33fb19256749e0bd46d8a
D1_broad,"Episode list under the shock rule: 75 episodes (29 discovery, 46 extension), within-year quantile threshold, span capped at 14 days",derived from data/processed/cai_daily_broad.parquet,2026-09-20T04:02:59+00:00,3311b71d7afbd5579a8ec97f244d2a93e3655b1dc7c7ba33d72a24cc6ab5134d,,data/reference/confirmation_episodes_rebuilt_broad.csv,13_extension_episodes.py,413017d98cfdc4c5ec289613980088e9e1d9037461f33fb19256749e0bd46d8a
D1_spliced,"Episode list under the shock rule: 74 episodes (29 discovery, 45 extension), within-year quantile threshold, span capped at 14 days",derived from data/processed/cai_daily_spliced.parquet,2026-09-20T04:03:01+00:00,a6b3f0a8d53a3b0e4206adca7b7076fe5be980ddb2bbd8259d41e47ce68a912c,,data/reference/confirmation_episodes_rebuilt_spliced.csv,13_extension_episodes.py,413017d98cfdc4c5ec289613980088e9e1d9037461f33fb19256749e0bd46d8a
S1b,"EMS Incident Dispatch Data via SODA API (7 columns, paged), replaces user-local export; NO NETWORK FETCH — rebuilt from 60 cached page(s)",https://data.cityofnewyork.us/resource/76xm-jjuj.csv,2026-09-20T04:26:58+00:00,6247a7239559f930bb6e1706106ff2020054b126583571f3035f20afa08a95dc,,data/processed/ems_cd_day_calltype.parquet,00b_download_ems_extract.py,c36d84fb1b6ed8acffe5da125b5d265ba8440f148cbbcfa2bb200f40608aaf13
S1c,"Citywide daily call-group counts, 2005+, from the same extract; NO NETWORK FETCH — rebuilt from 60 cached page(s)",https://data.cityofnewyork.us/resource/76xm-jjuj.csv,2026-09-20T04:26:58+00:00,33c8850350f90ab326ea992028a0a5d45bd98b15b605ab69d5cff9f964618a70,,data/processed/ems_citywide_day_trends.parquet,00b_download_ems_extract.py,c36d84fb1b6ed8acffe5da125b5d265ba8440f148cbbcfa2bb200f40608aaf13
S1d,"Cancelled/duplicate dispositions excluded from the district x day x call type extract (finding O1), same extract; NO NETWORK FETCH — rebuilt from 60 cached page(s)",https://data.cityofnewyork.us/resource/76xm-jjuj.csv,2026-09-20T04:26:58+00:00,9de95e3e1929c03aaa6ab6ed31e7bcc6b10191389534384b2af61aa979df1aea,,data/processed/ems_cd_day_calltype_excluded.parquet,00b_download_ems_extract.py,c36d84fb1b6ed8acffe5da125b5d265ba8440f148cbbcfa2bb200f40608aaf13
D4,"Per call code, first and last incident_date in the EMS extract (206 codes); declared access O2_coverage_breaks, addendum 18",derived from data/processed/ems_cd_day_calltype.parquet,2026-09-20T04:27:08+00:00,35c76e96682f189aed8d512937cfa592f005d53e14131bec2e927ff8f7a46e8c,,data/reference/ems_call_code_span.csv,35_coverage_breaks.py,55750c53c794a77643ddf1e6394764861f817dc2a01f335b9dff7d430ba1a6e5
D5,"Per year, share of dispatched calls with no community district (2014-2024); declared access O2_coverage_breaks, addendum 18",derived from data/processed/ems_cd_day_calltype.parquet,2026-09-20T04:27:08+00:00,1dde8fe3fdde0c7dab571b26139548f3bcbaefbb9810c98ae2f9122d3277fa54,,data/reference/ems_missing_district_rate_by_year.csv,35_coverage_breaks.py,55750c53c794a77643ddf1e6394764861f817dc2a01f335b9dff7d430ba1a6e5
D6,"Pre-specified coverage-break rules (addendum 18) evaluated on D4 and D5: 22 within-window code break(s), 1 geocoding break(s)",derived from ems_call_code_span.csv and ems_missing_district_rate_by_year.csv,2026-09-20T04:27:08+00:00,ca4731402e14683d9d0c456a202de06b261edb9ede261cafb1be26c49ee07b4d,,data/reference/ems_coverage_breaks.csv,35_coverage_breaks.py,55750c53c794a77643ddf1e6394764861f817dc2a01f335b9dff7d430ba1a6e5
D1,"Episode list under the shock rule: 74 episodes (29 discovery, 45 extension), within-year quantile threshold, span capped at 14 days",derived from data/processed/cai_daily.parquet,2026-09-20T04:27:11+00:00,30f1f24059809b12b6b66956ac94e4490ebb2b4523cb1d876ea4a53efd1d93bb,,data/reference/confirmation_episodes_rebuilt.csv,13_extension_episodes.py,413017d98cfdc4c5ec289613980088e9e1d9037461f33fb19256749e0bd46d8a
D1_broad,"Episode list under the shock rule: 75 episodes (29 discovery, 46 extension), within-year quantile threshold, span capped at 14 days",derived from data/processed/cai_daily_broad.parquet,2026-09-20T04:27:16+00:00,3311b71d7afbd5579a8ec97f244d2a93e3655b1dc7c7ba33d72a24cc6ab5134d,,data/reference/confirmation_episodes_rebuilt_broad.csv,13_extension_episodes.py,413017d98cfdc4c5ec289613980088e9e1d9037461f33fb19256749e0bd46d8a
D1_spliced,"Episode list under the shock rule: 74 episodes (29 discovery, 45 extension), within-year quantile threshold, span capped at 14 days",derived from data/processed/cai_daily_spliced.parquet,2026-09-20T04:27:18+00:00,a6b3f0a8d53a3b0e4206adca7b7076fe5be980ddb2bbd8259d41e47ce68a912c,,data/reference/confirmation_episodes_rebuilt_spliced.csv,13_extension_episodes.py,413017d98cfdc4c5ec289613980088e9e1d9037461f33fb19256749e0bd46d8a
S1b,"EMS Incident Dispatch Data via SODA API (7 columns, paged), replaces user-local export; NO NETWORK FETCH — rebuilt from 60 cached page(s)",https://data.cityofnewyork.us/resource/76xm-jjuj.csv,2026-09-20T04:32:59+00:00,6247a7239559f930bb6e1706106ff2020054b126583571f3035f20afa08a95dc,,data/processed/ems_cd_day_calltype.parquet,00b_download_ems_extract.py,c36d84fb1b6ed8acffe5da125b5d265ba8440f148cbbcfa2bb200f40608aaf13
S1c,"Citywide daily call-group counts, 2005+, from the same extract; NO NETWORK FETCH — rebuilt from 60 cached page(s)",https://data.cityofnewyork.us/resource/76xm-jjuj.csv,2026-09-20T04:32:59+00:00,33c8850350f90ab326ea992028a0a5d45bd98b15b605ab69d5cff9f964618a70,,data/processed/ems_citywide_day_trends.parquet,00b_download_ems_extract.py,c36d84fb1b6ed8acffe5da125b5d265ba8440f148cbbcfa2bb200f40608aaf13
S1d,"Cancelled/duplicate dispositions excluded from the district x day x call type extract (finding O1), same extract; NO NETWORK FETCH — rebuilt from 60 cached page(s)",https://data.cityofnewyork.us/resource/76xm-jjuj.csv,2026-09-20T04:32:59+00:00,9de95e3e1929c03aaa6ab6ed31e7bcc6b10191389534384b2af61aa979df1aea,,data/processed/ems_cd_day_calltype_excluded.parquet,00b_download_ems_extract.py,c36d84fb1b6ed8acffe5da125b5d265ba8440f148cbbcfa2bb200f40608aaf13
D4,"Per call code, first and last incident_date in the EMS extract (206 codes); declared access O2_coverage_breaks, addendum 18",derived from data/processed/ems_cd_day_calltype.parquet,2026-09-20T04:33:09+00:00,35c76e96682f189aed8d512937cfa592f005d53e14131bec2e927ff8f7a46e8c,,data/reference/ems_call_code_span.csv,35_coverage_breaks.py,55750c53c794a77643ddf1e6394764861f817dc2a01f335b9dff7d430ba1a6e5
D5,"Per year, share of dispatched calls with no community district (2014-2024); declared access O2_coverage_breaks, addendum 18",derived from data/processed/ems_cd_day_calltype.parquet,2026-09-20T04:33:09+00:00,1dde8fe3fdde0c7dab571b26139548f3bcbaefbb9810c98ae2f9122d3277fa54,,data/reference/ems_missing_district_rate_by_year.csv,35_coverage_breaks.py,55750c53c794a77643ddf1e6394764861f817dc2a01f335b9dff7d430ba1a6e5
D6,"Pre-specified coverage-break rules (addendum 18) evaluated on D4 and D5: 22 within-window code break(s), 1 geocoding break(s)",derived from ems_call_code_span.csv and ems_missing_district_rate_by_year.csv,2026-09-20T04:33:09+00:00,ca4731402e14683d9d0c456a202de06b261edb9ede261cafb1be26c49ee07b4d,,data/reference/ems_coverage_breaks.csv,35_coverage_breaks.py,55750c53c794a77643ddf1e6394764861f817dc2a01f335b9dff7d430ba1a6e5
D1,"Episode list under the shock rule: 74 episodes (29 discovery, 45 extension), within-year quantile threshold, span capped at 14 days",derived from data/processed/cai_daily.parquet,2026-09-20T04:33:13+00:00,30f1f24059809b12b6b66956ac94e4490ebb2b4523cb1d876ea4a53efd1d93bb,,data/reference/confirmation_episodes_rebuilt.csv,13_extension_episodes.py,413017d98cfdc4c5ec289613980088e9e1d9037461f33fb19256749e0bd46d8a
D1_broad,"Episode list under the shock rule: 75 episodes (29 discovery, 46 extension), within-year quantile threshold, span capped at 14 days",derived from data/processed/cai_daily_broad.parquet,2026-09-20T04:33:17+00:00,3311b71d7afbd5579a8ec97f244d2a93e3655b1dc7c7ba33d72a24cc6ab5134d,,data/reference/confirmation_episodes_rebuilt_broad.csv,13_extension_episodes.py,413017d98cfdc4c5ec289613980088e9e1d9037461f33fb19256749e0bd46d8a
D1_spliced,"Episode list under the shock rule: 74 episodes (29 discovery, 45 extension), within-year quantile threshold, span capped at 14 days",derived from data/processed/cai_daily_spliced.parquet,2026-09-20T04:33:19+00:00,a6b3f0a8d53a3b0e4206adca7b7076fe5be980ddb2bbd8259d41e47ce68a912c,,data/reference/confirmation_episodes_rebuilt_spliced.csv,13_extension_episodes.py,413017d98cfdc4c5ec289613980088e9e1d9037461f33fb19256749e0bd46d8a
S1b,"EMS Incident Dispatch Data via SODA API (7 columns, paged), replaces user-local export; NO NETWORK FETCH — rebuilt from 60 cached page(s)",https://data.cityofnewyork.us/resource/76xm-jjuj.csv,2026-09-20T04:45:48+00:00,6247a7239559f930bb6e1706106ff2020054b126583571f3035f20afa08a95dc,,data/processed/ems_cd_day_calltype.parquet,00b_download_ems_extract.py,c36d84fb1b6ed8acffe5da125b5d265ba8440f148cbbcfa2bb200f40608aaf13
S1c,"Citywide daily call-group counts, 2005+, from the same extract; NO NETWORK FETCH — rebuilt from 60 cached page(s)",https://data.cityofnewyork.us/resource/76xm-jjuj.csv,2026-09-20T04:45:48+00:00,33c8850350f90ab326ea992028a0a5d45bd98b15b605ab69d5cff9f964618a70,,data/processed/ems_citywide_day_trends.parquet,00b_download_ems_extract.py,c36d84fb1b6ed8acffe5da125b5d265ba8440f148cbbcfa2bb200f40608aaf13
S1d,"Cancelled/duplicate dispositions excluded from the district x day x call type extract (finding O1), same extract; NO NETWORK FETCH — rebuilt from 60 cached page(s)",https://data.cityofnewyork.us/resource/76xm-jjuj.csv,2026-09-20T04:45:48+00:00,9de95e3e1929c03aaa6ab6ed31e7bcc6b10191389534384b2af61aa979df1aea,,data/processed/ems_cd_day_calltype_excluded.parquet,00b_download_ems_extract.py,c36d84fb1b6ed8acffe5da125b5d265ba8440f148cbbcfa2bb200f40608aaf13
D4,"Per call code, first and last incident_date in the EMS extract (206 codes); declared access O2_coverage_breaks, addendum 18",derived from data/processed/ems_cd_day_calltype.parquet,2026-09-20T04:45:56+00:00,35c76e96682f189aed8d512937cfa592f005d53e14131bec2e927ff8f7a46e8c,,data/reference/ems_call_code_span.csv,35_coverage_breaks.py,55750c53c794a77643ddf1e6394764861f817dc2a01f335b9dff7d430ba1a6e5
D5,"Per year, share of dispatched calls with no community district (2014-2024); declared access O2_coverage_breaks, addendum 18",derived from data/processed/ems_cd_day_calltype.parquet,2026-09-20T04:45:56+00:00,1dde8fe3fdde0c7dab571b26139548f3bcbaefbb9810c98ae2f9122d3277fa54,,data/reference/ems_missing_district_rate_by_year.csv,35_coverage_breaks.py,55750c53c794a77643ddf1e6394764861f817dc2a01f335b9dff7d430ba1a6e5
D6,"Pre-specified coverage-break rules (addendum 18) evaluated on D4 and D5: 22 within-window code break(s), 1 geocoding break(s)",derived from ems_call_code_span.csv and ems_missing_district_rate_by_year.csv,2026-09-20T04:45:56+00:00,ca4731402e14683d9d0c456a202de06b261edb9ede261cafb1be26c49ee07b4d,,data/reference/ems_coverage_breaks.csv,35_coverage_breaks.py,55750c53c794a77643ddf1e6394764861f817dc2a01f335b9dff7d430ba1a6e5
D1,"Episode list under the shock rule: 74 episodes (29 discovery, 45 extension), within-year quantile threshold, span capped at 14 days",derived from data/processed/cai_daily.parquet,2026-09-20T04:46:00+00:00,30f1f24059809b12b6b66956ac94e4490ebb2b4523cb1d876ea4a53efd1d93bb,,data/reference/confirmation_episodes_rebuilt.csv,13_extension_episodes.py,413017d98cfdc4c5ec289613980088e9e1d9037461f33fb19256749e0bd46d8a
D1_broad,"Episode list under the shock rule: 75 episodes (29 discovery, 46 extension), within-year quantile threshold, span capped at 14 days",derived from data/processed/cai_daily_broad.parquet,2026-09-20T04:46:05+00:00,3311b71d7afbd5579a8ec97f244d2a93e3655b1dc7c7ba33d72a24cc6ab5134d,,data/reference/confirmation_episodes_rebuilt_broad.csv,13_extension_episodes.py,413017d98cfdc4c5ec289613980088e9e1d9037461f33fb19256749e0bd46d8a
D1_spliced,"Episode list under the shock rule: 74 episodes (29 discovery, 45 extension), within-year quantile threshold, span capped at 14 days",derived from data/processed/cai_daily_spliced.parquet,2026-09-20T04:46:07+00:00,a6b3f0a8d53a3b0e4206adca7b7076fe5be980ddb2bbd8259d41e47ce68a912c,,data/reference/confirmation_episodes_rebuilt_spliced.csv,13_extension_episodes.py,413017d98cfdc4c5ec289613980088e9e1d9037461f33fb19256749e0bd46d8a
D4,"Per call code, first and last incident_date in the EMS extract (206 codes); declared access O2_coverage_breaks, addendum 18",derived from data/processed/ems_cd_day_calltype.parquet,2026-09-20T04:51:49+00:00,35c76e96682f189aed8d512937cfa592f005d53e14131bec2e927ff8f7a46e8c,,data/reference/ems_call_code_span.csv,35_coverage_breaks.py,55750c53c794a77643ddf1e6394764861f817dc2a01f335b9dff7d430ba1a6e5
D5,"Per year, share of dispatched calls with no community district (2014-2024); declared access O2_coverage_breaks, addendum 18",derived from data/processed/ems_cd_day_calltype.parquet,2026-09-20T04:51:49+00:00,1dde8fe3fdde0c7dab571b26139548f3bcbaefbb9810c98ae2f9122d3277fa54,,data/reference/ems_missing_district_rate_by_year.csv,35_coverage_breaks.py,55750c53c794a77643ddf1e6394764861f817dc2a01f335b9dff7d430ba1a6e5
D6,"Pre-specified coverage-break rules (addendum 18) evaluated on D4 and D5: 22 within-window code break(s), 1 geocoding break(s)",derived from ems_call_code_span.csv and ems_missing_district_rate_by_year.csv,2026-09-20T04:51:49+00:00,ca4731402e14683d9d0c456a202de06b261edb9ede261cafb1be26c49ee07b4d,,data/reference/ems_coverage_breaks.csv,35_coverage_breaks.py,55750c53c794a77643ddf1e6394764861f817dc2a01f335b9dff7d430ba1a6e5
S1b,"EMS Incident Dispatch Data via SODA API (7 columns, paged), replaces user-local export; NO NETWORK FETCH — rebuilt from 60 cached page(s)",https://data.cityofnewyork.us/resource/76xm-jjuj.csv,2026-09-20T04:51:39+00:00,6247a7239559f930bb6e1706106ff2020054b126583571f3035f20afa08a95dc,,data/processed/ems_cd_day_calltype.parquet,00b_download_ems_extract.py,c36d84fb1b6ed8acffe5da125b5d265ba8440f148cbbcfa2bb200f40608aaf13
S1c,"Citywide daily call-group counts, 2005+, from the same extract; NO NETWORK FETCH — rebuilt from 60 cached page(s)",https://data.cityofnewyork.us/resource/76xm-jjuj.csv,2026-09-20T04:51:39+00:00,33c8850350f90ab326ea992028a0a5d45bd98b15b605ab69d5cff9f964618a70,,data/processed/ems_citywide_day_trends.parquet,00b_download_ems_extract.py,c36d84fb1b6ed8acffe5da125b5d265ba8440f148cbbcfa2bb200f40608aaf13
S1d,"Cancelled/duplicate dispositions excluded from the district x day x call type extract (finding O1), same extract; NO NETWORK FETCH — rebuilt from 60 cached page(s)",https://data.cityofnewyork.us/resource/76xm-jjuj.csv,2026-09-20T04:51:39+00:00,9de95e3e1929c03aaa6ab6ed31e7bcc6b10191389534384b2af61aa979df1aea,,data/processed/ems_cd_day_calltype_excluded.parquet,00b_download_ems_extract.py,c36d84fb1b6ed8acffe5da125b5d265ba8440f148cbbcfa2bb200f40608aaf13
D4,"Per call code, first and last incident_date in the EMS extract (206 codes); declared access O2_coverage_breaks, addendum 18",derived from data/processed/ems_cd_day_calltype.parquet,2026-09-20T05:16:27+00:00,35c76e96682f189aed8d512937cfa592f005d53e14131bec2e927ff8f7a46e8c,,data/reference/ems_call_code_span.csv,35_coverage_breaks.py,929aeb1a556adfd821138bede0c4d0265c01fa02ed3c6865b0514eca8523b050
D5,"Per year, share of dispatched calls with no community district (2014-2024); declared access O2_coverage_breaks, addendum 18",derived from data/processed/ems_cd_day_calltype.parquet,2026-09-20T05:16:27+00:00,1dde8fe3fdde0c7dab571b26139548f3bcbaefbb9810c98ae2f9122d3277fa54,,data/reference/ems_missing_district_rate_by_year.csv,35_coverage_breaks.py,929aeb1a556adfd821138bede0c4d0265c01fa02ed3c6865b0514eca8523b050
D6,"Pre-specified coverage-break rules (addendum 18) evaluated on D4 and D5: 22 within-window code break(s), 1 geocoding break(s)",derived from ems_call_code_span.csv and ems_missing_district_rate_by_year.csv,2026-09-20T05:16:27+00:00,ca4731402e14683d9d0c456a202de06b261edb9ede261cafb1be26c49ee07b4d,,data/reference/ems_coverage_breaks.csv,35_coverage_breaks.py,929aeb1a556adfd821138bede0c4d0265c01fa02ed3c6865b0514eca8523b050
D1,"Episode list under the shock rule: 74 episodes (29 discovery, 45 extension), within-year quantile threshold, span capped at 14 days",derived from data/processed/cai_daily.parquet,2026-09-20T04:51:53+00:00,30f1f24059809b12b6b66956ac94e4490ebb2b4523cb1d876ea4a53efd1d93bb,,data/reference/confirmation_episodes_rebuilt.csv,13_extension_episodes.py,413017d98cfdc4c5ec289613980088e9e1d9037461f33fb19256749e0bd46d8a
D1_broad,"Episode list under the shock rule: 75 episodes (29 discovery, 46 extension), within-year quantile threshold, span capped at 14 days",derived from data/processed/cai_daily_broad.parquet,2026-09-20T04:51:58+00:00,3311b71d7afbd5579a8ec97f244d2a93e3655b1dc7c7ba33d72a24cc6ab5134d,,data/reference/confirmation_episodes_rebuilt_broad.csv,13_extension_episodes.py,413017d98cfdc4c5ec289613980088e9e1d9037461f33fb19256749e0bd46d8a
D1_spliced,"Episode list under the shock rule: 74 episodes (29 discovery, 45 extension), within-year quantile threshold, span capped at 14 days",derived from data/processed/cai_daily_spliced.parquet,2026-09-20T04:52:00+00:00,a6b3f0a8d53a3b0e4206adca7b7076fe5be980ddb2bbd8259d41e47ce68a912c,,data/reference/confirmation_episodes_rebuilt_spliced.csv,13_extension_episodes.py,413017d98cfdc4c5ec289613980088e9e1d9037461f33fb19256749e0bd46d8a
S1b,"EMS Incident Dispatch Data via SODA API (7 columns, paged), replaces user-local export; NO NETWORK FETCH — rebuilt from 60 cached page(s)",https://data.cityofnewyork.us/resource/76xm-jjuj.csv,2026-09-20T05:59:29+00:00,6247a7239559f930bb6e1706106ff2020054b126583571f3035f20afa08a95dc,,data/processed/ems_cd_day_calltype.parquet,00b_download_ems_extract.py,c36d84fb1b6ed8acffe5da125b5d265ba8440f148cbbcfa2bb200f40608aaf13
S1c,"Citywide daily call-group counts, 2005+, from the same extract; NO NETWORK FETCH — rebuilt from 60 cached page(s)",https://data.cityofnewyork.us/resource/76xm-jjuj.csv,2026-09-20T05:59:29+00:00,33c8850350f90ab326ea992028a0a5d45bd98b15b605ab69d5cff9f964618a70,,data/processed/ems_citywide_day_trends.parquet,00b_download_ems_extract.py,c36d84fb1b6ed8acffe5da125b5d265ba8440f148cbbcfa2bb200f40608aaf13
S1d,"Cancelled/duplicate dispositions excluded from the district x day x call type extract (finding O1), same extract; NO NETWORK FETCH — rebuilt from 60 cached page(s)",https://data.cityofnewyork.us/resource/76xm-jjuj.csv,2026-09-20T05:59:29+00:00,9de95e3e1929c03aaa6ab6ed31e7bcc6b10191389534384b2af61aa979df1aea,,data/processed/ems_cd_day_calltype_excluded.parquet,00b_download_ems_extract.py,c36d84fb1b6ed8acffe5da125b5d265ba8440f148cbbcfa2bb200f40608aaf13
D4,"Per call code, first and last incident_date in the EMS extract (206 codes); declared access O2_coverage_breaks, addendum 18",derived from data/processed/ems_cd_day_calltype.parquet,2026-09-20T05:59:39+00:00,35c76e96682f189aed8d512937cfa592f005d53e14131bec2e927ff8f7a46e8c,,data/reference/ems_call_code_span.csv,35_coverage_breaks.py,929aeb1a556adfd821138bede0c4d0265c01fa02ed3c6865b0514eca8523b050
D5,"Per year, share of dispatched calls with no community district (2014-2024); declared access O2_coverage_breaks, addendum 18",derived from data/processed/ems_cd_day_calltype.parquet,2026-09-20T05:59:39+00:00,1dde8fe3fdde0c7dab571b26139548f3bcbaefbb9810c98ae2f9122d3277fa54,,data/reference/ems_missing_district_rate_by_year.csv,35_coverage_breaks.py,929aeb1a556adfd821138bede0c4d0265c01fa02ed3c6865b0514eca8523b050
D6,"Pre-specified coverage-break rules (addendum 18) evaluated on D4 and D5: 22 within-window code break(s), 1 geocoding break(s)",derived from ems_call_code_span.csv and ems_missing_district_rate_by_year.csv,2026-09-20T05:59:39+00:00,ca4731402e14683d9d0c456a202de06b261edb9ede261cafb1be26c49ee07b4d,,data/reference/ems_coverage_breaks.csv,35_coverage_breaks.py,929aeb1a556adfd821138bede0c4d0265c01fa02ed3c6865b0514eca8523b050
D1,"Episode list under the shock rule: 74 episodes (29 discovery, 45 extension), within-year quantile threshold, span capped at 14 days",derived from data/processed/cai_daily.parquet,2026-09-20T05:59:43+00:00,30f1f24059809b12b6b66956ac94e4490ebb2b4523cb1d876ea4a53efd1d93bb,,data/reference/confirmation_episodes_rebuilt.csv,13_extension_episodes.py,413017d98cfdc4c5ec289613980088e9e1d9037461f33fb19256749e0bd46d8a
D1_broad,"Episode list under the shock rule: 75 episodes (29 discovery, 46 extension), within-year quantile threshold, span capped at 14 days",derived from data/processed/cai_daily_broad.parquet,2026-09-20T05:59:47+00:00,3311b71d7afbd5579a8ec97f244d2a93e3655b1dc7c7ba33d72a24cc6ab5134d,,data/reference/confirmation_episodes_rebuilt_broad.csv,13_extension_episodes.py,413017d98cfdc4c5ec289613980088e9e1d9037461f33fb19256749e0bd46d8a
D1_spliced,"Episode list under the shock rule: 74 episodes (29 discovery, 45 extension), within-year quantile threshold, span capped at 14 days",derived from data/processed/cai_daily_spliced.parquet,2026-09-20T05:59:49+00:00,a6b3f0a8d53a3b0e4206adca7b7076fe5be980ddb2bbd8259d41e47ce68a912c,,data/reference/confirmation_episodes_rebuilt_spliced.csv,13_extension_episodes.py,413017d98cfdc4c5ec289613980088e9e1d9037461f33fb19256749e0bd46d8a
