final_call_type,first_date,last_date
ABDPFC,2014-12-02,2024-07-13
ABDPFT,2015-06-20,2023-01-16
ABDPN,2014-12-01,2024-12-31
ABDPRF,2022-06-08,2023-03-30
ACTIVE,2016-10-01,2024-12-07
ALTMEN,2014-12-01,2024-12-31
ALTMFC,2014-12-24,2024-03-30
ALTMFT,2021-03-10,2022-12-24
ALTMRF,2022-06-08,2023-03-29
AMPMAJ,2014-12-02,2024-12-29
AMPMIN,2014-12-01,2024-12-27
ANAPFC,2014-12-01,2024-09-09
ANAPFT,2023-01-17,2023-01-17
ANAPH,2014-12-01,2024-12-31
ANAPRF,2021-04-19,2023-03-30
ARREFC,2015-03-17,2024-04-24
ARREFT,2022-11-21,2022-12-03
ARRERF,2022-06-08,2023-03-08
ARREST,2014-12-01,2024-12-31
ASTHFC,2014-12-01,2024-12-19
ASTHFT,2021-12-19,2023-05-21
ASTHMB,2014-12-01,2024-12-31
ASTHRF,2022-06-29,2023-03-18
BURNHM,2024-04-15,2024-12-31
BURNHZ,2024-04-11,2024-12-30
BURNMA,2014-12-01,2024-12-31
BURNMI,2014-12-01,2024-12-31
CARD,2014-12-01,2024-12-31
CARDBR,2017-03-28,2024-12-31
CARDFC,2014-12-28,2024-06-29
CARDFT,2021-01-06,2023-01-14
CARDRF,2022-06-08,2023-03-31
CDBRFC,2020-01-30,2024-07-27
CDBRFT,2022-10-28,2023-10-27
CDBRRF,2022-04-05,2023-03-30
CHILDA,2014-12-03,2024-12-31
CHOKE,2014-12-01,2024-12-31
CHOKFC,2014-12-02,2024-03-17
CHOKRF,2022-06-21,2023-03-16
COLD,2014-12-01,2024-12-31
COVINF,2020-03-24,2020-05-05
CVA,2014-12-01,2024-12-31
CVAC,2014-12-01,2024-12-31
CVACFC,2015-01-13,2024-03-31
CVACFT,2022-11-01,2022-11-01
CVACRF,2022-06-11,2023-03-24
CVAFC,2015-03-09,2023-11-27
CVARF,2022-06-20,2023-03-23
DIFFBR,2014-12-01,2024-12-31
DIFFFC,2014-12-01,2024-09-11
DIFFFT,2022-10-27,2022-11-18
DIFFRF,2015-01-20,2023-05-05
DOA,2014-12-22,2024-12-27
DOAU,2024-02-06,2024-07-03
DROWN,2014-12-04,2024-12-24
DRUG,2014-12-01,2024-12-31
DRUGFC,2015-05-19,2024-01-03
DRUGFT,2022-11-04,2022-11-21
DRUGRF,2022-06-10,2023-03-28
EDP,2014-12-01,2024-12-31
EDPC,2018-07-06,2024-12-31
EDPE,2024-04-10,2024-12-31
EDPM,2021-06-03,2024-12-31
EDPT,2023-03-01,2024-12-31
EDPW,2018-10-28,2021-08-25
ELECT,2014-12-04,2024-12-31
GYNHEM,2014-12-01,2024-12-31
GYNMAJ,2014-12-01,2024-12-31
HEAT,2014-12-27,2024-12-28
HYPTN,2014-12-01,2024-12-31
INBLED,2014-12-01,2024-12-31
INBLFC,2014-12-30,2024-03-06
INBLFT,2022-11-02,2023-01-24
INBLRF,2022-06-08,2023-03-30
INHALE,2014-12-01,2024-12-31
INJALS,2014-12-01,2015-12-16
INJMAJ,2014-12-01,2024-12-31
INJMIN,2014-12-01,2024-12-31
INJURY,2014-12-01,2024-12-31
JUMPDN,2014-12-01,2024-12-31
JUMPUP,2014-12-01,2024-12-31
MCI21,2015-03-31,2024-12-31
MCI21P,2014-12-01,2018-01-02
MCI22,2018-01-04,2024-12-31
MCI22P,2014-12-05,2018-01-02
MCI23,2018-01-02,2024-12-04
MCI23P,2014-12-02,2017-12-28
MCI24,2018-01-30,2024-08-26
MCI24P,2015-01-21,2017-12-28
MCI25,2018-01-08,2024-11-01
MCI25P,2014-12-17,2018-01-02
MCI26,2015-04-08,2015-04-08
MCI26P,2014-12-02,2017-02-06
MCI28,2019-12-13,2022-04-18
MCI28P,2015-07-31,2017-08-30
MCI29,2018-01-13,2024-12-09
MCI29P,2014-12-02,2017-11-13
MCI30P,2015-02-23,2017-12-11
MCI31,2018-03-24,2024-01-04
MCI31P,2015-04-06,2017-12-19
MCI32,2018-01-02,2024-12-31
MCI32P,2014-12-03,2018-01-02
MCI33,2018-05-02,2024-11-18
MCI33P,2015-02-25,2017-12-01
MCI34,2018-03-16,2024-08-28
MCI34P,2015-01-21,2017-12-12
MCI35,2018-02-13,2024-06-09
MCI35P,2014-12-17,2017-12-24
MCI38,2018-05-07,2024-08-15
MCI38P,2015-08-12,2017-07-28
MCI40,2018-03-11,2020-10-04
MCI40P,2015-03-05,2016-05-27
MCI42,2020-01-28,2024-06-21
MCI42P,2015-05-19,2017-08-03
MCI43,2014-12-25,2024-12-31
MCI43P,2014-12-02,2017-12-30
MCI44,2018-02-06,2021-08-31
MCI44P,2014-12-10,2017-07-26
MCI50,2019-09-02,2022-04-12
MCI50P,2016-09-15,2017-10-31
MCI57,2021-03-23,2021-06-04
MCI59,2016-09-12,2024-12-25
MCI59P,2014-12-18,2017-11-13
MCI76,2017-02-17,2024-12-30
MCI77,2017-02-07,2024-12-31
MCI80,2016-05-29,2024-12-19
MCI80P,2014-12-05,2017-12-17
MEDRFC,2015-07-19,2023-07-19
MEDRRF,2022-06-08,2023-03-30
MEDRXN,2014-12-01,2024-12-31
MEDVAC,2014-12-21,2024-12-31
MVA,2014-12-03,2024-12-28
MVAINJ,2014-12-01,2024-12-31
MVAINM,2019-04-20,2022-08-04
MVAINS,2021-07-09,2021-07-09
OBCOMP,2014-12-01,2024-12-31
OBLAB,2014-12-01,2024-12-31
OBMAJ,2014-12-01,2024-12-31
OBMIS,2014-12-01,2024-12-31
OBOUT,2014-12-02,2024-12-29
OTHER,2014-12-01,2024-12-31
PD13,2014-12-04,2024-12-31
PD13C,2014-12-10,2024-12-31
PEDFC,2014-12-03,2024-08-20
PEDFT,2021-03-20,2022-12-05
PEDRF,2014-12-09,2023-05-31
PEDSTR,2014-12-01,2024-12-31
PEDSTS,2024-02-06,2024-02-06
RAPE,2014-12-01,2017-09-17
RESPFC,2014-12-01,2024-06-06
RESPFT,2021-07-13,2023-01-23
RESPIR,2014-12-01,2024-12-31
RESPRF,2020-04-05,2023-03-06
SAFE,2017-09-12,2024-12-31
SEIZFC,2015-01-15,2023-12-15
SEIZFT,2023-08-09,2023-08-09
SEIZR,2014-12-01,2024-12-31
SEIZRF,2021-12-20,2023-03-20
SHOT,2014-12-01,2024-12-31
SICK,2014-12-01,2024-12-31
SICKFC,2014-12-01,2024-12-28
SICKFT,2015-04-28,2024-12-04
SICKRF,2014-12-03,2024-06-12
SICMFC,2020-01-31,2024-03-26
SICMFT,2022-10-31,2022-10-31
SICMIN,2014-12-01,2024-12-31
SICMRF,2022-06-09,2023-03-30
SICPED,2014-12-01,2024-12-31
STAB,2014-12-01,2024-12-31
STATEP,2014-12-01,2024-12-31
STATFC,2014-12-01,2024-03-21
STATFT,2022-11-24,2022-11-24
STATRF,2022-06-08,2023-03-24
STNDBM,2020-06-19,2024-12-30
STRANS,2015-02-23,2023-07-10
T-ABDP,2020-06-17,2024-12-26
T-ACTV,2022-02-03,2024-05-01
T-ALTM,2020-09-13,2024-12-29
T-ARST,2020-06-03,2024-12-29
T-ASTH,2020-11-02,2024-11-01
T-CARD,2020-09-01,2024-12-31
T-CDBR,2020-12-15,2024-11-20
T-CVAC,2020-11-19,2024-11-15
T-DFBR,2020-06-14,2024-12-31
T-EDP,2020-06-05,2024-12-31
T-INBL,2020-06-11,2024-09-19
T-INJ,2020-06-11,2024-12-31
T-MVAI,2020-08-24,2024-10-14
T-OBST,2020-10-06,2024-12-29
T-OTHR,2020-07-03,2024-08-17
T-SHOT,2022-01-12,2024-12-30
T-SICK,2020-06-09,2024-12-31
T-STAB,2022-01-09,2024-12-28
T-STEP,2020-09-30,2024-12-23
T-TEXT,2020-06-02,2024-12-31
T-TRMA,2020-06-05,2024-12-30
T-UNC,2020-06-22,2024-12-31
T-UNKN,2020-06-12,2024-12-27
TRAUMA,2014-12-01,2024-12-31
TRAUMS,2024-08-18,2024-08-18
UNC,2014-12-01,2024-12-31
UNCFC,2014-12-03,2024-03-10
UNCFT,2014-12-23,2024-03-17
UNCRF,2016-10-30,2023-03-27
UNKNOW,2014-12-01,2024-12-31
VENOM,2014-12-10,2024-12-11
