article,n_titles,canonical_views,all_titles_views,gain,titles
Abdul_Razak_Ali_Artan,1,2989,2989,1.0,Abdul_Razak_Ali_Artan
Alvin_Cole,1,942,942,1.0,Alvin_Cole
Daniel_Prude,1,5905,5905,1.0,Daniel_Prude
Death_of_Anthony_Baez,3,15977,91882,5.75,"Death_of_Anthony_Baez | Baez,_Anthony | Anthony_Baez"
Death_of_Jonathan_Sanders,3,58890,60496,1.03,Death_of_Jonathan_Sanders | Jonathan_Sanders | Killing_of_Jonathan_Sanders
Death_of_Keenan_Anderson,4,169594,174889,1.03,Death_of_Keenan_Anderson | Draft:Death_of_Keenan_Anderson | Keenan_Anderson | Keenan_Darnell_Anderson
Death_of_Mario_Gonzalez,4,18200,33494,1.84,Death_of_Mario_Gonzalez | Mario_Arenales_Gonzalez | Killing_of_Mario_Gonzalez | Mario_Gonzalez_(construction_worker)
Death_of_Marvin_Scott,4,16727,17257,1.03,Death_of_Marvin_Scott | Marvin_Scott_III | Marvin_David_Scott_III | Marvin_David_Scott
Death_of_Michael_Stewart,6,430368,463889,1.08,Death_of_Michael_Stewart | Michael_Stewart_(graffiti_writer) | Michael_Stewart_(Vandal) | Michael_Stewart_(graffiti_artist) | Michael_Jerome_Stewart | Michael_J._Stewart
Death_of_Natasha_McKenna,2,53053,189546,3.57,Death_of_Natasha_McKenna | Natasha_McKenna
Death_of_Sandra_Bland,3,6663188,6808785,1.02,Death_of_Sandra_Bland | Sandra_Bland | Suicide_of_Sandra_Bland
Death_of_Tamla_Horsford,2,1460498,1461152,1.0,Death_of_Tamla_Horsford | Tamla_Horsford
Death_of_Tyrone_West,2,45435,46109,1.01,Death_of_Tyrone_West | Tyrone_West
Elijah_McClain,1,30087,30087,1.0,Elijah_McClain
Eric_Garner,1,280937,280937,1.0,Eric_Garner
Freddie_Gray,1,91238,91238,1.0,Freddie_Gray
George_Floyd,15,14273271,14355902,1.01,"George_Floyd | Floyd,_George | George_Floyd_(rapper) | George_Floyd_(died_2020) | Big_Floyd | George_Floyd_(detainee) | George_Floyd_(Detainee) | George_Perry_Floyd | Geroge_Floyd | Draft:George_Floyd | George_Perry_Floyd_Jr. | George_P._Floyd | George_floyd | Perry_floyd | George_Floid"
Jonathan_Sanders,1,1582,1582,1.0,Jonathan_Sanders
Kevin_Mullins,1,16662,16662,1.0,Kevin_Mullins
Killing_of_Akai_Gurley,4,54488,582407,10.69,Killing_of_Akai_Gurley | Akai_Gurley | Akai_Gurley_shooting | Shooting_of_Akai_Gurley
Killing_of_Alfred_Olango,3,8934,49833,5.58,Killing_of_Alfred_Olango | Alfred_Olango | Shooting_of_Alfred_Olango
Killing_of_Alton_Sterling,7,128855,2083262,16.17,Killing_of_Alton_Sterling | Alton_Sterling | Alton_sterling | Murder_of_Alton_Sterling | Elton_Sterling | Shooting_of_Elton_Sterling | Shooting_of_Alton_Sterling
Killing_of_Alvin_Cole,3,25602,38285,1.5,Killing_of_Alvin_Cole | Alvin_Cole | Shooting_of_Alvin_Cole
Killing_of_Amadou_Diallo,15,449089,2772084,6.17,Killing_of_Amadou_Diallo | Amadou_Dialou | Amadou_Bailo_Diallo | Amadou_Diallo_(shooting_victim) | Amadaou_diallo | Amadu_diallo | Kadiatou_Diallo | Amadou_dialo | Amadou_Dialo | Amadou_Diallo | Diallo_Shooting | Amadou_Diallo_shooting | Amadu_Diallo | Shooting_of_Amadou_Diallo | Death_of_Amadou_Diallo
Killing_of_Amir_Locke,4,201123,207883,1.03,Killing_of_Amir_Locke | Amir_Locke | Draft:Killing_of_Amir_Locke | Amir_Lock
Killing_of_Andres_Guardado,4,130570,130998,1.0,Killing_of_Andres_Guardado | Killing_of_Andrés_Guardado | Andrés_Guardado_(security_guard) | Shooting_of_andres_guardado
Killing_of_Andrew_Brown_Jr.,7,117814,125142,1.06,"Killing_of_Andrew_Brown_Jr. | Andrew_Brown,_Jr. | Andrew_Brown_Jr. | Andrew_Brown_Jr | Death_of_Andrew_Brown_Jr. | Murder_of_Andrew_Brown_Jr. | Shooting_of_Andrew_Brown_Jr."
Killing_of_Angelo_Quinto,2,15299,16577,1.08,Killing_of_Angelo_Quinto | Angelo_Quinto
Killing_of_Anthony_Hill,4,14671,140549,9.58,Killing_of_Anthony_Hill | Anthony_Hill_shooting | Anthony_Hill_(shooting_victim) | Shooting_of_Anthony_Hill
Killing_of_Anthony_Weber,3,3023,18538,6.13,Killing_of_Anthony_Weber | Anthony_Weber_(shooting_victim) | Shooting_of_Anthony_Weber
Killing_of_Antonio_Martin,3,3842,62800,16.35,Killing_of_Antonio_Martin | Antonio_Martin_(shooting_victim) | Shooting_of_Antonio_Martin
Killing_of_Antonio_Zambrano-Montes,2,5110,52570,10.29,Killing_of_Antonio_Zambrano-Montes | Shooting_of_Antonio_Zambrano-Montes
Killing_of_Antwon_Rose_Jr.,7,34153,852944,24.97,Killing_of_Antwon_Rose_Jr. | Antwon_Rose | Death_of_Antwon_Rose | Killing_of_Antwon_Rose | Shooting_of_Antwon_Rose | Antwon_Rose_Jr. | Shooting_of_Antwon_Rose_Jr.
Killing_of_Atatiana_Jefferson,7,383446,790878,2.06,Killing_of_Atatiana_Jefferson | Atatiana_Jefferson | Atatiana_Koquice_Jefferson | Atatiana | Atatiana_K._Jefferson | Murder_of_Atatiana_Jefferson | Shooting_of_Atatiana_Jefferson
Killing_of_Breonna_Taylor,5,1996247,14736819,7.38,Killing_of_Breonna_Taylor | Murder_of_Breonna_Taylor | Shooting_of_Breonna_Taylor | Death_of_Breonna_Taylor | Arrest_the_cops_that_killed_Breonna_Taylor
Killing_of_Carlos_Carson,2,779,5614,7.21,Killing_of_Carlos_Carson | Shooting_of_Carlos_Carson
Killing_of_Casey_Goodson,2,188,858,4.56,Killing_of_Casey_Goodson | Casey_Goodson
Killing_of_Charley_Leundeu_Keunang,4,9735,49562,5.09,Killing_of_Charley_Leundeu_Keunang | Charley_Leundeu_Keunang | Charly_Keunang | Shooting_of_Charley_Leundeu_Keunang
Killing_of_Christian_Hall,2,26999,31290,1.16,Killing_of_Christian_Hall | Christian_Hall
Killing_of_Corey_Jones,4,14705,658568,44.79,Killing_of_Corey_Jones | Corey_Jones_(musician) | Manslaughter_of_Corey_Jones | Shooting_of_Corey_Jones
Killing_of_Daniel_Hambrick,3,17479,17679,1.01,Killing_of_Daniel_Hambrick | Draft:Killing_of_Daniel_Hambrick | Daniel_Hambrick
Killing_of_Daniel_Prude,3,312655,319748,1.02,Killing_of_Daniel_Prude | Daniel_Prude | Death_of_Daniel_Prude
Killing_of_Daunte_Wright,14,1615050,1691884,1.05,"Killing_of_Daunte_Wright | Daunte_Wright | User:EDG_543/Killing_of_Daunte_Wright | Dante_Wright | Killing_of_Dante_Wright | Daunte_Wright_shooting | Murder_of_Daunte_Wright | Death_of_Daunte_Wright | Shooting_of_Daunte_Wright | Duante_Wright | Killing_of_Duante_Wright | Daunte_Demetrius_Wright | Wright,_Daunte | Manslaughter_of_Daunte_Wright"
Killing_of_David_McAtee,8,26329,407361,15.47,"Killing_of_David_McAtee | David_McAtee | Dave_McAtee | David_McAttee | McAtee,_David | David_Macatee | Death_of_David_McAtee | Shooting_of_David_McAtee"
Killing_of_Deborah_Danner,4,6535,57334,8.77,Killing_of_Deborah_Danner | Deborah_Danner_shooting | Deborah_Danner | Shooting_of_Deborah_Danner
Killing_of_Deona_Marie_Knajdek,7,14548,35552,2.44,Killing_of_Deona_Marie_Knajdek | Deona_Erickson | Deona_Knajdek | Deona_Marie | Killing_of_Deona_M._Knajdek | Killing_of_Deona_Knajdek | Deona_Marie_Erickson
Killing_of_Dhal_Apet_and_Lueth_Mo,1,5430,5430,1.0,Killing_of_Dhal_Apet_and_Lueth_Mo
Killing_of_Dijon_Kizzee,5,17068,30005,1.76,Killing_of_Dijon_Kizzee | Shooting_of_Dijon_Kizee | Dijon_Kizzee | Shooting_of_Dijon_Kizzee | Kizzee
Killing_of_Dion_Johnson,4,2668,40517,15.19,Killing_of_Dion_Johnson | Death_of_Dion_Johnson | Dion_Johnson | Shooting_of_Dion_Johnson
Killing_of_Dolal_Idd,4,73667,79613,1.08,Killing_of_Dolal_Idd | Dolal_Idd | Dolal_Bayle_Idd | Dolal_Idd_protests
Killing_of_Donovan_Lewis,3,42246,42474,1.01,Killing_of_Donovan_Lewis | Draft:Killing_of_Donovan_Lewis | Donovan_Lewis
Killing_of_Dontre_Hamilton,3,13149,183438,13.95,Killing_of_Dontre_Hamilton | Dontre_Hamilton | Shooting_of_Dontre_Hamilton
Killing_of_Duncan_Lemp,5,79828,671475,8.41,Killing_of_Duncan_Lemp | Duncan_lemp | Duncan_Lemp | Duncan_Lemp_killing | Shooting_of_Duncan_Lemp
Killing_of_Elijah_McClain,4,385660,3012918,7.81,Killing_of_Elijah_McClain | Elijah_McClain | Elijah_Jovan_McClain | Death_of_Elijah_McClain
Killing_of_Emantic_Fitzgerald_Bradford_Jr.,6,35155,136973,3.9,Killing_of_Emantic_Fitzgerald_Bradford_Jr. | EJ_Bradford | E._J._Bradford | Emantic_Bradford | Emantic_Fitzgerald_Bradford_Jr. | Shooting_of_Emantic_Fitzgerald_Bradford_Jr.
Killing_of_Eric_Garner,3,1383319,6227155,4.5,Killing_of_Eric_Garner | Eric_Garner | Death_of_Eric_Garner
Killing_of_Eric_Harris,7,18355,201431,10.97,Killing_of_Eric_Harris | Eric_Courtney_Harris | Shooting_of_Eric_Courtney_Harris | 2015_shooting_of_Eric_Harris | 2015_Shooting_of_Eric_Harris | Eric_Harris_(shooting_victim) | Shooting_of_Eric_Harris
Killing_of_Ezell_Ford,6,7159,215724,30.13,Killing_of_Ezell_Ford | Ezell_Ford | Death_of_Ezell_Ford | Ezell_Ford_shooting | Ezell_Earl_Ford | Shooting_of_Ezell_Ford
Killing_of_Freddie_Gray,11,904987,4267797,4.72,Killing_of_Freddie_Gray | Freddie_Gray | Draft:Death_of_Freddie_Gray | Death_of_Freddie_Grey | Death_of_Freddy_Gray | Freddie_Grey | Carolina_Gray | Fredericka_Gray | Freddie_Carlos_Grey | Freddie_Carlos_Gray_Jr. | Death_of_Freddie_Gray
Killing_of_George_Robinson,2,12916,13139,1.02,Killing_of_George_Robinson | George_Robinson_(police_brutality_victim)
Killing_of_Gidone_Busch,5,2715,43147,15.89,Killing_of_Gidone_Busch | Gidone_busch | Gary_Busch | Gidone_Busch | Shooting_of_Gidone_Busch
Killing_of_Jamar_Clark,3,32548,406156,12.48,Killing_of_Jamar_Clark | Jamar_Clark | Shooting_of_Jamar_Clark
Killing_of_James_Boyd,4,10484,193839,18.49,Killing_of_James_Boyd | James_Boyd_shooting | Draft:APD_and_James_Boyd | Shooting_of_James_Boyd
Killing_of_James_Scurlock,3,33661,206122,6.12,Killing_of_James_Scurlock | Shooting_of_James_Scurlock | James_Scurlock_(shooting_victim)
Killing_of_Javier_Ambler,4,223207,224171,1.0,Killing_of_Javier_Ambler | Death_of_Javier_Ambler | Javier_Ambler | Javier_Ambler_II
Killing_of_Jayland_Walker,4,289931,293415,1.01,Killing_of_Jayland_Walker | Jayland_Walker | Death_of_jayland_walker | Shooting_of_Jayland_Walker
Killing_of_Jeremy_McDole,4,8197,201810,24.62,Killing_of_Jeremy_McDole | Jeremy_McDole | Death_of_Jeremy_McDole | Shooting_of_Jeremy_McDole
Killing_of_John_Albers,1,1546,1546,1.0,Killing_of_John_Albers
Killing_of_John_Crawford_III,5,88572,1298082,14.66,Killing_of_John_Crawford_III | John_crawford_III | John_Crawford_III | Shooting_of_John_Crawford | Shooting_of_John_Crawford_III
Killing_of_Jonathan_Ferrell,4,13206,319177,24.17,Killing_of_Jonathan_Ferrell | Jonathan_Ferrell | Jonathan_Farrell | Shooting_of_Jonathan_Ferrell
Killing_of_Joseph_Mann,3,7335,53285,7.26,Killing_of_Joseph_Mann | Shooting_of_Joseph_Mann | Joseph_Mann_(shooting_victim)
Killing_of_José_Campos_Torres,3,0,209076,,Joe_Campos_Torres | Murder_of_Joe_Campos_Torres | Murder_of_José_Campos_Torres
Killing_of_Julian_Lewis,5,3076,25266,8.21,Killing_of_Julian_Lewis | Julian_Edward_Roosevelt_Lewis | Julian_Edward_Lewis | Julian_Roosevelt_Lewis | Killing_of_Julian_Edward_Roosevelt_Lewis
Killing_of_Keith_Lamont_Scott,4,30033,571707,19.04,Killing_of_Keith_Lamont_Scott | Keith_Lamont_Scott | Lamont_Scott | Shooting_of_Keith_Lamont_Scott
Killing_of_Kenneth_Chamberlain_Sr.,12,126580,432121,3.41,"Killing_of_Kenneth_Chamberlain_Sr. | Killing_of_Kenneth_Chamberlain | Kenneth_Chamberlain | Kenneth_Chamberlain,_Sr. | Killing_of_Kenneth_Chamberlain,_Sr | Kenneth_Chamberlain_Sr. | Killing_of_Kenneth_Chamberlain,_Sr. | Death_of_Kenneth_Chamberlain_Sr. | Shooting_of_Kenneth_Chamberlain,_Sr. | Death_of_Kenneth_Chamberlain,_Sr. | Shooting_of_Kenneth_Chamberlain_Sr. | Killing_of_Kenneth_Chamberlain_Sr"
Killing_of_Korryn_Gaines,7,17042,753017,44.19,Killing_of_Korryn_Gaines | Kodi_Gaines | Shandawn_Gaines | Korryn_Gaines | Korryn_Shandawn_Gaines | Korryn | Shooting_of_Korryn_Gaines
Killing_of_Larry_Jackson_Jr.,4,1096,18189,16.6,"Killing_of_Larry_Jackson_Jr. | Shooting_of_Larry_Jackson,_Jr. | Larry_Jackson_Jr. | Shooting_of_Larry_Jackson_Jr."
Killing_of_Leneal_Frazier,3,11856,12081,1.02,Killing_of_Leneal_Frazier | Leneal_Frazier | Draft:Killing_of_Leneal_Frazier
Killing_of_Lindani_Myeni,2,45642,45867,1.0,Killing_of_Lindani_Myeni | Lindani_Myeni
Killing_of_Ma'Khia_Bryant,15,452373,494348,1.09,"Killing_of_Ma'Khia_Bryant | Ma’Khia_Bryant | Killing_of_Ma'khia_Bryant | Makiyah_Bryant | Makhia_Bryant | Ma'Khia | Death_of_Ma'Khia_Bryant | Killing_of_Makiyah_Bryant | Makiah_Bryant | Shooting_of_ma'khia_bryant | Ma'Khia_Bryant | Bryant,_Ma'Khia | Ma’Khia | Makia_Bryant | Killing_of_makhia_bryant"
Killing_of_Manuel_Ellis,3,188260,196232,1.04,Killing_of_Manuel_Ellis | Death_of_Manuel_Ellis | Manuel_Ellis
Killing_of_Marcellis_Stinnette,2,18435,18524,1.0,Killing_of_Marcellis_Stinnette | Marcellis_Stinnette
Killing_of_Markeis_McGlockton,4,129286,680577,5.26,Killing_of_Markeis_McGlockton | Markeis_McGlockton | Markeis_Deon_McGlockton | Shooting_of_Markeis_McGlockton
Killing_of_Meagan_Hockaday,3,7670,77609,10.12,Killing_of_Meagan_Hockaday | Meagan_Hockaday | Shooting_of_Meagan_Hockaday
Killing_of_Michael_Brown,11,611693,8382212,13.7,Killing_of_Michael_Brown | 2014_Michael_Brown_death_and_aftermath_in_Ferguson_Missouri | Michael_Brown_shooting | Death_of_Michael_Brown | Mike_Brown_shooting | Shooting_of_michael_brown | Fatal_shooting_of_Michael_Brown | Shooting_of_Mike_Brown | Michael_Brown_(Ferguson_incident) | Michael_Brown_Jr. | Shooting_of_Michael_Brown
Killing_of_Nina_Pop,4,3237,28481,8.8,Killing_of_Nina_Pop | Nina_Pop | Nina_pop | Death_of_Nina_Pop
Killing_of_Nyah_Mway,3,25418,26468,1.04,Killing_of_Nyah_Mway | Nyah_Mway | Draft:Shooting_of_Nyah_Mway
Killing_of_Patrick_Harmon,4,27136,42197,1.56,Killing_of_Patrick_Harmon | Killing_of_Patrick_Harman | Patrick_Harmon | Shooting_of_Patrick_Harmon
Killing_of_Patrick_Lyoya,5,228639,233554,1.02,Killing_of_Patrick_Lyoya | Patrick_Lyoya | Shooting_of_Patrick_Lyoya | Death_of_Patrick_Lyoya | Lyoya
Killing_of_Philando_Castile,17,656993,5504275,8.38,"Killing_of_Philando_Castile | Philando_Castile | Philando_Castle | Death_of_Philando_Castile | Philando_Castille | Shooting_of_Philando_Castille | Shooting_of_Philando_Castle | Philando_Castile_shooting | Death_of_Philando_Castille | Philandro_Castile | Murder_of_Philando_Castile | Philando_Divall_Castile | Philando | Philander_Castile | Castile,_Philando | Shooting_of_Philando_Castile | Philando_castile"
Killing_of_Randolph_Evans,5,2109,111185,52.72,Killing_of_Randolph_Evans | Randolph_evans | Randolph_Evans | Death_of_Randolph_Evans | Shooting_of_Randolph_Evans
Killing_of_Rayshard_Brooks,7,1323185,1354211,1.02,"Killing_of_Rayshard_Brooks | Rayshard_Brooks | Rayshard | Brooks,_Rayshard | Death_of_Rayshard_Brooks | Shooting_of_Rayshard_Brooks | Rashard_Brooks"
Killing_of_Ricky_Cobb_II,2,16142,16377,1.01,Killing_of_Ricky_Cobb_II | Death_of_Ricky_Cobb_II
Killing_of_Ronald_Greene,4,24713,111073,4.49,Killing_of_Ronald_Greene | Ronald_Greene | Murder_of_Ronald_Greene | Death_of_Ronald_Greene
Killing_of_Samuel_DuBose,7,39356,613430,15.59,Killing_of_Samuel_DuBose | Samuel_DuBose | Death_of_Samuel_DuBose | Samuel_Vincent_DuBose | Sam_Dubose | Sam_DuBose | Shooting_of_Samuel_DuBose
Killing_of_Sayed_Faisal,1,0,1381,,Shooting_of_Sayed_Faisal
Killing_of_Sean_Bell,8,48457,1292831,26.68,Killing_of_Sean_Bell | Nicole_Paultre_Bell | Nicole_Paultre-Bell | Sean_Bell_Shooting_Incident | Sean_Bell_case | Sean_Bell_shooting | Sean_Bell_shooting_incident | Shooting_of_Sean_Bell
Killing_of_Sean_Monterrosa,3,1784,129730,72.72,Killing_of_Sean_Monterrosa | Sean_Monterrosa | Shooting_of_Sean_Monterrosa
Killing_of_Tamir_Rice,4,882779,5373550,6.09,Killing_of_Tamir_Rice | Tamir_Rice | Tamir_E._Rice | Shooting_of_Tamir_Rice
Killing_of_Terence_Crutcher,6,16526,624863,37.81,Killing_of_Terence_Crutcher | Terence_Crutcher | Terence_crutcher | Terrence_Crutcher | Crutcher_shooting | Shooting_of_Terence_Crutcher
Killing_of_Tony_McDade,5,21981,210242,9.56,Killing_of_Tony_McDade | Draft:Shooting_of_Tony_McDade | Tony_McDade | Natosha_McDade | Shooting_of_Tony_McDade
Killing_of_Tony_Robinson,4,11708,142522,12.17,Killing_of_Tony_Robinson | Tony_Robinson_(shooting_victim) | Tony_Terrell_Robinson_Jr. | Shooting_of_Tony_Robinson
Killing_of_Tony_Timpa,3,272105,278711,1.02,Killing_of_Tony_Timpa | Tony_Timpa | Murder_of_Tony_Timpa
Killing_of_Walter_Wallace,4,157237,158424,1.01,Killing_of_Walter_Wallace | Walter_Wallace_Jr. | Walter_wallace_jr | Walter_Wallace_Jr
Killing_of_Willie_McCoy,5,7992,175101,21.91,Killing_of_Willie_McCoy | Willie_McCoy | Willie_McCoy_(rapper) | Death_of_Willie_McCoy | Shooting_of_Willie_McCoy
Killing_of_Winston_Boogie_Smith,2,74418,91073,1.22,Killing_of_Winston_Boogie_Smith | Winston_Boogie_Smith
Killing_of_Zachary_Hammond,3,28073,141540,5.04,Killing_of_Zachary_Hammond | Zachary_Hammond | Shooting_of_Zachary_Hammond
Laquan_McDonald,1,37163,37163,1.0,Laquan_McDonald
Ma'Khia_Bryant,1,1400,1400,1.0,Ma'Khia_Bryant
Micah_Xavier_Johnson,1,42036,42036,1.0,Micah_Xavier_Johnson
Mohamed_Barry,1,932,932,1.0,Mohamed_Barry
Monroe_Isadore,1,486,486,1.0,Monroe_Isadore
Murder_of_Ahmaud_Arbery,20,2074504,5569268,2.68,Murder_of_Ahmaud_Arbery | Draft:Killing_of_Ahmaud_Arbery | Ahmaud_Arbery | Death_of_Ahmaud_Arbery | Lynching_of_Ahmaud_Arbery | Shooting_of_Ahmaud | Ahmaud_arbery | Ahmad_Arbery | Arbery | Ahmaud | Ahmaud_Arbrery | Shooting_of_Ahmaud_Arbery | Shooting_of_Ahmaud_Aubrey | Ahmaud_Aubrey | Shooting_of_Ahmed_Arbery | Shooting_of_Ahmad_Arbery | Ahmaud_Marquez_Arbery | Killing_of_Ahmaud_Arbery | Trial_for_the_killing_of_Ahmaud_Arbery | Ahmaud_Arbery_Day
Murder_of_Andre_Hill,4,7388,115237,15.6,Murder_of_Andre_Hill | Draft:Killing_of_Andre_Hill | Andre_Hill | Killing_of_Andre_Hill
Murder_of_George_Floyd,22,3889226,18639557,4.79,Murder_of_George_Floyd | George_Floyd_killing | George_Floyd_death | Reaction_to_the_killing_of_George_Floyd | Strangulation_of_George_Floyd | Suffocation_of_George_Floyd | The_Killing_of_George_Floyd | Floyd_killing | Death_of_George_Floyd | The_Death_of_George_Floyd | George_Floyd's_death | Killing_of_george_floyd | Police_killing_of_George_Floyd | Killing_of_George_Floyd | Manslaughter_of_George_Floyd | Police_murder_of_George_Floyd | George_Floyd_murder | Homicide_of_George_Floyd | George_Floyd_Killing | Assassination_of_George_Floyd | Killing_Of_George_Floyd | George_Floyd_shooting
Murder_of_James_Craig_Anderson,3,368733,377779,1.02,Murder_of_James_Craig_Anderson | James_Craig_Anderson | Death_of_James_Craig_Anderson
Murder_of_Jared_Lakey,2,25035,25073,1.0,Murder_of_Jared_Lakey | Jared_Lakey
Murder_of_Laquan_McDonald,4,1197079,2303429,1.92,Murder_of_Laquan_McDonald | Laquan_McDonald | The_shooting_of_Laquan_McDonald | Shooting_of_Laquan_McDonald
Murder_of_Renisha_McBride,6,190663,419752,2.2,Murder_of_Renisha_McBride | The_Renisha_McBride_Shooting | Renisha_McBride_Shooting | Renisha_McBride | Death_of_Renisha_McBride | Shooting_of_Renisha_McBride
Nengmy_Vang,1,146,146,1.0,Nengmy_Vang
Patrick_Lyoya,1,4710,4710,1.0,Patrick_Lyoya
Ronald_Greene,1,1490,1490,1.0,Ronald_Greene
Savannah_Graziano,1,19,19,1.0,Savannah_Graziano
Shooting_of_Charles_Kinsey,2,955156,955180,1.0,Shooting_of_Charles_Kinsey | Non-fatal_shooting_of_Charles_Kinsey
Shooting_of_Daniel_Shaver,5,3750114,4520781,1.21,Shooting_of_Daniel_Shaver | Daniel_Shaver | Killing_of_Daniel_Shaver | Death_of_Daniel_Shaver | Draft:The_killing_of_Daniel_Shaver
Shooting_of_Jacob_Blake,4,4266488,4323661,1.01,Shooting_of_Jacob_Blake | Jacob_Blake | Jake_Blake | Jacob_S._Blake
Tyre_Nichols,1,60138,60138,1.0,Tyre_Nichols
