date,sum,max,n_articles
2015-07-01,9545,9316,19
2015-07-02,9684,9461,20
2015-07-03,8089,7903,20
2015-07-04,6651,6477,21
2015-07-05,8525,8367,20
2015-07-06,7851,7630,20
2015-07-07,7416,7211,21
2015-07-08,8760,8486,20
2015-07-09,9785,9553,21
2015-07-10,8590,8346,20
2015-07-11,8213,8006,21
2015-07-12,8051,7807,21
2015-07-13,17341,16893,19
2015-07-14,25408,24841,20
2015-07-15,12873,12609,20
2015-07-16,9515,9296,21
2015-07-17,15195,14853,20
2015-07-18,12877,12597,21
2015-07-19,10308,10031,19
2015-07-20,9732,9488,20
2015-07-21,12607,12013,21
2015-07-22,70755,66973,22
2015-07-23,154538,150102,22
2015-07-24,264560,261066,21
2015-07-25,127282,125150,22
2015-07-26,128056,125670,22
2015-07-27,120421,118071,22
2015-07-28,103525,101701,22
2015-07-29,102742,100863,23
2015-07-30,76333,70068,22
2015-07-31,45657,42767,25
2015-08-01,32360,30733,23
2015-08-02,24861,23826,23
2015-08-03,25768,24783,24
2015-08-04,34441,33205,23
2015-08-05,23416,22626,24
2015-08-06,20569,19752,24
2015-08-07,18890,18219,24
2015-08-08,21363,20704,25
2015-08-09,52878,51538,25
2015-08-10,72083,70550,25
2015-08-11,54191,52872,25
2015-08-12,31865,30963,25
2015-08-13,23171,22457,26
2015-08-14,30797,30092,24
2015-08-15,17573,16960,24
2015-08-16,17061,16450,26
2015-08-17,18845,18196,25
2015-08-18,18856,18033,25
2015-08-19,17887,16309,26
2015-08-20,16548,15250,25
2015-08-21,13600,12927,26
2015-08-22,13130,12542,25
2015-08-23,24143,23096,27
2015-08-24,23520,22534,27
2015-08-25,17596,16798,26
2015-08-26,17264,16596,26
2015-08-27,18868,18159,27
2015-08-28,15186,14603,27
2015-08-29,13765,13249,26
2015-08-30,15329,14709,25
2015-08-31,17035,16317,26
2015-09-01,18656,17816,27
2015-09-02,29104,28009,27
2015-09-03,22047,21114,26
2015-09-04,14126,13371,25
2015-09-05,10644,10042,25
2015-09-06,10246,9682,25
2015-09-07,11184,10548,26
2015-09-08,28394,27381,27
2015-09-09,27361,26484,25
2015-09-10,23075,22263,26
2015-09-11,23855,23229,26
2015-09-12,11393,10921,25
2015-09-13,11820,11306,25
2015-09-14,12956,12422,26
2015-09-15,14592,13981,26
2015-09-16,12427,12006,25
2015-09-17,11785,11296,25
2015-09-18,10920,10439,25
2015-09-19,7688,7272,25
2015-09-20,9083,8622,25
2015-09-21,11967,11494,25
2015-09-22,10618,10148,26
2015-09-23,10897,10466,25
2015-09-24,10372,9907,25
2015-09-25,8895,8462,26
2015-09-26,7418,7006,25
2015-09-27,7952,7520,25
2015-09-28,10727,10208,25
2015-09-29,15458,14970,25
2015-09-30,12978,12488,27
2015-10-01,11211,10745,27
2015-10-02,9504,9087,26
2015-10-03,7514,7155,26
2015-10-04,9083,8697,27
2015-10-05,10589,10160,26
2015-10-06,10676,10296,26
2015-10-07,10246,9807,27
2015-10-08,11296,10836,26
2015-10-09,16769,16209,27
2015-10-10,9134,8736,26
2015-10-11,20449,19620,26
2015-10-12,19344,18612,27
2015-10-13,14916,14255,27
2015-10-14,16497,15753,26
2015-10-15,15770,15141,26
2015-10-16,26295,25441,26
2015-10-17,11927,11444,27
2015-10-18,10127,9695,27
2015-10-19,11926,11364,26
2015-10-20,11166,10698,26
2015-10-21,12384,11862,26
2015-10-22,11889,11404,26
2015-10-23,13106,12603,27
2015-10-24,10474,10034,27
2015-10-25,8718,8226,26
2015-10-26,11738,11113,27
2015-10-27,15997,15196,27
2015-10-28,19135,18099,27
2015-10-29,16355,15493,27
2015-10-30,13410,12684,28
2015-10-31,8198,7656,27
2015-11-01,9221,8653,27
2015-11-02,11915,11227,28
2015-11-03,12421,11768,28
2015-11-04,12953,12293,28
2015-11-05,13066,12406,27
2015-11-06,10589,10030,28
2015-11-07,11763,11183,27
2015-11-08,11541,11043,28
2015-11-09,17035,16465,28
2015-11-10,13953,13427,27
2015-11-11,15262,14765,27
2015-11-12,14015,13486,28
2015-11-13,12039,11459,27
2015-11-14,8396,7995,28
2015-11-15,10220,9776,28
2015-11-16,13305,12285,29
2015-11-17,14199,13107,30
2015-11-18,13532,12759,29
2015-11-19,14368,13582,30
2015-11-20,13049,12154,30
2015-11-21,10803,10205,30
2015-11-22,12162,11190,30
2015-11-23,16807,16033,30
2015-11-24,18415,17014,30
2015-11-25,43789,40799,31
2015-11-26,23743,22497,30
2015-11-27,14354,13572,30
2015-11-28,16377,15528,30
2015-11-29,16461,15658,31
2015-11-30,26879,25745,31
2015-12-01,28941,27332,30
2015-12-02,31187,29484,31
2015-12-03,20890,19714,30
2015-12-04,17173,16296,30
2015-12-05,12600,11936,30
2015-12-06,12941,12247,30
2015-12-07,18177,17163,31
2015-12-08,15711,14814,30
2015-12-09,18299,17407,30
2015-12-10,17290,16419,30
2015-12-11,15110,14400,30
2015-12-12,11141,10582,31
2015-12-13,10222,9684,29
2015-12-14,15946,15188,31
2015-12-15,20434,19579,31
2015-12-16,52730,51425,30
2015-12-17,53853,52474,31
2015-12-18,15452,14938,31
2015-12-19,9420,9064,31
2015-12-20,8960,8517,30
2015-12-21,11407,10895,31
2015-12-22,53913,52675,30
2015-12-23,53541,52583,31
2015-12-24,27902,27052,30
2015-12-25,13091,12634,31
2015-12-26,11526,11129,29
2015-12-27,14661,14169,31
2015-12-28,62153,60524,31
2015-12-29,117398,113911,31
2015-12-30,89575,87370,31
2015-12-31,56737,55405,31
2016-01-01,27958,27015,30
2016-01-02,29515,28469,31
2016-01-03,27822,26903,30
2016-01-04,23760,22874,30
2016-01-05,22865,21974,30
2016-01-06,23439,22651,30
2016-01-07,37075,35875,30
2016-01-08,27398,26556,31
2016-01-09,16082,15489,31
2016-01-10,16981,16383,30
2016-01-11,19657,18990,30
2016-01-12,15286,14660,30
2016-01-13,13484,12953,31
2016-01-14,12049,11507,31
2016-01-15,11192,10710,30
2016-01-16,8681,8220,30
2016-01-17,8993,8556,31
2016-01-18,19356,18631,30
2016-01-19,17400,16729,30
2016-01-20,16996,16403,31
2016-01-21,15452,14938,31
2016-01-22,12712,12103,31
2016-01-23,10021,9533,31
2016-01-24,11035,10521,31
2016-01-25,18588,18029,33
2016-01-26,14261,13705,32
2016-01-27,13655,13048,33
2016-01-28,13748,13188,32
2016-01-29,12588,12022,31
2016-01-30,12216,11714,33
2016-01-31,10625,10176,33
2016-02-01,12006,11469,32
2016-02-02,12356,11799,32
2016-02-03,12138,11683,33
2016-02-04,12182,11617,32
2016-02-05,10090,9600,33
2016-02-06,8339,7870,33
2016-02-07,15482,14574,32
2016-02-08,19368,17499,32
2016-02-09,17949,16482,32
2016-02-10,17951,16524,33
2016-02-11,29217,27720,31
2016-02-12,68172,66364,32
2016-02-13,33312,32144,31
2016-02-14,21458,20548,33
2016-02-15,18331,17447,32
2016-02-16,19996,19042,32
2016-02-17,21958,20945,32
2016-02-18,20108,19250,32
2016-02-19,19388,18499,32
2016-02-20,21085,20418,31
2016-02-21,31560,30771,33
2016-02-22,24571,23672,32
2016-02-23,24212,23280,32
2016-02-24,23702,22886,32
2016-02-25,24520,23616,32
2016-02-26,19567,18726,32
2016-02-27,14444,13823,33
2016-02-28,14187,13563,32
2016-02-29,16531,15798,33
2016-03-01,17190,16494,32
2016-03-02,15563,14938,33
2016-03-03,20052,19186,33
2016-03-04,15298,14707,33
2016-03-05,10002,9548,32
2016-03-06,10759,10328,32
2016-03-07,14796,14143,32
2016-03-08,15183,14558,33
2016-03-09,14494,13868,33
2016-03-10,13065,12583,32
2016-03-11,11098,10643,33
2016-03-12,9714,9256,33
2016-03-13,10611,10142,32
2016-03-14,14100,13506,32
2016-03-15,13312,12785,32
2016-03-16,14817,14298,33
2016-03-17,13290,12775,33
2016-03-18,10490,10112,31
2016-03-19,8478,8141,33
2016-03-20,10325,9893,32
2016-03-21,11680,11149,33
2016-03-22,11933,11447,32
2016-03-23,12251,11808,33
2016-03-24,12339,11907,33
2016-03-25,10127,9748,33
2016-03-26,9292,8934,32
2016-03-27,9532,9144,33
2016-03-28,12333,11916,32
2016-03-29,11725,11326,32
2016-03-30,21362,20702,33
2016-03-31,19263,18697,34
2016-04-01,12402,12058,34
2016-04-02,8634,8365,33
2016-04-03,8490,8162,33
2016-04-04,11181,10775,34
2016-04-05,12074,11740,34
2016-04-06,11955,11565,34
2016-04-07,12016,11585,32
2016-04-08,11308,10848,34
2016-04-09,8415,8144,32
2016-04-10,9603,9255,33
2016-04-11,12984,12451,33
2016-04-12,15490,15047,33
2016-04-13,14695,14249,32
2016-04-14,15032,14564,34
2016-04-15,12374,11901,33
2016-04-16,8591,8289,33
2016-04-17,10044,9758,33
2016-04-18,14009,13617,32
2016-04-19,21564,21022,32
2016-04-20,19334,18871,32
2016-04-21,16729,16297,33
2016-04-22,13472,13133,32
2016-04-23,9383,9095,34
2016-04-24,12452,12079,34
2016-04-25,30466,29699,33
2016-04-26,24996,24301,33
2016-04-27,17356,16786,34
2016-04-28,17302,16832,34
2016-04-29,15322,14940,34
2016-04-30,11334,10957,33
2016-05-01,10589,10191,33
2016-05-02,12035,11619,34
2016-05-03,11615,11268,34
2016-05-04,11753,11359,34
2016-05-05,11854,11537,34
2016-05-06,9618,9332,34
2016-05-07,7875,7642,34
2016-05-08,7681,7435,33
2016-05-09,11109,10715,34
2016-05-10,19691,19298,34
2016-05-11,18927,18424,33
2016-05-12,17899,17283,35
2016-05-13,14057,13511,34
2016-05-14,8843,8420,35
2016-05-15,9472,9105,35
2016-05-16,11152,10735,35
2016-05-17,11417,10948,35
2016-05-18,11799,11255,34
2016-05-19,11014,10446,35
2016-05-20,11090,10657,34
2016-05-21,8266,7990,35
2016-05-22,8638,8253,34
2016-05-23,88287,86323,34
2016-05-24,43352,42322,35
2016-05-25,18785,18222,35
2016-05-26,12923,12434,34
2016-05-27,10282,9925,35
2016-05-28,7152,6914,34
2016-05-29,8073,7802,35
2016-05-30,8817,8537,34
2016-05-31,10696,10319,34
2016-06-01,15002,14620,35
2016-06-02,13680,13310,34
2016-06-03,11216,10869,34
2016-06-04,8447,8178,35
2016-06-05,9203,8911,35
2016-06-06,12404,12058,34
2016-06-07,11770,11454,35
2016-06-08,10103,9765,35
2016-06-09,11634,11306,34
2016-06-10,9615,9320,34
2016-06-11,7057,6856,35
2016-06-12,7911,7654,35
2016-06-13,7944,7724,35
2016-06-14,9282,8990,35
2016-06-15,9506,9244,35
2016-06-16,8695,8441,35
2016-06-17,7260,7002,35
2016-06-18,7412,7163,34
2016-06-19,9447,9191,34
2016-06-20,11553,11259,34
2016-06-21,17355,17052,34
2016-06-22,11693,11331,34
2016-06-23,47779,46026,35
2016-06-24,29130,27549,35
2016-06-25,17951,16778,35
2016-06-26,16892,15749,34
2016-06-27,43890,41410,35
2016-06-28,33510,31883,34
2016-06-29,19181,18201,35
2016-06-30,16169,15349,35
2016-07-01,15399,14604,34
2016-07-02,12587,11800,34
2016-07-03,10631,10043,35
2016-07-04,10611,10207,35
2016-07-05,14977,14341,34
2016-07-06,90799,86113,36
2016-07-07,241438,228678,36
2016-07-08,327440,311165,37
2016-07-09,190753,182318,37
2016-07-10,132708,126784,37
2016-07-11,122899,116780,37
2016-07-12,102039,95975,37
2016-07-13,108932,103700,37
2016-07-14,108107,103316,37
2016-07-15,70016,66756,36
2016-07-16,42306,40284,37
2016-07-17,67602,64476,37
2016-07-18,119325,115687,37
2016-07-19,66262,64172,37
2016-07-20,43616,41957,37
2016-07-21,43792,42283,38
2016-07-22,36421,35269,38
2016-07-23,25974,25107,38
2016-07-24,26840,25806,38
2016-07-25,23801,22790,38
2016-07-26,28484,27305,38
2016-07-27,130395,127410,38
2016-07-28,52382,50958,38
2016-07-29,27475,26385,37
2016-07-30,20162,19409,37
2016-07-31,18137,17302,37
2016-08-01,17814,17007,37
2016-08-02,21649,20619,37
2016-08-03,17779,16844,39
2016-08-04,18957,17930,38
2016-08-05,20645,19490,38
2016-08-06,15694,14904,39
2016-08-07,12552,11919,39
2016-08-08,12235,11627,38
2016-08-09,17895,17137,38
2016-08-10,20290,19518,38
2016-08-11,14231,13596,39
2016-08-12,11220,10574,38
2016-08-13,9263,8835,38
2016-08-14,13664,13031,39
2016-08-15,17140,16454,39
2016-08-16,15762,15097,38
2016-08-17,14666,13980,38
2016-08-18,16548,15832,38
2016-08-19,14643,14059,38
2016-08-20,12973,12549,38
2016-08-21,12767,11928,38
2016-08-22,12024,11527,39
2016-08-23,12167,11668,39
2016-08-24,12765,12218,39
2016-08-25,12376,11863,39
2016-08-26,10118,9611,38
2016-08-27,8927,8522,38
2016-08-28,11352,10859,38
2016-08-29,18811,17990,38
2016-08-30,20230,19393,38
2016-08-31,25901,24900,39
2016-09-01,19667,18864,39
2016-09-02,17242,16559,38
2016-09-03,11748,11201,38
2016-09-04,11681,11047,39
2016-09-05,12765,12041,39
2016-09-06,14598,13820,39
2016-09-07,15472,14721,39
2016-09-08,15076,14441,38
2016-09-09,12843,12251,38
2016-09-10,9821,9277,38
2016-09-11,10790,10205,39
2016-09-12,17624,16973,38
2016-09-13,17398,16653,39
2016-09-14,15560,14775,39
2016-09-15,40176,38835,38
2016-09-16,23708,22988,38
2016-09-17,12939,12335,38
2016-09-18,12410,11838,39
2016-09-19,16893,16121,40
2016-09-20,49759,48024,39
2016-09-21,58113,55428,41
2016-09-22,87570,83232,41
2016-09-23,85818,80332,40
2016-09-24,57594,54583,40
2016-09-25,47457,45184,40
2016-09-26,38586,36621,40
2016-09-27,27383,26153,40
2016-09-28,27644,26355,42
2016-09-29,28022,26593,42
2016-09-30,21986,20737,42
2016-10-01,16867,15508,42
2016-10-02,16532,15674,42
2016-10-03,20383,19481,42
2016-10-04,21676,20706,42
2016-10-05,27316,26390,42
2016-10-06,19240,18574,42
2016-10-07,15917,15222,42
2016-10-08,11611,11011,42
2016-10-09,13128,12531,42
2016-10-10,13564,13006,42
2016-10-11,14968,14292,42
2016-10-12,17404,16590,42
2016-10-13,17238,16442,42
2016-10-14,13207,12663,43
2016-10-15,10093,9581,42
2016-10-16,11041,10542,43
2016-10-17,14142,13466,42
2016-10-18,15196,14481,42
2016-10-19,14029,13535,44
2016-10-20,12557,11942,43
2016-10-21,12203,11668,43
2016-10-22,11903,11450,42
2016-10-23,11450,11034,43
2016-10-24,14972,14445,43
2016-10-25,14931,14361,44
2016-10-26,14994,14481,44
2016-10-27,15979,15432,43
2016-10-28,15107,14557,43
2016-10-29,10450,10051,44
2016-10-30,10836,10401,44
2016-10-31,16253,15645,44
2016-11-01,13824,13278,44
2016-11-02,17048,16451,43
2016-11-03,18986,18349,44
2016-11-04,16860,16365,43
2016-11-05,10920,10442,43
2016-11-06,13418,12937,44
2016-11-07,15758,15173,44
2016-11-08,14743,14165,44
2016-11-09,14039,13547,44
2016-11-10,16550,15910,43
2016-11-11,15106,14610,43
2016-11-12,17233,16665,44
2016-11-13,16073,15539,44
2016-11-14,16209,15634,43
2016-11-15,15804,15135,44
2016-11-16,36993,36110,43
2016-11-17,24632,24006,43
2016-11-18,13348,13052,44
2016-11-19,8733,8547,43
2016-11-20,9782,9538,44
2016-11-21,12766,12493,44
2016-11-22,14087,13785,44
2016-11-23,13368,13134,43
2016-11-24,9401,9197,43
2016-11-25,9651,9447,44
2016-11-26,9218,8986,44
2016-11-27,9616,9367,43
2016-11-28,13309,12998,45
2016-11-29,14924,14589,45
2016-11-30,45409,44896,44
2016-12-01,25917,25525,44
2016-12-02,28183,27718,43
2016-12-03,27215,26751,43
2016-12-04,15220,14853,43
2016-12-05,36013,35376,43
2016-12-06,46389,45701,43
2016-12-07,22151,21784,44
2016-12-08,19338,18931,44
2016-12-09,18131,17822,45
2016-12-10,12681,12417,45
2016-12-11,11262,11053,44
2016-12-12,13237,12965,44
2016-12-13,12167,11909,44
2016-12-14,12352,12081,45
2016-12-15,12783,12484,45
2016-12-16,11523,11266,44
2016-12-17,7328,7142,45
2016-12-18,7690,7478,44
2016-12-19,9740,9478,44
2016-12-20,8620,8433,45
2016-12-21,7992,7797,44
2016-12-22,8116,7901,45
2016-12-23,7407,7239,44
2016-12-24,6160,6006,45
2016-12-25,5193,5074,44
2016-12-26,5992,5844,44
2016-12-27,7175,6987,45
2016-12-28,9102,8877,43
2016-12-29,8063,7834,45
2016-12-30,7567,7400,44
2016-12-31,7390,7199,44
2017-01-01,7130,6948,44
2017-01-02,9788,9574,45
2017-01-03,9136,8933,44
2017-01-04,8984,8820,44
2017-01-05,11538,11284,44
2017-01-06,11163,10917,44
2017-01-07,9006,8818,45
2017-01-08,9136,8942,44
2017-01-09,9302,9072,45
2017-01-10,11946,11745,45
2017-01-11,15757,15487,43
2017-01-12,13097,12856,44
2017-01-13,13700,13431,45
2017-01-14,11340,11123,44
2017-01-15,10107,9877,44
2017-01-16,9998,9792,43
2017-01-17,10772,10526,44
2017-01-18,11341,11093,45
2017-01-19,11564,11360,45
2017-01-20,9581,9384,45
2017-01-21,19828,19588,44
2017-01-22,11817,11615,45
2017-01-23,11428,11183,44
2017-01-24,11799,11581,45
2017-01-25,11507,11275,45
2017-01-26,10442,10228,44
2017-01-27,9024,8818,44
2017-01-28,7697,7487,44
2017-01-29,7801,7614,44
2017-01-30,9519,9289,45
2017-01-31,9937,9676,44
2017-02-01,10492,10270,45
2017-02-02,10539,10315,45
2017-02-03,10105,9843,44
2017-02-04,8973,8804,44
2017-02-05,9207,8984,45
2017-02-06,9878,9653,44
2017-02-07,28967,28648,44
2017-02-08,49107,48752,44
2017-02-09,15549,15296,45
2017-02-10,11725,11467,45
2017-02-11,9101,8919,44
2017-02-12,10178,9958,44
2017-02-13,11936,11709,44
2017-02-14,10366,10152,44
2017-02-15,10365,10146,45
2017-02-16,10751,10567,45
2017-02-17,9226,9036,44
2017-02-18,7984,7813,44
2017-02-19,9366,9183,45
2017-02-20,9696,9479,44
2017-02-21,11539,11315,45
2017-02-22,10743,10526,44
2017-02-23,11228,10979,44
2017-02-24,10194,9977,44
2017-02-25,8439,8259,44
2017-02-26,9370,9161,45
2017-02-27,11769,11504,44
2017-02-28,11955,11705,44
2017-03-01,11313,11063,44
2017-03-02,11287,11037,44
2017-03-03,9354,9145,44
2017-03-04,7349,7159,44
2017-03-05,8087,7899,44
2017-03-06,10242,10001,44
2017-03-07,11101,10853,45
2017-03-08,9959,9767,44
2017-03-09,12441,12204,44
2017-03-10,12868,12651,45
2017-03-11,7328,7201,44
2017-03-12,18095,17821,44
2017-03-13,29695,29382,44
2017-03-14,20229,19961,44
2017-03-15,15919,15668,44
2017-03-16,12045,11791,45
2017-03-17,9781,9577,45
2017-03-18,7333,7150,44
2017-03-19,8070,7876,45
2017-03-20,10657,10421,44
2017-03-21,11015,10728,45
2017-03-22,10414,10216,45
2017-03-23,10477,10273,44
2017-03-24,11431,11219,45
2017-03-25,7501,7292,45
2017-03-26,9265,9059,44
2017-03-27,10716,10456,44
2017-03-28,10337,10100,45
2017-03-29,10056,9848,44
2017-03-30,9719,9512,45
2017-03-31,8510,8338,45
2017-04-01,6634,6499,44
2017-04-02,11462,11226,45
2017-04-03,13446,13138,44
2017-04-04,10566,10232,44
2017-04-05,13140,12525,44
2017-04-06,13055,12472,44
2017-04-07,8908,8652,45
2017-04-08,6786,6565,44
2017-04-09,7062,6858,44
2017-04-10,8935,8696,44
2017-04-11,10214,10004,45
2017-04-12,10330,10009,45
2017-04-13,10548,10297,45
2017-04-14,7839,7629,45
2017-04-15,6415,6233,45
2017-04-16,8315,8107,45
2017-04-17,10158,9934,45
2017-04-18,10343,10107,45
2017-04-19,12265,12025,45
2017-04-20,10714,10468,45
2017-04-21,8597,8401,45
2017-04-22,7779,7619,45
2017-04-23,8861,8664,44
2017-04-24,12097,11820,45
2017-04-25,13852,13578,44
2017-04-26,13494,13243,44
2017-04-27,11913,11660,44
2017-04-28,9741,9554,45
2017-04-29,8729,8525,45
2017-04-30,9439,9254,45
2017-05-01,13837,13509,44
2017-05-02,32997,32397,46
2017-05-03,61068,60300,45
2017-05-04,27476,27104,45
2017-05-05,16921,16628,46
2017-05-06,17920,17685,46
2017-05-07,17278,17033,46
2017-05-08,17343,17082,46
2017-05-09,15204,14923,46
2017-05-10,13040,12815,46
2017-05-11,11472,11304,46
2017-05-12,11028,10819,45
2017-05-13,8862,8677,46
2017-05-14,10187,9995,46
2017-05-15,11686,11493,45
2017-05-16,11789,11549,45
2017-05-17,16338,16085,46
2017-05-18,30149,29751,46
2017-05-19,15729,15480,45
2017-05-20,10969,10787,45
2017-05-21,11363,11185,46
2017-05-22,11142,10912,46
2017-05-23,12150,11940,46
2017-05-24,9300,9121,44
2017-05-25,9831,9629,46
2017-05-26,7969,7802,46
2017-05-27,6141,6021,46
2017-05-28,7227,7063,45
2017-05-29,7753,7562,46
2017-05-30,20977,20637,46
2017-05-31,16005,15719,45
2017-06-01,11471,11251,45
2017-06-02,8930,8754,46
2017-06-03,7317,7146,45
2017-06-04,7503,7314,46
2017-06-05,8253,8083,45
2017-06-06,8779,8546,46
2017-06-07,8225,8006,45
2017-06-08,9109,8897,46
2017-06-09,7325,7139,46
2017-06-10,7085,6831,46
2017-06-11,6536,6268,46
2017-06-12,8628,8344,46
2017-06-13,8131,7869,46
2017-06-14,9143,8893,46
2017-06-15,8317,8066,46
2017-06-16,53747,53060,45
2017-06-17,157975,156661,46
2017-06-18,77281,76494,46
2017-06-19,53482,52807,46
2017-06-20,67335,66434,46
2017-06-21,156996,155276,46
2017-06-22,156303,154829,46
2017-06-23,110234,109226,46
2017-06-24,55160,54586,45
2017-06-25,35606,35196,45
2017-06-26,41742,41156,46
2017-06-27,29796,29337,46
2017-06-28,28454,28062,45
2017-06-29,20099,19750,46
2017-06-30,15178,14888,46
2017-07-01,11646,11423,46
2017-07-02,11194,10996,45
2017-07-03,11497,11260,46
2017-07-04,10936,10715,46
2017-07-05,11481,11243,46
2017-07-06,13253,12997,46
2017-07-07,11699,11483,46
2017-07-08,9529,9337,46
2017-07-09,9025,8854,46
2017-07-10,10051,9801,46
2017-07-11,13785,13429,46
2017-07-12,11017,10749,45
2017-07-13,10779,10556,46
2017-07-14,12113,11883,46
2017-07-15,9424,9251,46
2017-07-16,8358,8167,46
2017-07-17,15114,14829,46
2017-07-18,20563,20220,46
2017-07-19,16225,15937,46
2017-07-20,12320,12043,46
2017-07-21,13275,12919,46
2017-07-22,16548,16173,46
2017-07-23,11661,11434,46
2017-07-24,11744,11506,46
2017-07-25,10581,10358,46
2017-07-26,9827,9625,46
2017-07-27,9104,8874,46
2017-07-28,8649,8474,46
2017-07-29,8203,8055,46
2017-07-30,7975,7794,46
2017-07-31,8256,8095,46
2017-08-01,8662,8488,46
2017-08-02,10646,10438,46
2017-08-03,9036,8890,46
2017-08-04,9094,8931,46
2017-08-05,9037,8894,46
2017-08-06,9839,9692,46
2017-08-07,10095,9891,46
2017-08-08,8273,8087,46
2017-08-09,25291,24985,46
2017-08-10,15088,14860,46
2017-08-11,10375,10171,46
2017-08-12,9634,9378,46
2017-08-13,12921,12569,46
2017-08-14,11488,11225,46
2017-08-15,11132,10804,46
2017-08-16,11843,11561,46
2017-08-17,10612,10331,46
2017-08-18,8627,8402,46
2017-08-19,7565,7397,46
2017-08-20,7857,7685,45
2017-08-21,9896,9709,46
2017-08-22,7551,7375,46
2017-08-23,7474,7288,46
2017-08-24,7351,7195,46
2017-08-25,7741,7567,46
2017-08-26,6057,5916,46
2017-08-27,6370,6204,46
2017-08-28,7699,7509,46
2017-08-29,7517,7368,46
2017-08-30,7992,7777,46
2017-08-31,7819,7632,46
2017-09-01,9240,9064,46
2017-09-02,8568,8386,46
2017-09-03,8816,8627,46
2017-09-04,9397,9252,46
2017-09-05,8383,8183,46
2017-09-06,9317,9102,46
2017-09-07,8946,8754,46
2017-09-08,7224,7071,46
2017-09-09,5328,5185,46
2017-09-10,7454,7303,45
2017-09-11,10180,9999,46
2017-09-12,11742,11531,46
2017-09-13,19047,18770,46
2017-09-14,11361,11148,45
2017-09-15,14034,13823,46
2017-09-16,13677,13443,46
2017-09-17,11337,11100,46
2017-09-18,11975,11730,46
2017-09-19,11596,11342,46
2017-09-20,11248,11039,46
2017-09-21,10774,10544,45
2017-09-22,8782,8618,46
2017-09-23,8084,7910,46
2017-09-24,17867,17589,46
2017-09-25,36452,35994,46
2017-09-26,39845,39319,46
2017-09-27,30781,30335,45
2017-09-28,24967,24610,46
2017-09-29,19386,19079,45
2017-09-30,14270,14057,46
2017-10-01,13918,13682,46
2017-10-02,15175,14901,46
2017-10-03,16134,15829,46
2017-10-04,13296,13036,46
2017-10-05,13489,13253,47
2017-10-06,11885,11609,46
2017-10-07,8729,8539,47
2017-10-08,9380,9195,47
2017-10-09,12425,12136,47
2017-10-10,12742,12479,47
2017-10-11,14617,14336,46
2017-10-12,13103,12859,47
2017-10-13,14027,13643,47
2017-10-14,21366,20799,47
2017-10-15,16360,15963,47
2017-10-16,36168,35775,47
2017-10-17,46176,45872,47
2017-10-18,26970,26703,47
2017-10-19,19782,19545,47
2017-10-20,13905,13701,47
2017-10-21,10553,10353,47
2017-10-22,9980,9810,47
2017-10-23,14415,14124,47
2017-10-24,13070,12822,47
2017-10-25,11978,11760,47
2017-10-26,11997,11804,47
2017-10-27,10435,10252,47
2017-10-28,8423,8250,47
2017-10-29,10539,10320,47
2017-10-30,14344,14074,47
2017-10-31,16674,16434,47
2017-11-01,15173,14943,47
2017-11-02,11525,11265,47
2017-11-03,9738,9583,47
2017-11-04,6904,6742,47
2017-11-05,8472,8277,47
2017-11-06,11455,11225,47
2017-11-07,12319,12069,47
2017-11-08,11528,11286,47
2017-11-09,10464,10256,47
2017-11-10,8929,8776,47
2017-11-11,6913,6752,47
2017-11-12,7501,7337,47
2017-11-13,10351,10154,47
2017-11-14,10673,10450,47
2017-11-15,10685,10466,47
2017-11-16,9957,9749,47
2017-11-17,9480,9305,47
2017-11-18,6662,6524,46
2017-11-19,8118,7956,47
2017-11-20,11161,10954,47
2017-11-21,16013,15755,47
2017-11-22,21895,21660,47
2017-11-23,21365,21156,47
2017-11-24,12178,11993,47
2017-11-25,11951,11778,46
2017-11-26,12759,12559,47
2017-11-27,14008,13760,47
2017-11-28,11386,11168,47
2017-11-29,12479,12260,47
2017-11-30,13202,12993,47
2017-12-01,11678,11463,47
2017-12-02,7917,7782,47
2017-12-03,9239,9061,47
2017-12-04,15328,15046,47
2017-12-05,14125,13866,47
2017-12-06,13992,13775,47
2017-12-07,45229,44461,47
2017-12-08,197671,196180,47
2017-12-09,236971,231798,47
2017-12-10,109998,107227,47
2017-12-11,84998,84028,47
2017-12-12,51765,51049,47
2017-12-13,41446,40935,47
2017-12-14,28522,28164,47
2017-12-15,18243,18007,47
2017-12-16,13786,13609,47
2017-12-17,13362,13103,46
2017-12-18,15158,14858,47
2017-12-19,13106,12855,47
2017-12-20,11144,10944,46
2017-12-21,10625,10413,47
2017-12-22,8752,7765,47
2017-12-23,8472,7239,47
2017-12-24,7806,6869,47
2017-12-25,16444,14951,47
2017-12-26,15078,14039,46
2017-12-27,10196,9361,47
2017-12-28,24817,23764,47
2017-12-29,20007,19250,47
2017-12-30,64418,58793,47
2017-12-31,51680,44549,47
2018-01-01,18238,15282,47
2018-01-02,18871,16041,47
2018-01-03,20725,18941,47
2018-01-04,15319,14033,47
2018-01-05,11266,10717,47
2018-01-06,9338,8906,47
2018-01-07,9292,8850,47
2018-01-08,10127,9637,47
2018-01-09,11705,11138,47
2018-01-10,11119,10693,46
2018-01-11,11111,10730,47
2018-01-12,11422,11140,47
2018-01-13,8413,8126,47
2018-01-14,8921,8631,47
2018-01-15,10862,10507,47
2018-01-16,12488,12024,47
2018-01-17,13414,13111,47
2018-01-18,11286,10956,47
2018-01-19,10679,10376,47
2018-01-20,9536,9248,47
2018-01-21,10344,10065,47
2018-01-22,11518,11169,47
2018-01-23,13846,13438,47
2018-01-24,12621,12321,47
2018-01-25,10645,10351,47
2018-01-26,9693,9472,47
2018-01-27,8304,8082,47
2018-01-28,9567,9367,47
2018-01-29,10250,9980,47
2018-01-30,12210,11960,47
2018-01-31,10361,10105,47
2018-02-01,11223,10984,47
2018-02-02,11381,11109,47
2018-02-03,7549,7332,47
2018-02-04,8622,8366,47
2018-02-05,11496,11187,47
2018-02-06,19303,18888,47
2018-02-07,15337,14917,47
2018-02-08,19228,18903,47
2018-02-09,11433,11136,46
2018-02-10,8682,8469,47
2018-02-11,8909,8664,47
2018-02-12,10982,10641,47
2018-02-13,14579,14309,47
2018-02-14,11169,10923,47
2018-02-15,16339,16010,47
2018-02-16,26584,26270,47
2018-02-17,80761,80401,47
2018-02-18,54082,53697,47
2018-02-19,29990,29649,47
2018-02-20,21760,21468,47
2018-02-21,17442,17122,47
2018-02-22,29225,28741,46
2018-02-23,41703,41180,47
2018-02-24,26427,26041,47
2018-02-25,22286,21921,48
2018-02-26,20235,19872,48
2018-02-27,17443,17041,47
2018-02-28,15417,15113,48
2018-03-01,13585,13301,48
2018-03-02,12308,12016,48
2018-03-03,12290,12062,47
2018-03-04,20606,20290,48
2018-03-05,17630,17292,47
2018-03-06,14901,14581,48
2018-03-07,13289,12931,48
2018-03-08,13564,13294,48
2018-03-09,12331,12044,48
2018-03-10,10602,10347,48
2018-03-11,11750,11477,48
2018-03-12,12451,12153,48
2018-03-13,12792,12374,48
2018-03-14,12298,11873,47
2018-03-15,11903,11639,48
2018-03-16,10378,10138,48
2018-03-17,10304,10100,48
2018-03-18,10793,10585,48
2018-03-19,11764,11510,48
2018-03-20,13439,13136,48
2018-03-21,15168,14829,48
2018-03-22,17005,16714,48
2018-03-23,22175,21812,48
2018-03-24,13183,12943,48
2018-03-25,16084,15789,48
2018-03-26,16812,16456,48
2018-03-27,71700,70802,48
2018-03-28,45440,44842,48
2018-03-29,24369,23973,48
2018-03-30,24783,24376,47
2018-03-31,55704,54970,48
2018-04-01,23955,23622,48
2018-04-02,20128,19733,48
2018-04-03,17688,17381,48
2018-04-04,16714,16405,48
2018-04-05,17190,16842,48
2018-04-06,13210,12954,48
2018-04-07,10108,9896,48
2018-04-08,10101,9849,48
2018-04-09,12584,12283,48
2018-04-10,11372,11125,47
2018-04-11,11924,11676,48
2018-04-12,11841,11609,48
2018-04-13,10300,9888,48
2018-04-14,9687,8993,48
2018-04-15,11571,11146,47
2018-04-16,12816,12380,48
2018-04-17,12021,11650,48
2018-04-18,13667,13337,47
2018-04-19,13109,12832,48
2018-04-20,12078,11799,48
2018-04-21,8908,8738,48
2018-04-22,9398,9211,48
2018-04-23,12582,12350,48
2018-04-24,13515,13237,48
2018-04-25,14452,14230,48
2018-04-26,12984,12736,48
2018-04-27,12041,11802,48
2018-04-28,8364,8181,48
2018-04-29,15820,15547,48
2018-04-30,13175,12918,48
2018-05-01,12207,11956,48
2018-05-02,11380,11118,48
2018-05-03,10814,10590,48
2018-05-04,8997,8816,48
2018-05-05,7518,7351,48
2018-05-06,8568,8360,48
2018-05-07,11834,11556,48
2018-05-08,13496,13228,47
2018-05-09,11729,11504,48
2018-05-10,11718,11508,48
2018-05-11,12026,11842,48
2018-05-12,8954,8784,48
2018-05-13,10094,9913,47
2018-05-14,11478,11255,48
2018-05-15,11521,11269,48
2018-05-16,11945,11708,48
2018-05-17,12427,12212,48
2018-05-18,12936,12720,47
2018-05-19,12307,12163,48
2018-05-20,15976,15805,48
2018-05-21,20729,20423,48
2018-05-22,13615,13359,48
2018-05-23,12613,12385,48
2018-05-24,17653,17355,48
2018-05-25,13776,13552,47
2018-05-26,9812,9597,48
2018-05-27,9331,9137,48
2018-05-28,10897,10662,48
2018-05-29,10546,10364,48
2018-05-30,11383,11177,48
2018-05-31,10637,10430,48
2018-06-01,9976,9769,48
2018-06-02,8807,8623,47
2018-06-03,8789,8615,48
2018-06-04,11305,11096,48
2018-06-05,11248,11034,48
2018-06-06,12437,12199,48
2018-06-07,19629,19237,48
2018-06-08,13390,13120,48
2018-06-09,8668,8460,48
2018-06-10,8727,8562,48
2018-06-11,9464,9271,48
2018-06-12,8565,8387,48
2018-06-13,8579,8399,48
2018-06-14,7980,7819,48
2018-06-15,6902,6707,48
2018-06-16,6486,6335,48
2018-06-17,7105,6947,48
2018-06-18,8146,7971,48
2018-06-19,12852,12625,48
2018-06-20,9349,9206,48
2018-06-21,9493,9306,49
2018-06-22,10862,10351,49
2018-06-23,10371,9747,49
2018-06-24,12098,11527,49
2018-06-25,15547,14761,49
2018-06-26,19436,18997,49
2018-06-27,18554,18139,49
2018-06-28,11413,11183,49
2018-06-29,12314,12064,49
2018-06-30,10013,9798,49
2018-07-01,9462,9264,49
2018-07-02,9759,9589,49
2018-07-03,8767,8576,48
2018-07-04,7984,7771,49
2018-07-05,10006,9787,49
2018-07-06,11217,11014,49
2018-07-07,12419,12227,49
2018-07-08,11166,10961,49
2018-07-09,10254,9982,49
2018-07-10,9785,9466,49
2018-07-11,9715,9463,48
2018-07-12,9658,9382,49
2018-07-13,13639,13381,49
2018-07-14,17083,16900,49
2018-07-15,15761,15514,49
2018-07-16,15340,14987,49
2018-07-17,17087,16784,49
2018-07-18,15752,15427,49
2018-07-19,11461,11210,49
2018-07-20,9952,9712,49
2018-07-21,9074,8910,50
2018-07-22,10155,9957,50
2018-07-23,10424,10168,49
2018-07-24,10507,10267,49
2018-07-25,10668,10434,49
2018-07-26,10758,10552,49
2018-07-27,10176,9951,49
2018-07-28,8572,8349,50
2018-07-29,9225,9019,48
2018-07-30,11236,10965,49
2018-07-31,13868,13522,49
2018-08-01,11606,11307,49
2018-08-02,12418,12138,49
2018-08-03,10152,9937,49
2018-08-04,8493,8324,49
2018-08-05,15359,15097,49
2018-08-06,13407,13141,49
2018-08-07,11508,11245,49
2018-08-08,12491,12256,49
2018-08-09,16124,15900,49
2018-08-10,16423,16190,49
2018-08-11,18299,18007,49
2018-08-12,25080,24853,49
2018-08-13,22304,22030,49
2018-08-14,12837,12607,49
2018-08-15,11308,11090,49
2018-08-16,12034,11776,49
2018-08-17,12580,12365,49
2018-08-18,14696,14501,49
2018-08-19,16986,16743,49
2018-08-20,14945,14744,49
2018-08-21,14073,13849,49
2018-08-22,13505,13281,49
2018-08-23,12692,12480,49
2018-08-24,11151,10902,49
2018-08-25,9532,9340,48
2018-08-26,9429,9239,49
2018-08-27,10681,10484,50
2018-08-28,31909,31651,49
2018-08-29,36388,36101,49
2018-08-30,29014,28752,49
2018-08-31,150823,147806,49
2018-09-01,197972,194673,49
2018-09-02,57276,56506,49
2018-09-03,32245,31844,49
2018-09-04,31988,31568,49
2018-09-05,31670,31315,49
2018-09-06,24820,24483,49
2018-09-07,18922,18620,48
2018-09-08,17022,16774,49
2018-09-09,17419,17117,48
2018-09-10,19189,18839,49
2018-09-11,18731,18190,49
2018-09-12,17013,16660,49
2018-09-13,15227,14959,49
2018-09-14,15681,15359,49
2018-09-15,12781,12560,48
2018-09-16,12869,12631,50
2018-09-17,20667,20351,48
2018-09-18,26543,26224,49
2018-09-19,16273,16001,49
2018-09-20,16055,15790,49
2018-09-21,13197,12419,49
2018-09-22,9509,9295,48
2018-09-23,10579,10400,49
2018-09-24,14087,13860,49
2018-09-25,14513,14251,49
2018-09-26,13808,13583,49
2018-09-27,23023,22728,49
2018-09-28,19364,19108,49
2018-09-29,11810,11639,49
2018-09-30,11161,10980,49
2018-10-01,12677,12495,49
2018-10-02,15717,15505,49
2018-10-03,19046,18771,49
2018-10-04,32243,31959,49
2018-10-05,167903,167225,49
2018-10-06,81894,81456,49
2018-10-07,27003,26621,49
2018-10-08,23436,23009,49
2018-10-09,21926,20105,49
2018-10-10,18987,16031,49
2018-10-11,18961,16931,49
2018-10-12,19946,17293,49
2018-10-13,12355,10940,49
2018-10-14,16258,15362,49
2018-10-15,15162,14465,49
2018-10-16,14474,13895,49
2018-10-17,16100,15416,49
2018-10-18,13530,13028,49
2018-10-19,12095,11636,50
2018-10-20,9653,9265,49
2018-10-21,10573,10170,49
2018-10-22,12723,12309,49
2018-10-23,14419,13934,49
2018-10-24,13677,13169,49
2018-10-25,12384,11927,49
2018-10-26,11405,10992,49
2018-10-27,9219,8902,49
2018-10-28,9889,9531,49
2018-10-29,12020,11623,49
2018-10-30,11360,11008,49
2018-10-31,11342,10951,48
2018-11-01,12587,12230,50
2018-11-02,11951,11592,49
2018-11-03,8207,7911,49
2018-11-04,9166,8742,49
2018-11-05,11837,11394,49
2018-11-06,12045,11622,49
2018-11-07,11448,11018,49
2018-11-08,11211,10745,49
2018-11-09,9923,9572,49
2018-11-10,7470,7193,48
2018-11-11,8116,7834,49
2018-11-12,10543,10223,49
2018-11-13,14484,14071,49
2018-11-14,13055,12626,49
2018-11-15,11294,10949,49
2018-11-16,11204,10815,48
2018-11-17,8835,8609,49
2018-11-18,9092,8795,49
2018-11-19,9977,9660,49
2018-11-20,9960,9574,50
2018-11-21,10103,9785,50
2018-11-22,7983,7779,49
2018-11-23,8911,8671,49
2018-11-24,12620,12367,50
2018-11-25,13532,13068,50
2018-11-26,14071,13674,50
2018-11-27,21127,20576,50
2018-11-28,21748,21265,49
2018-11-29,19786,19345,50
2018-11-30,16457,16081,50
2018-12-01,11622,11323,50
2018-12-02,12725,12389,50
2018-12-03,16535,16065,50
2018-12-04,34116,33601,50
2018-12-05,27528,27031,50
2018-12-06,22732,22286,50
2018-12-07,19632,19250,50
2018-12-08,16057,15740,50
2018-12-09,21926,21535,49
2018-12-10,19577,19190,50
2018-12-11,19795,19443,50
2018-12-12,15466,15131,50
2018-12-13,17088,16739,50
2018-12-14,15178,14768,50
2018-12-15,17857,17486,49
2018-12-16,12228,11977,50
2018-12-17,12725,12422,50
2018-12-18,11225,10925,50
2018-12-19,12855,12521,50
2018-12-20,11100,10803,50
2018-12-21,9402,9153,50
2018-12-22,9410,9182,50
2018-12-23,9849,9630,50
2018-12-24,8019,7804,50
2018-12-25,7177,6979,50
2018-12-26,7201,6973,50
2018-12-27,10163,9912,49
2018-12-28,8453,8217,50
2018-12-29,9911,9641,50
2018-12-30,11393,11113,50
2018-12-31,10513,10216,51
2019-01-01,8915,8663,50
2019-01-02,10290,9996,50
2019-01-03,10454,10151,50
2019-01-04,9631,9339,50
2019-01-05,7865,7606,50
2019-01-06,9335,9059,50
2019-01-07,9495,9174,50
2019-01-08,9597,9317,50
2019-01-09,10256,9963,51
2019-01-10,10999,10695,50
2019-01-11,10449,10155,50
2019-01-12,8439,8178,50
2019-01-13,11105,10713,50
2019-01-14,10703,10369,50
2019-01-15,12850,11296,50
2019-01-16,10822,10269,50
2019-01-17,18029,15984,50
2019-01-18,35287,30323,50
2019-01-19,54298,49281,50
2019-01-20,15808,14203,50
2019-01-21,12775,11906,50
2019-01-22,13168,12630,50
2019-01-23,13257,12770,50
2019-01-24,12191,11735,50
2019-01-25,11039,10663,50
2019-01-26,8275,7994,50
2019-01-27,9061,8785,50
2019-01-28,10100,9793,50
2019-01-29,10917,10613,50
2019-01-30,11018,10508,50
2019-01-31,11052,10680,50
2019-02-01,10296,10001,50
2019-02-02,10058,9767,50
2019-02-03,10046,9746,50
2019-02-04,11670,11353,50
2019-02-05,14772,14378,50
2019-02-06,16582,16222,50
2019-02-07,20205,19845,50
2019-02-08,21442,21008,50
2019-02-09,12114,11829,50
2019-02-10,12781,12436,50
2019-02-11,15041,14419,50
2019-02-12,14979,14403,51
2019-02-13,16838,16309,51
2019-02-14,32253,29955,51
2019-02-15,26098,25038,51
2019-02-16,15798,15170,51
2019-02-17,17226,16588,51
2019-02-18,16784,16083,51
2019-02-19,16278,15742,51
2019-02-20,15128,14704,51
2019-02-21,22115,21428,51
2019-02-22,19011,18507,51
2019-02-23,11688,11359,51
2019-02-24,11233,10845,51
2019-02-25,15933,15533,51
2019-02-26,16767,16282,51
2019-02-27,14359,13952,51
2019-02-28,12025,11741,51
2019-03-01,11117,10817,51
2019-03-02,10114,9785,51
2019-03-03,13627,13298,51
2019-03-04,13070,12710,51
2019-03-05,14187,13831,51
2019-03-06,13502,13253,51
2019-03-07,28403,28079,51
2019-03-08,19428,19063,51
2019-03-09,11594,11312,51
2019-03-10,10772,10500,50
2019-03-11,12339,12057,51
2019-03-12,12544,12226,51
2019-03-13,13145,12797,51
2019-03-14,15810,15320,51
2019-03-15,12847,12505,51
2019-03-16,10140,9888,51
2019-03-17,9747,9489,51
2019-03-18,13620,13281,51
2019-03-19,16034,15472,50
2019-03-20,16196,15818,51
2019-03-21,13785,13466,51
2019-03-22,14940,14612,51
2019-03-23,74066,73519,51
2019-03-24,38968,38631,51
2019-03-25,38028,37634,51
2019-03-26,24221,23601,51
2019-03-27,20943,19992,51
2019-03-28,21043,20347,51
2019-03-29,18245,17675,51
2019-03-30,22149,21624,51
2019-03-31,20944,20421,51
2019-04-01,17222,16734,51
2019-04-02,18907,18084,51
2019-04-03,20863,19956,50
2019-04-04,13605,13128,51
2019-04-05,11440,11103,51
2019-04-06,9155,8818,50
2019-04-07,9459,9191,51
2019-04-08,12595,12238,51
2019-04-09,11931,11616,51
2019-04-10,11998,11713,51
2019-04-11,11252,10981,51
2019-04-12,10372,10112,51
2019-04-13,8284,8037,51
2019-04-14,8792,8551,51
2019-04-15,12434,12042,51
2019-04-16,11573,11268,50
2019-04-17,11265,10961,51
2019-04-18,15364,15096,51
2019-04-19,43111,42532,51
2019-04-20,11802,11569,51
2019-04-21,9971,9757,51
2019-04-22,11854,11539,51
2019-04-23,11926,11597,51
2019-04-24,12896,12519,51
2019-04-25,18363,17985,51
2019-04-26,16826,16502,51
2019-04-27,9495,9218,51
2019-04-28,9536,9239,51
2019-04-29,11410,11088,51
2019-04-30,15149,14812,51
2019-05-01,21520,20823,51
2019-05-02,15326,14942,51
2019-05-03,18987,18696,51
2019-05-04,22700,22343,50
2019-05-05,14584,14322,50
2019-05-06,12100,11793,51
2019-05-07,78156,77038,51
2019-05-08,72139,71396,51
2019-05-09,28433,28000,51
2019-05-10,18315,18012,51
2019-05-11,11186,10958,51
2019-05-12,13803,13569,51
2019-05-13,16160,15823,50
2019-05-14,16311,15983,51
2019-05-15,14855,14569,51
2019-05-16,13087,12833,51
2019-05-17,15735,15469,51
2019-05-18,12958,12695,51
2019-05-19,11335,11115,50
2019-05-20,14873,14596,50
2019-05-21,15064,14699,50
2019-05-22,14676,14332,50
2019-05-23,14958,14687,51
2019-05-24,11154,10887,51
2019-05-25,10083,9840,51
2019-05-26,8382,8186,50
2019-05-27,9911,9631,51
2019-05-28,12262,11901,51
2019-05-29,12321,12036,51
2019-05-30,9402,9149,51
2019-05-31,8895,8673,51
2019-06-01,8424,8201,51
2019-06-02,11733,11517,51
2019-06-03,10754,10504,51
2019-06-04,10175,9898,50
2019-06-05,10484,10231,51
2019-06-06,11344,11021,51
2019-06-07,13750,13428,51
2019-06-08,13903,13587,50
2019-06-09,14276,14011,51
2019-06-10,13117,12780,51
2019-06-11,10859,10510,51
2019-06-12,11482,11203,51
2019-06-13,12820,12550,51
2019-06-14,12719,12362,51
2019-06-15,17985,17480,51
2019-06-16,15733,15263,51
2019-06-17,21500,21101,51
2019-06-18,16691,16280,50
2019-06-19,13948,13560,51
2019-06-20,12649,12274,51
2019-06-21,10986,10738,50
2019-06-22,12733,12459,51
2019-06-23,15002,14622,51
2019-06-24,16046,15643,51
2019-06-25,23021,22733,51
2019-06-26,20646,20321,51
2019-06-27,13777,13530,51
2019-06-28,11224,10921,51
2019-06-29,12495,12216,51
2019-06-30,12209,11922,50
2019-07-01,10804,10503,51
2019-07-02,10605,10334,51
2019-07-03,9999,9749,51
2019-07-04,9333,9098,51
2019-07-05,8781,8547,51
2019-07-06,10741,10471,51
2019-07-07,13387,13109,51
2019-07-08,10499,10196,51
2019-07-09,9956,9671,51
2019-07-10,16002,15708,51
2019-07-11,17624,17167,51
2019-07-12,18104,17712,51
2019-07-13,18912,18451,51
2019-07-14,17532,17135,51
2019-07-15,12703,12401,51
2019-07-16,61985,60725,51
2019-07-17,71898,70641,51
2019-07-18,39001,38308,51
2019-07-19,28840,28113,51
2019-07-20,20897,20488,50
2019-07-21,14708,14374,51
2019-07-22,13921,13574,51
2019-07-23,13162,12830,51
2019-07-24,12685,12352,51
2019-07-25,12669,12218,51
2019-07-26,11827,11517,51
2019-07-27,10847,10567,51
2019-07-28,12217,11841,51
2019-07-29,14389,13968,51
2019-07-30,13233,12881,51
2019-07-31,15235,14907,51
2019-08-01,54509,53697,51
2019-08-02,44027,43304,51
2019-08-03,28062,27522,51
2019-08-04,50592,49991,51
2019-08-05,34311,33816,51
2019-08-06,23523,23128,51
2019-08-07,21053,20640,51
2019-08-08,17357,16963,51
2019-08-09,57588,57124,51
2019-08-10,43044,42661,51
2019-08-11,29988,29644,51
2019-08-12,29676,29257,50
2019-08-13,24925,24560,51
2019-08-14,16957,16614,51
2019-08-15,17738,17350,51
2019-08-16,14051,13752,51
2019-08-17,12673,12398,51
2019-08-18,11448,11174,51
2019-08-19,82138,80987,51
2019-08-20,61420,60502,51
2019-08-21,20785,20355,51
2019-08-22,16189,15853,51
2019-08-23,12946,12657,51
2019-08-24,10645,10376,51
2019-08-25,10822,10553,51
2019-08-26,11929,11562,51
2019-08-27,11616,11302,51
2019-08-28,14762,14396,51
2019-08-29,14179,13829,51
2019-08-30,12283,11956,51
2019-08-31,11835,11454,51
2019-09-01,10866,10568,51
2019-09-02,10350,10072,50
2019-09-03,10136,9867,51
2019-09-04,9977,9715,51
2019-09-05,10132,9850,51
2019-09-06,9615,9358,51
2019-09-07,8809,8586,51
2019-09-08,9220,8913,51
2019-09-09,14239,13765,51
2019-09-10,14058,13626,51
2019-09-11,13778,13382,51
2019-09-12,12584,12282,51
2019-09-13,12466,11994,51
2019-09-14,9545,9203,51
2019-09-15,10955,10634,51
2019-09-16,12955,12521,51
2019-09-17,12857,12261,51
2019-09-18,13353,12736,51
2019-09-19,13738,13293,51
2019-09-20,12927,12464,51
2019-09-21,10415,10035,51
2019-09-22,10944,10501,51
2019-09-23,12567,12175,51
2019-09-24,11962,11588,51
2019-09-25,12884,12552,51
2019-09-26,12481,12215,51
2019-09-27,11121,10785,51
2019-09-28,9044,8753,51
2019-09-29,9854,9594,50
2019-09-30,11229,10950,51
2019-10-01,21927,21452,51
2019-10-02,23029,22563,51
2019-10-03,21071,20653,51
2019-10-04,15583,15238,51
2019-10-05,10292,10059,51
2019-10-06,12262,11972,51
2019-10-07,12941,12579,51
2019-10-08,12431,12099,51
2019-10-09,12185,11836,51
2019-10-10,13301,12887,51
2019-10-11,12038,11690,51
2019-10-12,9193,8926,50
2019-10-13,14372,13983,52
2019-10-14,21190,20079,52
2019-10-15,22816,22021,52
2019-10-16,19758,19295,52
2019-10-17,20125,19628,52
2019-10-18,15753,15245,52
2019-10-19,12107,11649,52
2019-10-20,14311,13834,52
2019-10-21,16705,16244,52
2019-10-22,15843,15461,52
2019-10-23,14973,14594,52
2019-10-24,16042,15619,52
2019-10-25,15218,14868,52
2019-10-26,12770,12492,53
2019-10-27,11197,10918,53
2019-10-28,14585,14203,53
2019-10-29,15276,14934,52
2019-10-30,14045,13729,53
2019-10-31,13325,12977,53
2019-11-01,11559,11234,53
2019-11-02,10824,10567,53
2019-11-03,18089,17799,53
2019-11-04,32575,32162,53
2019-11-05,23366,22936,53
2019-11-06,18524,18168,53
2019-11-07,17019,16659,53
2019-11-08,16198,15619,53
2019-11-09,10539,10245,53
2019-11-10,15743,15338,53
2019-11-11,16523,16116,53
2019-11-12,13812,13464,53
2019-11-13,15420,14865,53
2019-11-14,25698,24776,53
2019-11-15,17706,17205,53
2019-11-16,12458,12112,53
2019-11-17,12418,12002,52
2019-11-18,15067,14604,53
2019-11-19,15110,14685,53
2019-11-20,14489,14063,53
2019-11-21,13956,13586,53
2019-11-22,14678,14245,53
2019-11-23,17650,17387,53
2019-11-24,25284,24978,53
2019-11-25,17193,16834,53
2019-11-26,13359,13051,53
2019-11-27,14546,14127,53
2019-11-28,10277,10005,53
2019-11-29,12174,11881,53
2019-11-30,10972,10614,53
2019-12-01,11587,11216,53
2019-12-02,13163,12777,53
2019-12-03,14187,13779,53
2019-12-04,19549,19122,53
2019-12-05,19064,18614,53
2019-12-06,15768,15396,53
2019-12-07,13681,13375,53
2019-12-08,12098,11790,53
2019-12-09,14467,14103,53
2019-12-10,13429,13093,53
2019-12-11,13480,13045,53
2019-12-12,12715,12430,53
2019-12-13,11490,11263,53
2019-12-14,9921,9645,53
2019-12-15,10612,10336,52
2019-12-16,13996,13697,53
2019-12-17,12666,12401,53
2019-12-18,10877,10615,53
2019-12-19,9830,9583,53
2019-12-20,8803,8568,53
2019-12-21,11083,10745,53
2019-12-22,8381,8110,52
2019-12-23,9189,8910,53
2019-12-24,7592,7351,53
2019-12-25,7009,6777,53
2019-12-26,8883,8595,53
2019-12-27,9904,9608,53
2019-12-28,9732,9484,53
2019-12-29,10947,10630,53
2019-12-30,12079,11576,53
2019-12-31,9823,9422,53
2020-01-01,8366,8059,53
2020-01-02,9900,9591,53
2020-01-03,9494,9219,53
2020-01-04,8360,8104,53
2020-01-05,8673,8416,53
2020-01-06,9100,8797,53
2020-01-07,9386,9122,53
2020-01-08,9479,9217,52
2020-01-09,13170,12900,53
2020-01-10,12404,12102,53
2020-01-11,8769,8497,53
2020-01-12,9804,9517,53
2020-01-13,12234,11966,53
2020-01-14,11205,10932,53
2020-01-15,41571,41237,53
2020-01-16,16610,16289,53
2020-01-17,13943,13667,52
2020-01-18,10854,10587,52
2020-01-19,71364,71077,53
2020-01-20,83545,83226,53
2020-01-21,19398,19014,53
2020-01-22,19597,19268,52
2020-01-23,17594,17192,53
2020-01-24,16887,16521,53
2020-01-25,11588,11307,53
2020-01-26,11237,10935,53
2020-01-27,11919,11622,53
2020-01-28,11737,11422,53
2020-01-29,12104,11773,52
2020-01-30,11863,11591,53
2020-01-31,11271,10996,53
2020-02-01,8732,8493,53
2020-02-02,12132,11872,52
2020-02-03,186282,185995,53
2020-02-04,17466,17101,53
2020-02-05,14888,14537,53
2020-02-06,13112,12779,53
2020-02-07,17013,16707,53
2020-02-08,18506,18189,53
2020-02-09,12572,12276,53
2020-02-10,16560,16190,53
2020-02-11,14004,13657,53
2020-02-12,13653,13272,53
2020-02-13,12750,12438,53
2020-02-14,11065,10782,53
2020-02-15,8964,8688,53
2020-02-16,9762,9473,53
2020-02-17,13301,12926,53
2020-02-18,12046,11766,53
2020-02-19,14286,14003,53
2020-02-20,13159,12871,53
2020-02-21,13253,12940,53
2020-02-22,10737,10487,52
2020-02-23,11999,11733,53
2020-02-24,16743,16372,53
2020-02-25,15117,14713,53
2020-02-26,13931,13574,53
2020-02-27,14381,14046,53
2020-02-28,12176,11872,53
2020-02-29,9397,9151,53
2020-03-01,10059,9705,53
2020-03-02,12939,12628,53
2020-03-03,95030,94386,53
2020-03-04,97648,96928,53
2020-03-05,36648,36203,53
2020-03-06,19512,19257,53
2020-03-07,15834,15571,52
2020-03-08,15542,15253,53
2020-03-09,15644,15320,53
2020-03-10,14199,13885,53
2020-03-11,14163,13865,53
2020-03-12,10731,10467,53
2020-03-13,9120,8940,53
2020-03-14,8918,8740,53
2020-03-15,9519,9303,53
2020-03-16,8516,8295,53
2020-03-17,8830,8611,53
2020-03-18,10268,10033,52
2020-03-19,8938,8698,53
2020-03-20,8393,8197,53
2020-03-21,9209,9019,53
2020-03-22,9473,9243,53
2020-03-23,9196,8949,52
2020-03-24,8739,8504,53
2020-03-25,9106,8914,53
2020-03-26,9026,8813,53
2020-03-27,8370,8177,53
2020-03-28,8592,8386,53
2020-03-29,9906,9639,53
2020-03-30,10317,10042,53
2020-03-31,30192,29855,53
2020-04-01,9749,9431,53
2020-04-02,9313,9050,53
2020-04-03,8711,8464,53
2020-04-04,8918,8607,53
2020-04-05,9868,9611,53
2020-04-06,10167,9892,53
2020-04-07,10210,9941,53
2020-04-08,16736,16482,53
2020-04-09,17761,17481,53
2020-04-10,18659,18396,53
2020-04-11,11774,11502,53
2020-04-12,11995,11697,53
2020-04-13,12164,11891,53
2020-04-14,11812,11509,53
2020-04-15,11349,11024,53
2020-04-16,11130,10828,53
2020-04-17,10349,10084,53
2020-04-18,11618,11352,53
2020-04-19,11834,11526,53
2020-04-20,12421,12156,53
2020-04-21,11847,11536,53
2020-04-22,11826,11535,53
2020-04-23,12348,12068,53
2020-04-24,11512,11182,54
2020-04-25,10611,10348,54
2020-04-26,17621,17241,54
2020-04-27,13550,13211,54
2020-04-28,13798,13444,54
2020-04-29,14034,13662,54
2020-04-30,12972,12654,54
2020-05-01,18673,18320,54
2020-05-02,16619,16280,54
2020-05-03,17091,16672,54
2020-05-04,15545,15074,54
2020-05-05,14603,14259,54
2020-05-06,26573,26068,54
2020-05-07,83906,82498,55
2020-05-08,94302,92823,55
2020-05-09,56230,55370,55
2020-05-10,34382,33701,55
2020-05-11,30858,30259,55
2020-05-12,30366,29648,55
2020-05-13,33526,32896,56
2020-05-14,29347,28772,56
2020-05-15,36831,36147,56
2020-05-16,35120,34492,56
2020-05-17,27442,26939,56
2020-05-18,21861,21402,55
2020-05-19,23699,23204,56
2020-05-20,26976,26530,56
2020-05-21,24229,23739,56
2020-05-22,25649,24681,55
2020-05-23,38120,37443,56
2020-05-24,25238,24677,56
2020-05-25,21026,20506,55
2020-05-26,120379,119234,57
2020-05-27,521939,518417,57
2020-05-28,1439549,1432207,58
2020-05-29,1951724,1939127,58
2020-05-30,2408082,2393022,58
2020-05-31,2304340,2288207,58
2020-06-01,2316313,2281386,57
2020-06-02,2058596,1670228,60
2020-06-03,1969914,1656333,60
2020-06-04,1907683,1782730,60
2020-06-05,1898709,1810348,62
2020-06-06,1669719,1606529,62
2020-06-07,1140621,1098468,63
2020-06-08,983100,948553,63
2020-06-09,1165649,1128650,62
2020-06-10,906498,867406,64
2020-06-11,666548,640302,65
2020-06-12,633038,608721,63
2020-06-13,504718,487179,64
2020-06-14,547432,533457,63
2020-06-15,565442,550636,64
2020-06-16,462093,449710,67
2020-06-17,391897,380951,66
2020-06-18,396225,385802,64
2020-06-19,371060,359331,65
2020-06-20,291175,282855,68
2020-06-21,232507,225932,69
2020-06-22,290164,283523,69
2020-06-23,449255,441875,70
2020-06-24,491246,483103,69
2020-06-25,476056,469223,69
2020-06-26,389710,383420,69
2020-06-27,275793,270392,70
2020-06-28,261832,255284,69
2020-06-29,212500,206629,69
2020-06-30,187085,181640,70
2020-07-01,182870,177411,71
2020-07-02,171232,166392,69
2020-07-03,166935,162440,70
2020-07-04,167856,163722,68
2020-07-05,139635,135554,71
2020-07-06,149647,145292,69
2020-07-07,139706,135433,69
2020-07-08,121103,117078,70
2020-07-09,125822,121563,70
2020-07-10,121652,118122,69
2020-07-11,98512,95534,69
2020-07-12,101908,98818,69
2020-07-13,136062,131712,69
2020-07-14,141026,137558,70
2020-07-15,164724,159734,70
2020-07-16,133419,129198,70
2020-07-17,121507,116499,71
2020-07-18,111795,107382,70
2020-07-19,95034,91204,69
2020-07-20,90781,86754,69
2020-07-21,94776,90955,69
2020-07-22,105371,101515,70
2020-07-23,95954,92478,69
2020-07-24,109347,105228,69
2020-07-25,120769,115281,69
2020-07-26,165701,160057,69
2020-07-27,100671,96612,69
2020-07-28,95482,92536,69
2020-07-29,92722,89893,70
2020-07-30,120199,115586,70
2020-07-31,171431,167037,69
2020-08-01,92434,89643,71
2020-08-02,78917,76398,68
2020-08-03,81096,78546,68
2020-08-04,118403,115152,69
2020-08-05,91739,89174,70
2020-08-06,76919,74795,69
2020-08-07,71235,68569,69
2020-08-08,73333,70587,70
2020-08-09,73747,71552,70
2020-08-10,93335,90376,69
2020-08-11,108486,105573,71
2020-08-12,78370,75880,70
2020-08-13,76745,74042,70
2020-08-14,118513,115546,70
2020-08-15,125982,122533,70
2020-08-16,99581,96628,72
2020-08-17,80315,77840,72
2020-08-18,92410,88772,71
2020-08-19,120384,115630,73
2020-08-20,81703,78729,72
2020-08-21,70117,67825,73
2020-08-22,59188,57255,70
2020-08-23,58234,56169,72
2020-08-24,119928,116224,73
2020-08-25,253089,247047,72
2020-08-26,441083,432180,73
2020-08-27,698784,687650,73
2020-08-28,521258,511446,72
2020-08-29,293155,287149,73
2020-08-30,218299,213394,73
2020-08-31,216989,211812,73
2020-09-01,200439,195679,73
2020-09-02,166433,162502,73
2020-09-03,175102,171145,74
2020-09-04,125923,122973,74
2020-09-05,124542,121352,73
2020-09-06,153724,150177,74
2020-09-07,124304,121498,74
2020-09-08,126028,123356,73
2020-09-09,144805,142152,73
2020-09-10,119886,117327,75
2020-09-11,166017,163400,74
2020-09-12,113269,111247,75
2020-09-13,229650,224625,75
2020-09-14,216938,212525,75
2020-09-15,312180,303718,75
2020-09-16,230357,225735,76
2020-09-17,184044,181281,75
2020-09-18,128149,126003,76
2020-09-19,90884,89166,74
2020-09-20,88395,86391,75
2020-09-21,95398,92617,75
2020-09-22,162099,156610,75
2020-09-23,673492,651779,76
2020-09-24,1377787,1342996,76
2020-09-25,618678,603380,76
2020-09-26,269451,263106,76
2020-09-27,160717,156443,76
2020-09-28,117555,113822,75
2020-09-29,108308,105040,75
2020-09-30,93740,91064,76
2020-10-01,66010,63114,76
2020-10-02,56719,54852,76
2020-10-03,50598,48938,74
2020-10-04,52658,51102,77
2020-10-05,48610,46933,76
2020-10-06,56256,54558,75
2020-10-07,55104,53417,75
2020-10-08,111233,108631,74
2020-10-09,65014,63169,76
2020-10-10,47896,46417,75
2020-10-11,50678,49171,77
2020-10-12,51033,49508,74
2020-10-13,51074,49443,77
2020-10-14,59701,58099,78
2020-10-15,57068,55553,77
2020-10-16,45312,44037,77
2020-10-17,38676,37528,76
2020-10-18,39772,38574,77
2020-10-19,43913,42386,77
2020-10-20,41280,39969,75
2020-10-21,49004,47414,77
2020-10-22,44605,43191,77
2020-10-23,47371,46097,78
2020-10-24,40130,38861,78
2020-10-25,39278,38010,78
2020-10-26,39918,38583,77
2020-10-27,43459,42149,77
2020-10-28,64588,62851,79
2020-10-29,56327,54778,77
2020-10-30,58580,57105,78
2020-10-31,51457,50282,79
2020-11-01,43506,41983,79
2020-11-02,48647,46463,79
2020-11-03,51450,48815,80
2020-11-04,57334,53896,79
2020-11-05,53253,50616,79
2020-11-06,43865,41725,79
2020-11-07,39306,37002,77
2020-11-08,44171,41866,78
2020-11-09,44088,41369,79
2020-11-10,39422,37237,79
2020-11-11,38139,36401,79
2020-11-12,38649,37023,79
2020-11-13,35610,33942,78
2020-11-14,46701,45114,78
2020-11-15,38374,36889,79
2020-11-16,39438,37969,78
2020-11-17,40799,39336,78
2020-11-18,40797,39388,79
2020-11-19,38852,37458,79
2020-11-20,42863,41630,78
2020-11-21,72401,70575,79
2020-11-22,49516,48242,78
2020-11-23,49824,48094,79
2020-11-24,42930,40748,79
2020-11-25,37701,36018,79
2020-11-26,35872,34351,78
2020-11-27,29321,28185,79
2020-11-28,28603,27476,78
2020-11-29,32695,31514,78
2020-11-30,37700,35806,78
2020-12-01,36102,34740,78
2020-12-02,34981,33816,78
2020-12-03,32990,31902,79
2020-12-04,30766,29741,79
2020-12-05,30011,29043,79
2020-12-06,30343,29363,78
2020-12-07,37188,35997,79
2020-12-08,35696,34544,78
2020-12-09,44161,43049,78
2020-12-10,62025,60807,79
2020-12-11,47525,46390,78
2020-12-12,29494,28583,79
2020-12-13,30300,29302,80
2020-12-14,40324,39123,81
2020-12-15,33792,32597,80
2020-12-16,38386,37220,80
2020-12-17,38420,37282,81
2020-12-18,34081,32955,80
2020-12-19,31467,30606,80
2020-12-20,29355,28477,79
2020-12-21,34242,32877,79
2020-12-22,36405,35465,79
2020-12-23,32412,31562,80
2020-12-24,27640,26885,79
2020-12-25,23392,22682,79
2020-12-26,24770,23946,80
2020-12-27,30312,29396,80
2020-12-28,41868,40552,79
2020-12-29,60761,59335,80
2020-12-30,82173,80209,82
2020-12-31,52843,51347,80
2021-01-01,48422,46832,82
2021-01-02,40273,38806,81
2021-01-03,38919,37596,80
2021-01-04,40774,39545,80
2021-01-05,125990,123964,80
2021-01-06,137071,133166,82
2021-01-07,105244,102083,81
2021-01-08,67297,64805,82
2021-01-09,52251,50714,82
2021-01-10,41771,40426,81
2021-01-11,42878,41245,82
2021-01-12,41378,39777,82
2021-01-13,36980,35545,82
2021-01-14,44681,43074,82
2021-01-15,37720,36280,82
2021-01-16,31265,30010,79
2021-01-17,32331,30945,81
2021-01-18,40051,38277,82
2021-01-19,39914,38274,82
2021-01-20,34772,33572,82
2021-01-21,32426,31351,81
2021-01-22,28568,27519,81
2021-01-23,26120,25050,81
2021-01-24,29635,28549,82
2021-01-25,31066,29779,81
2021-01-26,31765,30589,82
2021-01-27,29827,28812,82
2021-01-28,28176,27070,81
2021-01-29,29139,28099,80
2021-01-30,28336,27441,81
2021-01-31,27439,26379,83
2021-02-01,33446,32352,81
2021-02-02,34816,33534,82
2021-02-03,33094,31834,82
2021-02-04,48255,46500,82
2021-02-05,36200,34835,82
2021-02-06,28598,27525,82
2021-02-07,46326,45089,81
2021-02-08,50151,48814,81
2021-02-09,34789,33612,81
2021-02-10,33404,32246,82
2021-02-11,42771,41379,82
2021-02-12,32852,31576,81
2021-02-13,28856,27859,82
2021-02-14,27450,26393,80
2021-02-15,36125,34919,80
2021-02-16,34415,33003,80
2021-02-17,32149,30961,83
2021-02-18,33581,31640,80
2021-02-19,32000,30488,82
2021-02-20,28606,26843,79
2021-02-21,29098,27795,82
2021-02-22,37470,35940,82
2021-02-23,56225,54444,83
2021-02-24,60979,59284,84
2021-02-25,51818,49129,82
2021-02-26,45546,44236,84
2021-02-27,32065,31056,81
2021-02-28,33847,32741,83
2021-03-01,42999,41670,83
2021-03-02,38152,36961,83
2021-03-03,34213,33037,85
2021-03-04,38285,36914,82
2021-03-05,34481,33366,84
2021-03-06,29636,28733,84
2021-03-07,36677,35586,82
2021-03-08,58437,56864,83
2021-03-09,59077,57500,83
2021-03-10,45337,44021,83
2021-03-11,47357,45918,84
2021-03-12,72491,70654,84
2021-03-13,119677,117001,84
2021-03-14,116951,114082,82
2021-03-15,64066,62035,82
2021-03-16,48498,46861,83
2021-03-17,48260,46769,84
2021-03-18,47417,46029,83
2021-03-19,39422,38098,84
2021-03-20,33864,32842,81
2021-03-21,33005,31952,83
2021-03-22,36545,35327,83
2021-03-23,62351,61024,84
2021-03-24,48736,47455,85
2021-03-25,37536,36235,82
2021-03-26,33650,32341,85
2021-03-27,29610,28555,85
2021-03-28,35614,34296,82
2021-03-29,127644,124946,85
2021-03-30,141002,138091,83
2021-03-31,149015,146158,84
2021-04-01,151609,148954,85
2021-04-02,106112,104141,87
2021-04-03,59686,58399,84
2021-04-04,48347,47277,84
2021-04-05,65127,63780,85
2021-04-06,69672,68257,84
2021-04-07,63228,62047,85
2021-04-08,69739,68458,86
2021-04-09,70734,69276,85
2021-04-10,59628,58476,84
2021-04-11,56930,55958,84
2021-04-12,127230,123515,87
2021-04-13,275499,270527,85
2021-04-14,322922,317697,85
2021-04-15,231029,225362,86
2021-04-16,285055,280160,86
2021-04-17,185066,182172,87
2021-04-18,146737,144153,87
2021-04-19,167167,163390,85
2021-04-20,559905,514122,87
2021-04-21,792617,688013,88
2021-04-22,319569,298774,89
2021-04-23,184364,170666,90
2021-04-24,130083,121370,90
2021-04-25,97119,90158,90
2021-04-26,101803,93164,90
2021-04-27,99729,91818,90
2021-04-28,98033,91852,89
2021-04-29,95255,89657,89
2021-04-30,74338,71076,91
2021-05-01,54264,50787,91
2021-05-02,49618,46388,90
2021-05-03,64713,60711,91
2021-05-04,54545,51533,90
2021-05-05,62164,59017,90
2021-05-06,51821,49282,90
2021-05-07,46135,43409,88
2021-05-08,42036,39467,91
2021-05-09,36814,34480,91
2021-05-10,40048,37377,92
2021-05-11,38936,36215,91
2021-05-12,38016,35610,92
2021-05-13,34573,32420,92
2021-05-14,36818,34447,90
2021-05-15,30682,28714,92
2021-05-16,29375,27387,90
2021-05-17,33549,31286,92
2021-05-18,58798,55630,90
2021-05-19,43158,40810,92
2021-05-20,39290,36848,90
2021-05-21,36950,34794,90
2021-05-22,32448,30425,91
2021-05-23,36087,34156,91
2021-05-24,51654,49163,91
2021-05-25,133464,129241,92
2021-05-26,95331,91836,92
2021-05-27,57085,54780,92
2021-05-28,56805,54410,91
2021-05-29,43779,41484,92
2021-05-30,36720,34219,91
2021-05-31,40000,37276,93
2021-06-01,37276,34198,91
2021-06-02,36637,34301,91
2021-06-03,34783,32589,91
2021-06-04,31879,29872,91
2021-06-05,33094,30558,93
2021-06-06,40244,37515,92
2021-06-07,39458,36915,91
2021-06-08,34594,32446,91
2021-06-09,29918,28027,92
2021-06-10,36878,35076,91
2021-06-11,30022,28264,91
2021-06-12,30606,28966,92
2021-06-13,27624,26021,93
2021-06-14,39145,37303,91
2021-06-15,36665,34950,93
2021-06-16,31350,29163,93
2021-06-17,31693,29703,93
2021-06-18,43273,41195,93
2021-06-19,34777,33084,91
2021-06-20,34634,32920,92
2021-06-21,31128,29348,93
2021-06-22,29372,27872,91
2021-06-23,30456,28629,92
2021-06-24,29023,27378,91
2021-06-25,101697,98621,91
2021-06-26,110752,108158,92
2021-06-27,49351,47502,91
2021-06-28,41196,39402,92
2021-06-29,36064,34127,91
2021-06-30,31967,30079,92
2021-07-01,31285,29473,91
2021-07-02,25110,23545,92
2021-07-03,24122,22678,92
2021-07-04,23834,22336,92
2021-07-05,23755,22230,93
2021-07-06,35372,33233,93
2021-07-07,39667,36876,91
2021-07-08,27816,25737,94
2021-07-09,22806,21052,92
2021-07-10,22757,21029,93
2021-07-11,21758,20299,91
2021-07-12,23493,21852,92
2021-07-13,33493,31222,92
2021-07-14,36339,34345,92
2021-07-15,30221,28414,92
2021-07-16,39180,37297,94
2021-07-17,25598,23792,92
2021-07-18,30371,28438,93
2021-07-19,53709,51818,93
2021-07-20,36765,35001,93
2021-07-21,28112,26412,93
2021-07-22,23023,21439,93
2021-07-23,29226,27092,93
2021-07-24,23237,21492,92
2021-07-25,25160,23471,94
2021-07-26,29780,28174,94
2021-07-27,32613,30977,92
2021-07-28,30527,28887,93
2021-07-29,25009,23594,94
2021-07-30,23295,21868,93
2021-07-31,23394,21974,92
2021-08-01,23441,21955,93
2021-08-02,23472,22035,92
2021-08-03,28243,26741,92
2021-08-04,22890,21496,92
2021-08-05,21111,19779,93
2021-08-06,27978,26562,93
2021-08-07,26064,24838,92
2021-08-08,24428,23066,94
2021-08-09,25927,24590,93
2021-08-10,28520,27068,94
2021-08-11,39129,37908,93
2021-08-12,30804,29541,93
2021-08-13,25537,24295,93
2021-08-14,28232,27085,94
2021-08-15,27188,26061,92
2021-08-16,24564,23486,92
2021-08-17,20878,19676,92
2021-08-18,20907,19808,92
2021-08-19,22170,21010,91
2021-08-20,21863,20606,93
2021-08-21,21461,20124,92
2021-08-22,22097,21035,92
2021-08-23,26545,25200,92
2021-08-24,24226,22963,93
2021-08-25,22800,21258,92
2021-08-26,22721,21268,94
2021-08-27,20821,19521,93
2021-08-28,20890,19738,91
2021-08-29,25213,23914,92
2021-08-30,22055,20762,92
2021-08-31,20650,19407,92
2021-09-01,59757,57748,91
2021-09-02,74985,73354,93
2021-09-03,38419,37074,91
2021-09-04,27210,25785,92
2021-09-05,21175,20003,92
2021-09-06,20692,19474,94
2021-09-07,22235,20935,92
2021-09-08,30889,29536,91
2021-09-09,26805,25164,92
2021-09-10,20769,19620,92
2021-09-11,18382,17331,92
2021-09-12,19382,18220,92
2021-09-13,20399,19210,92
2021-09-14,21872,20576,92
2021-09-15,24659,23285,92
2021-09-16,26915,25443,92
2021-09-17,23837,22598,91
2021-09-18,20312,19249,94
2021-09-19,20072,18939,95
2021-09-20,22089,20798,94
2021-09-21,24714,23378,93
2021-09-22,23958,22724,93
2021-09-23,23217,21913,94
2021-09-24,21409,20180,93
2021-09-25,20684,19589,93
2021-09-26,18365,17164,93
2021-09-27,22041,20809,93
2021-09-28,22088,20761,93
2021-09-29,36304,34964,93
2021-09-30,23033,21811,93
2021-10-01,19898,18730,93
2021-10-02,18250,17253,93
2021-10-03,21399,20254,93
2021-10-04,33121,31707,94
2021-10-05,31025,29618,95
2021-10-06,23282,22040,95
2021-10-07,20496,19292,92
2021-10-08,20976,19796,93
2021-10-09,22775,21676,93
2021-10-10,18360,17339,93
2021-10-11,20269,19083,93
2021-10-12,20727,19455,92
2021-10-13,20936,19797,92
2021-10-14,23511,22167,94
2021-10-15,21217,20068,94
2021-10-16,17471,16470,94
2021-10-17,19923,18866,93
2021-10-18,21344,20180,94
2021-10-19,21833,20699,93
2021-10-20,23322,22073,93
2021-10-21,22727,21358,95
2021-10-22,19301,18196,94
2021-10-23,16197,15269,94
2021-10-24,16981,16096,93
2021-10-25,20119,19080,92
2021-10-26,24046,22826,94
2021-10-27,27153,26038,94
2021-10-28,24759,23613,95
2021-10-29,22882,21652,93
2021-10-30,18702,17744,93
2021-10-31,19467,18467,96
2021-11-01,22552,21535,94
2021-11-02,25995,24725,94
2021-11-03,27115,25920,95
2021-11-04,36463,35229,95
2021-11-05,29552,28525,93
2021-11-06,20202,19400,93
2021-11-07,19746,18937,93
2021-11-08,25902,24843,93
2021-11-09,38287,37177,95
2021-11-10,59507,58263,94
2021-11-11,74741,73297,95
2021-11-12,60664,59181,94
2021-11-13,42218,41006,95
2021-11-14,37772,36617,95
2021-11-15,56746,55347,93
2021-11-16,66420,64870,95
2021-11-17,64299,62851,94
2021-11-18,66824,65280,95
2021-11-19,154215,152128,96
2021-11-20,224908,222023,94
2021-11-21,99689,97759,94
2021-11-22,73729,71839,95
2021-11-23,63439,61592,95
2021-11-24,131785,129908,95
2021-11-25,200266,198321,96
2021-11-26,72205,70935,94
2021-11-27,49032,47868,94
2021-11-28,41491,40274,95
2021-11-29,42824,41601,95
2021-11-30,43746,42388,95
2021-12-01,40736,39246,95
2021-12-02,39516,38197,96
2021-12-03,30168,29177,95
2021-12-04,25204,24204,96
2021-12-05,26536,25448,94
2021-12-06,27175,26104,95
2021-12-07,28106,26906,95
2021-12-08,44081,42468,94
2021-12-09,52721,51114,95
2021-12-10,39707,38328,96
2021-12-11,25733,24747,97
2021-12-12,26259,24962,95
2021-12-13,31298,30023,94
2021-12-14,29640,28496,95
2021-12-15,29002,27803,95
2021-12-16,29613,28482,94
2021-12-17,44894,43529,95
2021-12-18,55919,54339,95
2021-12-19,29545,28171,95
2021-12-20,34166,32820,95
2021-12-21,33629,32371,95
2021-12-22,28653,27428,96
2021-12-23,106916,75833,95
2021-12-24,110969,106438,94
2021-12-25,29987,28694,95
2021-12-26,24921,23672,95
2021-12-27,24054,22722,96
2021-12-28,25124,23846,95
2021-12-29,26791,25427,96
2021-12-30,27197,26009,96
2021-12-31,22361,21330,95
2022-01-01,20845,19843,95
2022-01-02,25675,24612,96
2022-01-03,22573,21439,95
2022-01-04,22491,21365,95
2022-01-05,26525,25479,95
2022-01-06,28732,27643,94
2022-01-07,146359,145009,95
2022-01-08,206035,204577,95
2022-01-09,56922,55775,95
2022-01-10,49781,48627,95
2022-01-11,41685,40611,96
2022-01-12,32137,31030,96
2022-01-13,39576,38454,95
2022-01-14,67254,66108,95
2022-01-15,42100,41070,96
2022-01-16,35842,34725,95
2022-01-17,38359,37217,95
2022-01-18,36591,35489,95
2022-01-19,33537,32401,95
2022-01-20,26535,25481,95
2022-01-21,28834,27765,96
2022-01-22,21864,20911,95
2022-01-23,26108,25217,95
2022-01-24,27390,26327,96
2022-01-25,25267,24187,95
2022-01-26,24857,23807,97
2022-01-27,30369,29270,95
2022-01-28,28650,27549,95
2022-01-29,26895,25709,95
2022-01-30,27878,26796,95
2022-01-31,44407,43148,95
2022-02-01,52632,51425,95
2022-02-02,33546,32295,96
2022-02-03,42196,40740,96
2022-02-04,42468,41104,96
2022-02-05,33467,31929,97
2022-02-06,29753,28310,96
2022-02-07,37817,36252,96
2022-02-08,51550,50136,97
2022-02-09,43009,41451,97
2022-02-10,34800,33604,96
2022-02-11,38122,36996,96
2022-02-12,27261,26235,96
2022-02-13,27614,26498,96
2022-02-14,30064,28296,96
2022-02-15,28967,27512,97
2022-02-16,28777,27559,97
2022-02-17,37492,36112,97
2022-02-18,88522,86670,97
2022-02-19,64781,63249,96
2022-02-20,35078,33839,96
2022-02-21,36731,35293,97
2022-02-22,69003,67585,96
2022-02-23,58843,57315,96
2022-02-24,38068,36927,97
2022-02-25,37798,36567,96
2022-02-26,24259,23085,96
2022-02-27,23097,22050,95
2022-02-28,35257,34107,95
2022-03-01,29786,28827,96
2022-03-02,26361,25360,96
2022-03-03,34111,32914,96
2022-03-04,33026,31687,97
2022-03-05,19510,18543,97
2022-03-06,19640,18623,97
2022-03-07,22500,21348,98
2022-03-08,21641,20517,97
2022-03-09,21782,20574,97
2022-03-10,21635,20386,97
2022-03-11,23314,21980,97
2022-03-12,22642,21496,98
2022-03-13,27132,25458,98
2022-03-14,27033,25624,97
2022-03-15,25822,24477,97
2022-03-16,23977,22801,97
2022-03-17,24073,22847,99
2022-03-18,19711,18667,97
2022-03-19,17830,16897,98
2022-03-20,18765,17682,98
2022-03-21,21619,20510,98
2022-03-22,20907,19837,98
2022-03-23,20883,19743,97
2022-03-24,22218,21016,98
2022-03-25,18558,17540,97
2022-03-26,19286,18225,97
2022-03-27,20445,19086,97
2022-03-28,24316,23207,98
2022-03-29,44355,43268,97
2022-03-30,35111,33889,97
2022-03-31,25657,24173,97
2022-04-01,21593,19858,98
2022-04-02,17827,16228,97
2022-04-03,19071,17543,97
2022-04-04,21879,20374,97
2022-04-05,20949,19568,97
2022-04-06,29756,28354,97
2022-04-07,27331,25969,97
2022-04-08,24816,23615,97
2022-04-09,18686,17645,97
2022-04-10,18278,17025,97
2022-04-11,23046,21173,97
2022-04-12,25065,23741,99
2022-04-13,23737,22354,98
2022-04-14,38500,36683,98
2022-04-15,30081,28575,98
2022-04-16,21659,20255,98
2022-04-17,24419,23111,98
2022-04-18,25140,23685,98
2022-04-19,28585,26917,98
2022-04-20,26811,25377,98
2022-04-21,23144,21941,99
2022-04-22,23973,22710,99
2022-04-23,19188,18094,99
2022-04-24,19578,18343,97
2022-04-25,23874,22652,98
2022-04-26,34109,32452,99
2022-04-27,32462,31100,100
2022-04-28,30706,29375,98
2022-04-29,25186,23743,99
2022-04-30,20233,19019,99
2022-05-01,22642,21447,99
2022-05-02,25212,23921,98
2022-05-03,25755,24485,99
2022-05-04,26102,24857,99
2022-05-05,25366,24063,98
2022-05-06,25375,24108,99
2022-05-07,23166,21943,99
2022-05-08,21312,20066,98
2022-05-09,22756,21534,99
2022-05-10,30151,28623,99
2022-05-11,29287,27774,99
2022-05-12,28597,27359,100
2022-05-13,21989,20794,98
2022-05-14,21266,20149,99
2022-05-15,30967,29389,98
2022-05-16,34755,32813,99
2022-05-17,48388,46111,98
2022-05-18,43082,41317,100
2022-05-19,35086,33428,99
2022-05-20,31629,30153,98
2022-05-21,26499,25180,99
2022-05-22,26848,25636,98
2022-05-23,33732,32283,98
2022-05-24,33953,32416,98
2022-05-25,51741,49769,100
2022-05-26,53644,51692,99
2022-05-27,37985,36434,99
2022-05-28,27838,26424,98
2022-05-29,27042,25568,99
2022-05-30,28521,27096,98
2022-05-31,33720,32043,99
2022-06-01,34495,32818,99
2022-06-02,30266,28650,99
2022-06-03,25256,23811,99
2022-06-04,23353,22064,99
2022-06-05,31123,29686,98
2022-06-06,33958,32392,97
2022-06-07,29429,27983,98
2022-06-08,28134,26594,98
2022-06-09,35769,34146,98
2022-06-10,34364,33004,99
2022-06-11,25512,24236,98
2022-06-12,25967,24511,99
2022-06-13,24936,23572,99
2022-06-14,23519,22240,99
2022-06-15,23902,22701,99
2022-06-16,26400,25093,100
2022-06-17,28396,26920,100
2022-06-18,22845,21636,99
2022-06-19,26328,24545,99
2022-06-20,28132,26386,100
2022-06-21,25343,23858,101
2022-06-22,27506,25919,100
2022-06-23,24723,23309,99
2022-06-24,21763,20487,99
2022-06-25,21190,20022,100
2022-06-26,24124,22747,101
2022-06-27,21743,20413,100
2022-06-28,21376,20092,101
2022-06-29,22039,20587,99
2022-06-30,21485,19784,100
2022-07-01,19813,18606,99
2022-07-02,19025,17857,101
2022-07-03,28827,27381,100
2022-07-04,56075,53811,101
2022-07-05,42525,40768,102
2022-07-06,41865,40339,101
2022-07-07,49873,48199,101
2022-07-08,44864,42633,101
2022-07-09,27060,25879,101
2022-07-10,27675,26445,100
2022-07-11,25015,23788,100
2022-07-12,23207,22068,100
2022-07-13,25994,24815,100
2022-07-14,32897,31761,100
2022-07-15,30664,29501,100
2022-07-16,27104,25939,102
2022-07-17,27643,26222,101
2022-07-18,26756,25351,101
2022-07-19,22833,21570,101
2022-07-20,21923,20746,100
2022-07-21,25537,24360,101
2022-07-22,31043,29871,100
2022-07-23,20450,19308,101
2022-07-24,19448,18267,100
2022-07-25,21167,19963,101
2022-07-26,20906,19660,102
2022-07-27,23219,22007,100
2022-07-28,23707,22563,101
2022-07-29,17679,16607,102
2022-07-30,17140,16133,101
2022-07-31,29910,28753,100
2022-08-01,20587,19527,101
2022-08-02,18707,17674,101
2022-08-03,22225,21020,101
2022-08-04,64551,62754,101
2022-08-05,50324,48656,101
2022-08-06,33374,32131,102
2022-08-07,32468,31200,100
2022-08-08,93322,91778,100
2022-08-09,64681,63338,100
2022-08-10,32805,31570,100
2022-08-11,26153,24979,100
2022-08-12,24885,23779,100
2022-08-13,34761,33617,100
2022-08-14,27283,26229,101
2022-08-15,25162,23957,100
2022-08-16,35410,34361,101
2022-08-17,22471,21330,100
2022-08-18,21958,20907,101
2022-08-19,20613,19567,102
2022-08-20,19031,18139,101
2022-08-21,19456,18401,100
2022-08-22,23364,22351,101
2022-08-23,35500,34225,100
2022-08-24,36925,35670,101
2022-08-25,24530,23450,101
2022-08-26,20590,19493,100
2022-08-27,17263,16337,101
2022-08-28,18834,17694,101
2022-08-29,20497,19373,102
2022-08-30,20980,19923,100
2022-08-31,19405,18392,101
2022-09-01,21405,20430,102
2022-09-02,19537,18580,102
2022-09-03,18857,17865,102
2022-09-04,19988,18824,102
2022-09-05,20112,19118,103
2022-09-06,20482,19374,102
2022-09-07,20182,19083,101
2022-09-08,23037,22014,101
2022-09-09,19813,18853,101
2022-09-10,18330,17418,103
2022-09-11,21313,20343,102
2022-09-12,21015,20030,102
2022-09-13,19934,18941,102
2022-09-14,20824,19790,101
2022-09-15,21203,20196,102
2022-09-16,20302,19273,101
2022-09-17,17646,16703,101
2022-09-18,18786,17857,102
2022-09-19,21129,19985,101
2022-09-20,21980,20914,102
2022-09-21,22322,21215,104
2022-09-22,21578,20548,103
2022-09-23,24341,23311,102
2022-09-24,43387,42283,101
2022-09-25,34051,32994,101
2022-09-26,24791,23722,102
2022-09-27,22912,21830,102
2022-09-28,21406,20332,102
2022-09-29,19690,18690,102
2022-09-30,20025,19026,102
2022-10-01,15816,14967,102
2022-10-02,17067,16101,103
2022-10-03,18572,17523,102
2022-10-04,18544,17585,102
2022-10-05,19110,18002,103
2022-10-06,20933,19820,102
2022-10-07,21206,20095,102
2022-10-08,21459,20390,101
2022-10-09,18491,17400,101
2022-10-10,21183,20086,102
2022-10-11,21815,20548,101
2022-10-12,22392,21165,102
2022-10-13,23793,22632,101
2022-10-14,22370,21252,102
2022-10-15,17367,16338,102
2022-10-16,23505,22371,103
2022-10-17,31346,30050,102
2022-10-18,29885,28757,101
2022-10-19,33009,31815,102
2022-10-20,27586,26492,101
2022-10-21,24112,22931,102
2022-10-22,20200,19177,103
2022-10-23,22364,21322,103
2022-10-24,26113,24997,102
2022-10-25,26105,24797,102
2022-10-26,27069,25880,102
2022-10-27,25636,24443,103
2022-10-28,21474,20473,102
2022-10-29,18406,17404,101
2022-10-30,20108,18917,101
2022-10-31,22730,21603,101
2022-11-01,20622,19521,101
2022-11-02,19455,18316,101
2022-11-03,20178,18970,101
2022-11-04,22429,21366,101
2022-11-05,25700,24708,101
2022-11-06,17521,16553,101
2022-11-07,20504,19465,103
2022-11-08,20900,19711,102
2022-11-09,19819,18540,101
2022-11-10,19801,18655,101
2022-11-11,17983,16857,102
2022-11-12,15680,14626,102
2022-11-13,16788,15758,101
2022-11-14,19208,18075,101
2022-11-15,18648,17429,101
2022-11-16,19208,18046,101
2022-11-17,23634,22522,102
2022-11-18,26819,25892,101
2022-11-19,23480,22566,102
2022-11-20,21483,20439,103
2022-11-21,21557,20417,102
2022-11-22,22711,21678,103
2022-11-23,29806,28580,102
2022-11-24,25313,24219,101
2022-11-25,18241,17134,103
2022-11-26,17452,16422,101
2022-11-27,18752,17506,102
2022-11-28,20724,19512,102
2022-11-29,23208,21901,102
2022-11-30,21538,20324,102
2022-12-01,20111,18837,102
2022-12-02,17607,16546,102
2022-12-03,15655,14398,101
2022-12-04,17574,16442,103
2022-12-05,29727,28545,101
2022-12-06,26127,24884,101
2022-12-07,27892,26348,102
2022-12-08,23812,22598,103
2022-12-09,23073,22033,102
2022-12-10,21724,20697,101
2022-12-11,18608,17702,101
2022-12-12,24513,23233,102
2022-12-13,24577,23464,102
2022-12-14,24942,23898,102
2022-12-15,42320,41222,101
2022-12-16,43421,42198,102
2022-12-17,27178,26112,101
2022-12-18,20348,19156,102
2022-12-19,18500,17457,101
2022-12-20,23788,22649,101
2022-12-21,26306,25190,101
2022-12-22,17330,16259,102
2022-12-23,16027,15145,101
2022-12-24,14924,14021,102
2022-12-25,13167,12235,101
2022-12-26,15668,14723,103
2022-12-27,17797,16785,102
2022-12-28,17361,16335,101
2022-12-29,17340,16226,101
2022-12-30,18284,17285,101
2022-12-31,16762,15755,101
2023-01-01,16465,15497,102
2023-01-02,19363,18176,101
2023-01-03,18160,16901,101
2023-01-04,18202,17020,101
2023-01-05,18747,17687,101
2023-01-06,20387,19192,101
2023-01-07,19549,18270,101
2023-01-08,20032,18843,102
2023-01-09,20825,19690,102
2023-01-10,21220,20065,101
2023-01-11,20913,19507,101
2023-01-12,23299,21756,101
2023-01-13,36691,35456,103
2023-01-14,36820,35778,103
2023-01-15,32771,31533,103
2023-01-16,27969,26720,105
2023-01-17,25249,24083,103
2023-01-18,26715,25528,104
2023-01-19,27449,26231,104
2023-01-20,23984,22925,102
2023-01-21,29436,28223,103
2023-01-22,26621,25396,105
2023-01-23,25566,24295,105
2023-01-24,32359,31043,104
2023-01-25,33877,32694,103
2023-01-26,148172,146068,103
2023-01-27,291156,287740,103
2023-01-28,728790,719418,104
2023-01-29,319454,263293,103
2023-01-30,214928,182479,103
2023-01-31,134385,121497,104
2023-02-01,117329,110628,104
2023-02-02,96530,92495,103
2023-02-03,52509,50318,103
2023-02-04,40570,38492,103
2023-02-05,36044,34028,103
2023-02-06,35191,33169,104
2023-02-07,31323,29363,104
2023-02-08,54452,50954,104
2023-02-09,31935,29931,105
2023-02-10,26828,25357,103
2023-02-11,24167,22872,103
2023-02-12,21412,20178,103
2023-02-13,23658,22148,103
2023-02-14,26739,25202,103
2023-02-15,31038,29491,103
2023-02-16,28489,27077,103
2023-02-17,31590,30131,103
2023-02-18,23739,22472,104
2023-02-19,22249,21005,103
2023-02-20,20416,19195,104
2023-02-21,21343,20110,103
2023-02-22,22393,21078,106
2023-02-23,23638,22391,103
2023-02-24,22686,21511,104
2023-02-25,19825,18601,104
2023-02-26,22622,21324,103
2023-02-27,24950,23528,103
2023-02-28,24577,23186,104
2023-03-01,24028,22746,103
2023-03-02,22949,21676,103
2023-03-03,24687,23492,104
2023-03-04,19364,18138,104
2023-03-05,19438,18213,105
2023-03-06,22505,21151,105
2023-03-07,21769,20319,103
2023-03-08,27672,26329,103
2023-03-09,28151,26635,103
2023-03-10,21177,19874,104
2023-03-11,20486,19234,103
2023-03-12,18817,17678,103
2023-03-13,23833,22089,103
2023-03-14,25150,23877,103
2023-03-15,22201,21012,104
2023-03-16,19431,18221,103
2023-03-17,18825,17558,104
2023-03-18,16091,15043,105
2023-03-19,18965,17826,104
2023-03-20,21022,19767,103
2023-03-21,20008,18740,105
2023-03-22,19666,18485,103
2023-03-23,19250,17974,104
2023-03-24,18848,17741,103
2023-03-25,17178,16070,105
2023-03-26,28980,27776,104
2023-03-27,21017,19853,103
2023-03-28,20848,19584,103
2023-03-29,20595,19335,103
2023-03-30,22369,21059,104
2023-03-31,19676,18409,103
2023-04-01,15391,14308,104
2023-04-02,15948,14863,103
2023-04-03,18263,17180,104
2023-04-04,19685,18329,105
2023-04-05,19043,17710,104
2023-04-06,17941,16730,103
2023-04-07,18669,17085,104
2023-04-08,18079,16806,103
2023-04-09,16316,15272,105
2023-04-10,21832,20441,103
2023-04-11,23365,21389,105
2023-04-12,21379,19812,104
2023-04-13,19623,18395,103
2023-04-14,18610,17443,106
2023-04-15,16855,15807,103
2023-04-16,17977,16731,104
2023-04-17,37674,36035,103
2023-04-18,42372,40440,104
2023-04-19,36560,34953,104
2023-04-20,32319,30877,103
2023-04-21,27073,25889,104
2023-04-22,21054,19932,103
2023-04-23,21151,19898,105
2023-04-24,37096,35749,104
2023-04-25,32976,31722,104
2023-04-26,24148,22984,104
2023-04-27,21692,20446,104
2023-04-28,19547,18438,103
2023-04-29,16636,15545,104
2023-04-30,17554,16418,105
2023-05-01,20531,19385,104
2023-05-02,26113,24942,105
2023-05-03,23733,22388,104
2023-05-04,27681,25949,104
2023-05-05,24487,23255,105
2023-05-06,18025,16983,104
2023-05-07,20297,19187,105
2023-05-08,29386,28133,104
2023-05-09,38955,37797,104
2023-05-10,21898,20763,104
2023-05-11,18610,17558,107
2023-05-12,19954,18860,104
2023-05-13,16639,15531,104
2023-05-14,18540,17506,105
2023-05-15,20690,19523,104
2023-05-16,19969,18857,104
2023-05-17,19037,17702,104
2023-05-18,19821,18391,104
2023-05-19,18438,16825,105
2023-05-20,18569,16732,105
2023-05-21,19902,17971,104
2023-05-22,22069,20078,104
2023-05-23,21414,19696,104
2023-05-24,24035,22448,104
2023-05-25,44254,42502,105
2023-05-26,34903,33296,105
2023-05-27,22576,21111,104
2023-05-28,20721,19241,104
2023-05-29,20272,18721,104
2023-05-30,20682,19057,104
2023-05-31,19688,18187,105
2023-06-01,18911,17421,104
2023-06-02,18002,16559,104
2023-06-03,18541,17202,105
2023-06-04,18575,17117,104
2023-06-05,21322,19721,104
2023-06-06,21471,19907,104
2023-06-07,22029,20329,104
2023-06-08,18568,17010,104
2023-06-09,17173,15752,104
2023-06-10,15821,14515,104
2023-06-11,17691,16260,104
2023-06-12,19673,18170,104
2023-06-13,19091,17566,105
2023-06-14,18979,17538,105
2023-06-15,17751,16317,107
2023-06-16,22206,20717,105
2023-06-17,19466,18022,105
2023-06-18,20389,18844,105
2023-06-19,25065,22744,105
2023-06-20,20467,18885,105
2023-06-21,18167,16597,105
2023-06-22,17874,16503,105
2023-06-23,18743,17285,106
2023-06-24,16748,15396,104
2023-06-25,22121,20739,105
2023-06-26,20688,19207,104
2023-06-27,19107,17665,104
2023-06-28,18738,17242,105
2023-06-29,18830,17348,105
2023-06-30,21150,19778,103
2023-07-01,20275,18728,104
2023-07-02,21976,20334,104
2023-07-03,19701,18065,104
2023-07-04,18682,17158,104
2023-07-05,17401,15892,104
2023-07-06,20070,18664,104
2023-07-07,18746,17217,104
2023-07-08,17212,15695,105
2023-07-09,16308,14672,104
2023-07-10,18490,16828,105
2023-07-11,16396,14883,104
2023-07-12,18426,16957,104
2023-07-13,19013,17319,106
2023-07-14,17516,16114,105
2023-07-15,15374,14008,104
2023-07-16,15467,14138,105
2023-07-17,17448,15880,106
2023-07-18,18221,16736,105
2023-07-19,17400,15923,106
2023-07-20,20840,19459,105
2023-07-21,20790,19494,106
2023-07-22,20988,19539,106
2023-07-23,29511,27982,107
2023-07-24,24418,22877,106
2023-07-25,22878,21215,105
2023-07-26,18816,17299,106
2023-07-27,21676,20232,105
2023-07-28,18254,17013,105
2023-07-29,15648,14338,106
2023-07-30,22338,21044,105
2023-07-31,20413,19096,105
2023-08-01,17948,16529,106
2023-08-02,17752,16447,105
2023-08-03,16852,15558,107
2023-08-04,23727,22324,105
2023-08-05,18770,17522,106
2023-08-06,19641,18251,106
2023-08-07,28401,26834,106
2023-08-08,26914,25495,106
2023-08-09,24349,22707,105
2023-08-10,25586,24046,106
2023-08-11,23524,22211,106
2023-08-12,21861,20552,107
2023-08-13,20323,19032,106
2023-08-14,21703,20318,106
2023-08-15,19624,18095,107
2023-08-16,20551,19121,106
2023-08-17,26236,24766,106
2023-08-18,25440,23995,106
2023-08-19,18078,16777,106
2023-08-20,17773,16367,107
2023-08-21,19581,18079,106
2023-08-22,18969,17323,107
2023-08-23,18046,16501,107
2023-08-24,17608,16064,106
2023-08-25,16482,15146,106
2023-08-26,16452,15195,106
2023-08-27,16168,14832,107
2023-08-28,17624,16192,106
2023-08-29,18221,16757,107
2023-08-30,17699,16318,106
2023-08-31,17610,16283,106
2023-09-01,18636,17361,107
2023-09-02,22221,20824,107
2023-09-03,17230,15958,105
2023-09-04,17121,15768,107
2023-09-05,17699,16357,105
2023-09-06,18473,17102,106
2023-09-07,19874,18410,106
2023-09-08,17998,16530,108
2023-09-09,16616,15264,107
2023-09-10,16852,15611,108
2023-09-11,17737,16433,107
2023-09-12,26618,25185,108
2023-09-13,28504,26901,107
2023-09-14,21972,20574,108
2023-09-15,19032,17731,107
2023-09-16,17771,16530,108
2023-09-17,17365,16119,108
2023-09-18,19806,18495,110
2023-09-19,19270,17834,110
2023-09-20,21094,19680,109
2023-09-21,21815,20464,110
2023-09-22,18247,16931,110
2023-09-23,16647,15483,110
2023-09-24,25563,24348,109
2023-09-25,24304,22949,110
2023-09-26,27818,26412,109
2023-09-27,30377,28645,110
2023-09-28,24779,23237,110
2023-09-29,21629,20242,110
2023-09-30,20377,19089,110
2023-10-01,20332,19080,109
2023-10-02,19238,17993,109
2023-10-03,17845,16540,109
2023-10-04,19088,17672,110
2023-10-05,18788,17411,109
2023-10-06,17532,16112,109
2023-10-07,16379,15132,109
2023-10-08,15018,13857,110
2023-10-09,17555,16190,109
2023-10-10,19586,18284,109
2023-10-11,17380,16083,110
2023-10-12,21779,20478,109
2023-10-13,37216,35941,108
2023-10-14,19509,18401,108
2023-10-15,16998,15834,109
2023-10-16,17440,16155,110
2023-10-17,17650,16392,109
2023-10-18,17560,16287,110
2023-10-19,17671,16434,110
2023-10-20,16892,15785,109
2023-10-21,21820,20407,109
2023-10-22,22174,20455,108
2023-10-23,21348,19775,109
2023-10-24,20670,19045,109
2023-10-25,20945,19337,108
2023-10-26,19416,17917,109
2023-10-27,18368,16958,109
2023-10-28,16196,14925,109
2023-10-29,17290,16146,109
2023-10-30,18870,17395,110
2023-10-31,18332,16951,109
2023-11-01,17741,16311,109
2023-11-02,23996,22501,109
2023-11-03,20191,18798,109
2023-11-04,14836,13602,109
2023-11-05,15530,14143,110
2023-11-06,23274,21477,109
2023-11-07,40274,38372,110
2023-11-08,27503,25838,109
2023-11-09,21555,19976,108
2023-11-10,19119,17689,109
2023-11-11,15377,14033,109
2023-11-12,15508,14186,110
2023-11-13,17920,16400,111
2023-11-14,18827,17543,111
2023-11-15,19452,18172,110
2023-11-16,21442,20102,111
2023-11-17,21180,19825,111
2023-11-18,15185,13976,110
2023-11-19,16122,14908,111
2023-11-20,20284,18894,110
2023-11-21,25861,24343,110
2023-11-22,19094,17720,110
2023-11-23,21721,20360,111
2023-11-24,15928,14768,110
2023-11-25,90807,89019,111
2023-11-26,46018,44626,111
2023-11-27,33759,32294,111
2023-11-28,28560,26942,112
2023-11-29,26576,25149,112
2023-11-30,24640,23202,111
2023-12-01,24392,22945,112
2023-12-02,40615,39256,111
2023-12-03,23009,21791,112
2023-12-04,26465,25073,111
2023-12-05,23420,22024,112
2023-12-06,22372,21000,112
2023-12-07,20124,18705,111
2023-12-08,17987,16687,111
2023-12-09,16731,15516,112
2023-12-10,19925,18560,112
2023-12-11,29513,28043,111
2023-12-12,22542,21166,112
2023-12-13,20691,19324,111
2023-12-14,20254,18790,112
2023-12-15,18768,17422,110
2023-12-16,15979,14674,111
2023-12-17,18794,17380,111
2023-12-18,19080,17577,111
2023-12-19,17883,16548,112
2023-12-20,16934,15503,111
2023-12-21,19127,17778,111
2023-12-22,27713,26422,111
2023-12-23,78352,76065,111
2023-12-24,28519,27222,111
2023-12-25,19003,17724,111
2023-12-26,17951,16650,111
2023-12-27,17442,16022,112
2023-12-28,18575,17109,112
2023-12-29,20446,19063,112
2023-12-30,19643,18211,112
2023-12-31,17428,16044,110
2024-01-01,15768,14350,111
2024-01-02,17279,15601,111
2024-01-03,19547,18027,112
2024-01-04,17852,16385,111
2024-01-05,19465,17915,112
2024-01-06,24413,22888,112
2024-01-07,21946,20330,111
2024-01-08,20192,18721,112
2024-01-09,18947,17395,111
2024-01-10,19254,17729,111
2024-01-11,20151,18561,111
2024-01-12,18288,16761,111
2024-01-13,23779,22527,111
2024-01-14,22023,20452,110
2024-01-15,19710,18166,110
2024-01-16,27437,25829,111
2024-01-17,25206,23647,110
2024-01-18,31734,30266,111
2024-01-19,22097,20726,111
2024-01-20,16973,15589,112
2024-01-21,18943,17341,112
2024-01-22,19651,18051,112
2024-01-23,20015,18372,111
2024-01-24,19660,18070,112
2024-01-25,21091,19385,112
2024-01-26,18097,16517,111
2024-01-27,16328,14869,111
2024-01-28,17500,15924,110
2024-01-29,20322,18783,110
2024-01-30,22249,20585,111
2024-01-31,20803,19201,112
2024-02-01,20263,18766,111
2024-02-02,19312,17776,111
2024-02-03,16234,14785,112
2024-02-04,18072,16468,113
2024-02-05,20744,18676,112
2024-02-06,20704,18991,113
2024-02-07,24438,22831,113
2024-02-08,23803,22242,112
2024-02-09,19406,18111,113
2024-02-10,16865,15607,111
2024-02-11,23931,22203,112
2024-02-12,21366,19790,113
2024-02-13,20925,19537,112
2024-02-14,21112,19708,113
2024-02-15,20197,18856,113
2024-02-16,18642,17266,112
2024-02-17,16437,15085,112
2024-02-18,17592,16207,113
2024-02-19,19638,18154,111
2024-02-20,20451,18994,112
2024-02-21,20277,18632,112
2024-02-22,20643,19141,112
2024-02-23,22469,21082,113
2024-02-24,19069,17745,113
2024-02-25,18100,16786,112
2024-02-26,21647,20304,113
2024-02-27,22396,20909,111
2024-02-28,21358,19980,112
2024-02-29,19958,18704,111
2024-03-01,25404,23989,113
2024-03-02,46043,44382,112
2024-03-03,22413,20846,113
2024-03-04,21641,20205,112
2024-03-05,21327,20047,113
2024-03-06,19773,18395,112
2024-03-07,20265,18926,113
2024-03-08,18747,17461,111
2024-03-09,16225,15049,112
2024-03-10,17124,15872,112
2024-03-11,19165,17727,111
2024-03-12,19898,18498,112
2024-03-13,21994,20518,113
2024-03-14,22858,21459,113
2024-03-15,25907,24658,110
2024-03-16,29719,28517,112
2024-03-17,18018,16615,113
2024-03-18,19266,17838,112
2024-03-19,19618,18202,113
2024-03-20,19198,17869,113
2024-03-21,22109,20599,113
2024-03-22,19863,18354,112
2024-03-23,16847,15429,112
2024-03-24,16589,15248,111
2024-03-25,18498,17010,112
2024-03-26,19759,17188,112
2024-03-27,21296,19266,112
2024-03-28,19404,17755,112
2024-03-29,17441,16014,112
2024-03-30,15335,13911,113
2024-03-31,14617,13450,112
2024-04-01,18830,17450,112
2024-04-02,21582,20260,113
2024-04-03,22337,20955,112
2024-04-04,21411,20068,112
2024-04-05,19661,18284,112
2024-04-06,16259,14927,112
2024-04-07,16372,15121,112
2024-04-08,18209,16899,112
2024-04-09,19692,18392,112
2024-04-10,20319,18934,112
2024-04-11,23674,21610,113
2024-04-12,21967,20458,114
2024-04-13,17412,16144,113
2024-04-14,17692,16261,114
2024-04-15,20075,18665,113
2024-04-16,22656,21184,113
2024-04-17,23608,22129,113
2024-04-18,21210,19884,113
2024-04-19,19846,18400,113
2024-04-20,17421,16100,113
2024-04-21,19001,17605,114
2024-04-22,19837,18375,113
2024-04-23,18966,17589,113
2024-04-24,18665,17202,113
2024-04-25,19940,18618,114
2024-04-26,25485,24180,113
2024-04-27,28622,27199,113
2024-04-28,25906,24565,113
2024-04-29,22905,21327,114
2024-04-30,21587,19849,112
2024-05-01,20851,19377,114
2024-05-02,20904,19512,113
2024-05-03,19166,17770,114
2024-05-04,15711,14363,113
2024-05-05,17579,16277,114
2024-05-06,19664,18227,113
2024-05-07,19003,17728,114
2024-05-08,20960,19557,114
2024-05-09,23662,22056,113
2024-05-10,21566,20050,114
2024-05-11,17224,15714,112
2024-05-12,16539,15228,113
2024-05-13,20838,19415,113
2024-05-14,19300,17946,113
2024-05-15,18443,17081,113
2024-05-16,19990,18652,113
2024-05-17,28083,25751,114
2024-05-18,20372,18906,113
2024-05-19,18547,17254,113
2024-05-20,23189,21584,114
2024-05-21,27019,25367,112
2024-05-22,26219,24502,114
2024-05-23,33003,31479,113
2024-05-24,29416,27957,114
2024-05-25,50512,49059,113
2024-05-26,51630,49988,113
2024-05-27,33167,31641,114
2024-05-28,28680,27234,114
2024-05-29,24981,23527,113
2024-05-30,22180,20854,114
2024-05-31,20514,19275,113
2024-06-01,17996,16699,112
2024-06-02,20264,18927,114
2024-06-03,27281,25863,113
2024-06-04,26479,25114,113
2024-06-05,26533,25110,114
2024-06-06,23268,21983,114
2024-06-07,21762,20521,113
2024-06-08,18943,17828,114
2024-06-09,19657,18421,113
2024-06-10,19738,18476,113
2024-06-11,22778,21603,114
2024-06-12,20210,18924,113
2024-06-13,25993,24857,112
2024-06-14,22510,21391,113
2024-06-15,17315,16245,113
2024-06-16,18156,16997,113
2024-06-17,17944,16627,114
2024-06-18,19046,17659,114
2024-06-19,25275,23359,113
2024-06-20,20334,19008,113
2024-06-21,17275,16129,113
2024-06-22,16921,15723,114
2024-06-23,17422,16054,113
2024-06-24,17801,16502,113
2024-06-25,20296,19074,114
2024-06-26,21472,20094,114
2024-06-27,19666,18414,113
2024-06-28,17454,16354,113
2024-06-29,15499,14316,114
2024-06-30,16381,15187,113
2024-07-01,17140,15897,113
2024-07-02,19566,18236,114
2024-07-03,16691,15298,114
2024-07-04,16730,15550,115
2024-07-05,29958,28746,114
2024-07-06,28106,26899,114
2024-07-07,19179,17778,114
2024-07-08,17672,16190,114
2024-07-09,17013,15481,115
2024-07-10,16946,15256,114
2024-07-11,17417,16003,113
2024-07-12,18374,17062,114
2024-07-13,18406,16769,115
2024-07-14,20645,19208,114
2024-07-15,18021,16593,114
2024-07-16,16906,15549,114
2024-07-17,22529,20748,114
2024-07-18,19315,17988,113
2024-07-19,16640,15434,113
2024-07-20,16047,14903,113
2024-07-21,16104,14877,113
2024-07-22,17834,16481,114
2024-07-23,38667,36562,114
2024-07-24,53440,50773,114
2024-07-25,43851,41854,115
2024-07-26,30560,28817,114
2024-07-27,23372,21922,114
2024-07-28,23434,21841,113
2024-07-29,24547,22790,114
2024-07-30,24714,23340,114
2024-07-31,19354,18098,114
2024-08-01,18488,17123,113
2024-08-02,18968,17701,114
2024-08-03,17934,16693,114
2024-08-04,18075,16172,113
2024-08-05,18173,16842,114
2024-08-06,31119,29530,113
2024-08-07,31871,29907,113
2024-08-08,25148,23619,114
2024-08-09,42356,40277,114
2024-08-10,35250,33623,114
2024-08-11,27825,26125,113
2024-08-12,23742,22344,114
2024-08-13,24088,22625,114
2024-08-14,27358,25758,114
2024-08-15,23080,21787,114
2024-08-16,18723,17510,114
2024-08-17,19978,18813,114
2024-08-18,19205,17883,114
2024-08-19,17833,16545,115
2024-08-20,22438,21120,114
2024-08-21,23666,22307,114
2024-08-22,20468,19000,114
2024-08-23,31771,30338,114
2024-08-24,32846,31440,113
2024-08-25,23954,22433,114
2024-08-26,20469,19190,114
2024-08-27,18244,16970,114
2024-08-28,18746,17464,114
2024-08-29,18462,17137,114
2024-08-30,20313,18999,114
2024-08-31,15609,14496,114
2024-09-01,16207,15005,115
2024-09-02,16410,15273,114
2024-09-03,16787,15308,115
2024-09-04,28157,27025,114
2024-09-05,25180,24022,114
2024-09-06,21697,20568,114
2024-09-07,17576,16519,114
2024-09-08,17998,16806,114
2024-09-09,26133,24729,114
2024-09-10,23246,22038,114
2024-09-11,20794,19630,114
2024-09-12,20027,18806,114
2024-09-13,19644,18379,114
2024-09-14,22375,21135,114
2024-09-15,24315,23150,115
2024-09-16,23240,21959,114
2024-09-17,22594,21448,114
2024-09-18,20896,19700,114
2024-09-19,18091,16865,115
2024-09-20,35587,28687,115
2024-09-21,23822,19466,115
2024-09-22,19558,16899,115
2024-09-23,20442,18019,116
2024-09-24,19965,17964,115
2024-09-25,21554,19787,115
2024-09-26,21352,19161,115
2024-09-27,18446,16913,115
2024-09-28,15109,13730,115
2024-09-29,15223,13486,115
2024-09-30,17692,15975,116
2024-10-01,17809,16212,115
2024-10-02,19882,18494,115
2024-10-03,26083,24788,114
2024-10-04,32996,31658,115
2024-10-05,20017,18927,115
2024-10-06,18804,17610,115
2024-10-07,21577,20351,115
2024-10-08,44449,42643,115
2024-10-09,19641,18481,115
2024-10-10,23020,21822,116
2024-10-11,17005,15886,115
2024-10-12,15329,14265,115
2024-10-13,16609,15484,115
2024-10-14,19996,18889,115
2024-10-15,24612,23460,115
2024-10-16,27410,26092,116
2024-10-17,21037,19806,116
2024-10-18,20406,19267,116
2024-10-19,15831,14808,115
2024-10-20,17456,16371,115
2024-10-21,22420,21225,116
2024-10-22,21800,20662,116
2024-10-23,18828,17586,115
2024-10-24,18850,17748,116
2024-10-25,17276,16101,115
2024-10-26,14061,13061,115
2024-10-27,15910,14845,115
2024-10-28,19121,17878,115
2024-10-29,18725,17532,116
2024-10-30,18621,17492,115
2024-10-31,16740,15582,115
2024-11-01,15703,14691,115
2024-11-02,34172,32926,115
2024-11-03,25742,24482,116
2024-11-04,27258,25619,116
2024-11-05,24532,22214,116
2024-11-06,25260,23931,116
2024-11-07,21440,20227,115
2024-11-08,20462,19218,115
2024-11-09,31307,29962,116
2024-11-10,18626,17562,116
2024-11-11,18270,17058,116
2024-11-12,19166,17774,116
2024-11-13,20280,19065,115
2024-11-14,18198,17063,115
2024-11-15,17220,16020,114
2024-11-16,14464,13296,115
2024-11-17,15675,14485,115
2024-11-18,17831,16492,115
2024-11-19,18031,16828,115
2024-11-20,17493,16204,115
2024-11-21,18628,17401,115
2024-11-22,19923,18576,115
2024-11-23,18438,17369,115
2024-11-24,16173,14934,115
2024-11-25,17176,16060,116
2024-11-26,17513,16284,116
2024-11-27,16643,15554,115
2024-11-28,14984,13985,115
2024-11-29,14741,13687,115
2024-11-30,13810,12718,115
2024-12-01,16720,15613,115
2024-12-02,22507,21251,115
2024-12-03,25269,23913,116
2024-12-04,19175,18037,116
2024-12-05,19653,18554,116
2024-12-06,20023,18794,115
2024-12-07,17961,16781,116
2024-12-08,16165,15182,115
2024-12-09,22754,21419,115
2024-12-10,24642,23329,115
2024-12-11,22633,21356,116
2024-12-12,23465,22350,115
2024-12-13,21805,20694,115
2024-12-14,17413,16456,115
2024-12-15,17573,16501,116
2024-12-16,18613,17484,116
2024-12-17,19517,18396,115
2024-12-18,20965,19648,115
2024-12-19,18751,17534,115
2024-12-20,17387,16240,116
2024-12-21,17259,16088,115
2024-12-22,16851,15798,115
2024-12-23,17374,15901,115
2024-12-24,18581,17106,115
2024-12-25,15258,14069,116
2024-12-26,16446,15232,116
2024-12-27,16729,15598,115
2024-12-28,18280,17073,115
2024-12-29,18968,17871,115
2024-12-30,20161,18767,116
2024-12-31,16492,15280,116
