name,article,category,in_registry,death_date
16th Street NW,16th_Street_NW,Black Lives Matter,False,
1980 Miami riots,1980_Miami_riots,Deaths in police custody in the United States,False,
2002 Los Angeles International Airport shooting,2002_Los_Angeles_International_Airport_shooting,African people shot dead by law enforcement officers in the United States,False,
2009 Lakewood shooting,2009_Lakewood_shooting,African Americans shot dead by law enforcement officers in the United States,False,
"2012 Anaheim, California police shooting and protests","2012_Anaheim,_California_police_shooting_and_protests",Hispanic and Latino American people shot dead by law enforcement officers in California,False,
2012 Empire State Building shooting,2012_Empire_State_Building_shooting,Asian people shot dead by law enforcement officers in New York (state),False,
2015 Baltimore protests,2015_Baltimore_protests,Black Lives Matter,False,
2015 Boston beheading plot,2015_Boston_beheading_plot,African Americans shot dead by law enforcement officers in the United States,False,
2015 Chicago White Sox–Baltimore Orioles crowdless game,2015_Chicago_White_Sox–Baltimore_Orioles_crowdless_game,Killing of Freddie Gray,False,
2016 Ohio State University attack,2016_Ohio_State_University_attack,People shot dead by law enforcement officers in the United States,False,
2016 Ohio restaurant machete attack,2016_Ohio_restaurant_machete_attack,People shot dead by law enforcement officers in the United States,False,
"2016 St. Cloud, Minnesota knife attack","2016_St._Cloud,_Minnesota_knife_attack",People shot dead by law enforcement officers in the United States,False,
2017 Marathon County shootings,2017_Marathon_County_shootings,Asian people shot dead by law enforcement officers in the United States,False,
2020 American athlete strikes,2020_American_athlete_strikes,Black Lives Matter,False,
2020 Minneapolis false rumors riot,2020_Minneapolis_false_rumors_riot,Black Lives Matter,False,
2020 Minneapolis park encampments,2020_Minneapolis_park_encampments,2020 United States racial unrest,False,
2020 deployment of federal forces in the United States,2020_deployment_of_federal_forces_in_the_United_States,2020 United States racial unrest,False,
2020–2023 Minneapolis–Saint Paul racial unrest,2020–2023_Minneapolis–Saint_Paul_racial_unrest,Black Lives Matter,False,
2021 Minneapolis Question 2,2021_Minneapolis_Question_2,Black Lives Matter,False,
2021 Uptown Minneapolis unrest,2021_Uptown_Minneapolis_unrest,2021 United States racial unrest,False,
2022 Normandale Park shooting,2022_Normandale_Park_shooting,Black Lives Matter,False,
"2023 Allen, Texas mall shooting","2023_Allen,_Texas_mall_shooting",Hispanic and Latino American people shot dead by law enforcement officers in Texas,False,
8 minutes 46 seconds,8_minutes_46_seconds,Murder of George Floyd,False,
8:46 (special),8:46_(special),Murder of George Floyd,False,
A Surge of Power (Jen Reid) 2020,A_Surge_of_Power_(Jen_Reid)_2020,Black Lives Matter art,False,
Aalayah Eastmond,Aalayah_Eastmond,Black Lives Matter people,False,
Alicia Garza,Alicia_Garza,Black Lives Matter people,False,
All American Boys,All_American_Boys,Black Lives Matter art,False,
All Lives Matter,All_Lives_Matter,Black Lives Matter,False,
Alright (Kendrick Lamar song),Alright_(Kendrick_Lamar_song),Black Lives Matter art,False,
Andrew Goodman (activist),Andrew_Goodman_(activist),People murdered by law enforcement officers in the United States,False,
Angel Down (song),Angel_Down_(song),Black Lives Matter art,False,
Angela Atwood,Angela_Atwood,People killed by law enforcement officers in the United States,False,
Antonia Martínez,Antonia_Martínez,Hispanic and Latino American people shot dead by law enforcement officers in the United States,False,
"Asbury United Methodist Church (Washington, D.C.)","Asbury_United_Methodist_Church_(Washington,_D.C.)",Black Lives Matter,False,
Assa Traoré,Assa_Traoré,Black Lives Matter people,False,
Assata's Daughters,Assata's_Daughters,Black Lives Matter,False,
Ayọ Tometi,Ayọ_Tometi,Black Lives Matter people,False,
BAMN,BAMN,Black Lives Matter,False,
BREATHE Act,BREATHE_Act,Black Lives Matter,False,
BYP100,BYP100,Black Lives Matter,False,
Bad News: How Woke Media Is Undermining Democracy,Bad_News:_How_Woke_Media_Is_Undermining_Democracy,Works about woke,False,
Baltimore Rising,Baltimore_Rising,Killing of Freddie Gray,False,
Bars4Justice,Bars4Justice,Killing of Michael Brown,False,
"Bear Witness, Take Action","Bear_Witness,_Take_Action",Black Lives Matter,False,
"Bear Witness, Take Action 2: Continuing the Movement","Bear_Witness,_Take_Action_2:_Continuing_the_Movement",Black Lives Matter,False,
Benjamin Crump,Benjamin_Crump,Black Lives Matter people,False,
Beyoncé,Beyoncé,Black Lives Matter people,False,
Bird Names for Birds,Bird_Names_for_Birds,Black Lives Matter,False,
Black Alliance for Peace,Black_Alliance_for_Peace,Black Lives Matter,False,
Black Birders Week,Black_Birders_Week,Black Lives Matter,False,
Black Feminist Future,Black_Feminist_Future,Black Lives Matter,False,
Black In Neuro,Black_In_Neuro,Black Lives Matter,False,
Black Justice League,Black_Justice_League,Black Lives Matter,False,
Black Lives Matter,Black_Lives_Matter,Black Lives Matter,False,
Black Lives Matter Global Network Foundation,Black_Lives_Matter_Global_Network_Foundation,Black Lives Matter,False,
Black Lives Matter Memorial Fence,Black_Lives_Matter_Memorial_Fence,Black Lives Matter art in the United States,False,
Black Lives Matter Plaza,Black_Lives_Matter_Plaza,Black Lives Matter art in the United States,False,
Black Lives Matter art,Black_Lives_Matter_art,Black Lives Matter art,False,
Black Lives Matter art in New York City,Black_Lives_Matter_art_in_New_York_City,Black Lives Matter art in the United States,False,
"Black Lives Matter art in Portland, Oregon","Black_Lives_Matter_art_in_Portland,_Oregon",Black Lives Matter art in the United States,False,
Black Lives Matter movement in popular culture,Black_Lives_Matter_movement_in_popular_culture,Black Lives Matter,False,
Black Lives Matter protests in New York City,Black_Lives_Matter_protests_in_New_York_City,Black Lives Matter,False,
"Black Lives Matter street mural (Capitol Hill, Seattle)","Black_Lives_Matter_street_mural_(Capitol_Hill,_Seattle)",Black Lives Matter art in the United States,False,
Black Lives Matter street mural (Cincinnati),Black_Lives_Matter_street_mural_(Cincinnati),Black Lives Matter art in the United States,False,
Black Lives Matter street mural (Indianapolis),Black_Lives_Matter_street_mural_(Indianapolis),Black Lives Matter art in the United States,False,
"Black Lives Matter street mural (Portland, Oregon)","Black_Lives_Matter_street_mural_(Portland,_Oregon)",Black Lives Matter art in the United States,False,
Black Lives Matter street mural (Salt Lake City),Black_Lives_Matter_street_mural_(Salt_Lake_City),Black Lives Matter art in the United States,False,
"Black Lives Matter street mural (Santa Cruz, California)","Black_Lives_Matter_street_mural_(Santa_Cruz,_California)",Black Lives Matter art in the United States,False,
Black Lives Matter street mural (Seattle City Hall),Black_Lives_Matter_street_mural_(Seattle_City_Hall),Black Lives Matter art in the United States,False,
"Black Lives Matter street mural (Springfield, Massachusetts)","Black_Lives_Matter_street_mural_(Springfield,_Massachusetts)",Black Lives Matter art in the United States,False,
Black Parade (song),Black_Parade_(song),Black Lives Matter art,False,
Black Reconstruction Collective,Black_Reconstruction_Collective,Black Lives Matter,False,
Black Software,Black_Software,Black Lives Matter,False,
BlackInAstro,BlackInAstro,Black Lives Matter,False,
BlackinChem,BlackinChem,Black Lives Matter,False,
Blackout (young adult novel),Blackout_(young_adult_novel),Black Lives Matter art,False,
Blackout Tuesday,Blackout_Tuesday,Black Lives Matter,False,
Blair Imani,Blair_Imani,Black Lives Matter people,False,
Blue Lives Matter,Blue_Lives_Matter,Black Lives Matter,False,
Bob McCulloch (prosecutor),Bob_McCulloch_(prosecutor),Killing of Michael Brown,False,
Brenda Odimba,Brenda_Odimba,Black Lives Matter people,False,
Breonna Taylor protests,Breonna_Taylor_protests,Black Lives Matter,False,
Brittany Kamai,Brittany_Kamai,Black Lives Matter people,False,
Brittany Packnett Cunningham,Brittany_Packnett_Cunningham,Black Lives Matter people,False,
Bruce Franks Jr.,Bruce_Franks_Jr.,Black Lives Matter people,False,
Bust of George Floyd,Bust_of_George_Floyd,Black Lives Matter art in the United States,False,
Campaign Zero,Campaign_Zero,Black Lives Matter,False,
Can't Put It in the Hands of Fate,Can't_Put_It_in_the_Hands_of_Fate,Black Lives Matter art,False,
Cancel culture,Cancel_culture,Woke,False,
Capitol Hill Occupied Protest,Capitol_Hill_Occupied_Protest,Black Lives Matter,False,
Carol Gotbaum,Carol_Gotbaum,Deaths in police custody in the United States,False,
Cat Brooks,Cat_Brooks,Black Lives Matter people,False,
Censorship by TikTok,Censorship_by_TikTok,Black Lives Matter,False,
Chi Ossé,Chi_Ossé,Black Lives Matter people,False,
Christian Cooper,Christian_Cooper,Black Lives Matter,False,
Cicely Belle Blain,Cicely_Belle_Blain,Black Lives Matter people,False,
Cicley Gay,Cicley_Gay,Black Lives Matter people,False,
Cincinnati riots of 2001,Cincinnati_riots_of_2001,Black Lives Matter,False,
Colin Kaepernick,Colin_Kaepernick,Black Lives Matter people,False,
Colin in Black & White,Colin_in_Black_&_White,Black Lives Matter art,False,
Commitment March: Get Your Knee Off Our Necks,Commitment_March:_Get_Your_Knee_Off_Our_Necks,Shooting of Jacob Blake,False,
Cori Bush,Cori_Bush,Black Lives Matter people,False,
Cornel Young Jr.,Cornel_Young_Jr.,People shot dead by law enforcement officers in the United States,False,
Crandon shooting,Crandon_shooting,People murdered by law enforcement officers in the United States,False,
Criminal stereotype of African Americans,Criminal_stereotype_of_African_Americans,Black Lives Matter,False,
Danielle Walker (politician),Danielle_Walker_(politician),Black Lives Matter people,False,
Darnella Frazier,Darnella_Frazier,Murder of George Floyd,False,
Daunte Wright protests,Daunte_Wright_protests,2021 United States racial unrest,False,
DeRay Mckesson,DeRay_Mckesson,Black Lives Matter people,False,
Deadly Exchange,Deadly_Exchange,Black Lives Matter,False,
Dear Martin,Dear_Martin,Black Lives Matter art,False,
Abdirahman Abdi,Death_of_Abdirahman_Abdi,Black Lives Matter,False,
Adama Traoré,Death_of_Adama_Traoré,Black Lives Matter,False,
Alonzo Brooks,Death_of_Alonzo_Brooks,Black Lives Matter,False,
Anthony Baez,Death_of_Anthony_Baez,Deaths in police custody in the United States,False,
Chavis Carter,Death_of_Chavis_Carter,Deaths in police custody in the United States,False,
Elliott Williams,Death_of_Elliott_Williams,Deaths in police custody in the United States,False,
Jonathan Sanders,Death_of_Jonathan_Sanders,Deaths in police custody in the United States,True,2015-07-08
Keenan Anderson,Death_of_Keenan_Anderson,Black Lives Matter,True,2023-01-03
Mario Gonzalez,Death_of_Mario_Gonzalez,People killed by law enforcement officers in the United States,True,2021-04-19
Martin Anderson,Death_of_Martin_Anderson,Deaths in police custody in the United States,False,
Marvin Scott,Death_of_Marvin_Scott,Asphyxia-related deaths by law enforcement in the United States,False,
Michael Stewart,Death_of_Michael_Stewart,Deaths in police custody in the United States,False,
Natasha McKenna,Death_of_Natasha_McKenna,Deaths in police custody in the United States,True,2015-02-08
Otto Zehm,Death_of_Otto_Zehm,Deaths in police custody in the United States,False,
Sandra Bland,Death_of_Sandra_Bland,Deaths in police custody in the United States,False,
Tamla Horsford,Death_of_Tamla_Horsford,Black Lives Matter,False,
Tyrone West,Death_of_Tyrone_West,Deaths in police custody in the United States,True,2013-07-18
Deaths of Jakelin Caal and Felipe Gómez Alonzo,Deaths_of_Jakelin_Caal_and_Felipe_Gómez_Alonzo,Deaths in police custody in the United States,False,
Defund the police,Defund_the_police,Black Lives Matter,False,
Demetria Hester,Demetria_Hester,Black Lives Matter people,False,
Derek Chauvin,Derek_Chauvin,Murder of George Floyd,False,
Derwin Brown,Derwin_Brown,People murdered by law enforcement officers in the United States,False,
Don't Shoot (The Game song),Don't_Shoot_(The_Game_song),Killing of Michael Brown,False,
Don't Shoot Portland,Don't_Shoot_Portland,Black Lives Matter,False,
Elle Moxley,Elle_Moxley,Black Lives Matter people,False,
Emil Wilbekin,Emil_Wilbekin,Black Lives Matter,False,
"Equestrian statue of Leopold II, Ostend","Equestrian_statue_of_Leopold_II,_Ostend",Black Lives Matter,False,
Erica Garner,Erica_Garner,Black Lives Matter people,False,
Eugene Puryear,Eugene_Puryear,Black Lives Matter people,False,
Eva Lewis,Eva_Lewis,Black Lives Matter people,False,
Felipe Espinosa,Felipe_Espinosa,Hispanic and Latino American people shot dead by law enforcement officers in the United States,False,
Ferguson Action,Ferguson_Action,Killing of Michael Brown,False,
Ferguson Municipal Public Library,Ferguson_Municipal_Public_Library,Killing of Michael Brown,False,
Ferguson Police Department,Ferguson_Police_Department,Killing of Michael Brown,False,
Ferguson effect,Ferguson_effect,Killing of Michael Brown,False,
Ferguson unrest,Ferguson_unrest,Black Lives Matter,False,
Formation (song),Formation_(song),Black Lives Matter art,False,
Fred Hampton,Fred_Hampton,People murdered by law enforcement officers in the United States,False,
Freedom (Beyoncé song),Freedom_(Beyoncé_song),Black Lives Matter art,False,
Frisco Five,Frisco_Five,Black Lives Matter,False,
Fruitvale Station,Fruitvale_Station,Black Lives Matter art,False,
Generation Revolution,Generation_Revolution,Black Lives Matter,False,
George Floyd,George_Floyd,Deaths in police custody in the United States,True,2020-05-25
George Floyd Square,George_Floyd_Square,Memorials to George Floyd,False,
George Floyd Square occupied protest,George_Floyd_Square_occupied_protest,2020 United States racial unrest,False,
George Floyd and Anti-Racist Street Art database,George_Floyd_and_Anti-Racist_Street_Art_database,Black Lives Matter art,False,
"George Floyd mural (Palm Springs, California)","George_Floyd_mural_(Palm_Springs,_California)",Black Lives Matter art in the United States,False,
"George Floyd mural (Portland, Oregon)","George_Floyd_mural_(Portland,_Oregon)",Black Lives Matter art in the United States,False,
George Floyd protests,George_Floyd_protests,2020 United States racial unrest,False,
George Floyd protests in Minneapolis–Saint Paul,George_Floyd_protests_in_Minneapolis–Saint_Paul,2020 United States racial unrest,False,
George Zimmerman,George_Zimmerman,Killing of Trayvon Martin,False,
Giishkitawag,Giishkitawag,People murdered by law enforcement officers in the United States,False,
Gonzalo Lopez,Gonzalo_Lopez,Hispanic and Latino American people shot dead by law enforcement officers in Texas,True,2022-06-02
Griselio Torresola,Griselio_Torresola,Hispanic and Latino American people shot dead by law enforcement officers in the United States,False,
Groveland Four,Groveland_Four,Deaths in police custody in the United States,False,
Gwen Carr,Gwen_Carr,Black Lives Matter people,False,
Hands Up United,Hands_Up_United,Killing of Michael Brown,False,
"Hands up, don't shoot","Hands_up,_don't_shoot",Black Lives Matter,False,
Harry Simms (labor leader),Harry_Simms_(labor_leader),People murdered by law enforcement officers in the United States,False,
Hedy Epstein,Hedy_Epstein,Black Lives Matter people,False,
His Name Is George Floyd,His_Name_Is_George_Floyd,Murder of George Floyd,False,
Hit n Run Phase Two,Hit_n_Run_Phase_Two,Killing of Freddie Gray,False,
Holding a Black Lives Matter Sign in America's Most Racist Town,Holding_a_Black_Lives_Matter_Sign_in_America's_Most_Racist_Town,Black Lives Matter,False,
How to Sleep When You're on Fire,How_to_Sleep_When_You're_on_Fire,Black Lives Matter art,False,
I Can't Breathe (H.E.R. song),I_Can't_Breathe_(H.E.R._song),Black Lives Matter art,False,
I Can't Breathe (Jerome Farah song),I_Can't_Breathe_(Jerome_Farah_song),Black Lives Matter art,False,
I Can't Breathe: A Killing on Bay Street,I_Can't_Breathe:_A_Killing_on_Bay_Street,Black Lives Matter art,False,
I can't breathe,I_can't_breathe,Black Lives Matter,False,
I'll Burn That Bridge When I Get to It,I'll_Burn_That_Bridge_When_I_Get_to_It,Works about woke,False,
Ijeoma Oluo,Ijeoma_Oluo,Black Lives Matter people,False,
Indira Sheumaker,Indira_Sheumaker,Black Lives Matter people,False,
Ja'Mal Green,Ja'Mal_Green,Black Lives Matter people,False,
James Chaney,James_Chaney,People murdered by law enforcement officers in the United States,False,
James Chasse,James_Chasse,Deaths in police custody in the United States,False,
James Knowles III,James_Knowles_III,Killing of Michael Brown,False,
Janaya Khan,Janaya_Khan,Black Lives Matter people,False,
Jari Jones,Jari_Jones,Black Lives Matter people,False,
Jen Reid,Jen_Reid,Black Lives Matter people,False,
John Africa,John_Africa,People killed by law enforcement officers in the United States,False,
John Thompson (Minnesota politician),John_Thompson_(Minnesota_politician),Black Lives Matter people,False,
John Tunstall,John_Tunstall,People murdered by law enforcement officers in the United States,False,
Johnetta Elzie,Johnetta_Elzie,Black Lives Matter people,False,
Jotham Horton,Jotham_Horton,People murdered by law enforcement officers in the United States,False,
Kenosha unrest,Kenosha_unrest,Black Lives Matter,False,
Kenosha unrest shooting,Kenosha_unrest_shooting,2020 United States racial unrest,False,
Kenyon Farrow,Kenyon_Farrow,Black Lives Matter,False,
Adam Toledo,Killing_of_Adam_Toledo,Hispanic and Latino American people shot dead by law enforcement officers in the United States,True,2021-03-29
Aiyana Jones,Killing_of_Aiyana_Jones,African Americans shot dead by law enforcement officers in the United States,False,
Akai Gurley,Killing_of_Akai_Gurley,Black Lives Matter,True,2014-11-20
Alex Nieto,Killing_of_Alex_Nieto,Hispanic and Latino American people shot dead by law enforcement officers in California,False,
Alfred Olango,Killing_of_Alfred_Olango,Black Lives Matter,True,2016-09-27
Alfred Redwine,Killing_of_Alfred_Redwine,African Americans shot dead by law enforcement officers in the United States,True,2014-03-25
Alton Sterling,Killing_of_Alton_Sterling,Black Lives Matter,True,2016-07-05
Alvin Cole,Killing_of_Alvin_Cole,American children shot dead by law enforcement officers,True,2020-02-02
Amadou Diallo,Killing_of_Amadou_Diallo,African people shot dead by law enforcement officers in the United States,False,
Amir Locke,Killing_of_Amir_Locke,Black Lives Matter,True,2022-02-02
Anastasio Hernández-Rojas,Killing_of_Anastasio_Hernández-Rojas,People killed by law enforcement officers in the United States,False,
Andres Guardado,Killing_of_Andres_Guardado,2020 United States racial unrest,True,2020-06-18
Andrew Brown Jr.,Killing_of_Andrew_Brown_Jr.,2021 United States racial unrest,False,
Andy Lopez,Killing_of_Andy_Lopez,Hispanic and Latino American people shot dead by law enforcement officers in California,True,2013-10-22
Angelo Quinto,Killing_of_Angelo_Quinto,Asphyxia-related deaths by law enforcement in the United States,True,2020-12-23
Anthony Alvarez,Killing_of_Anthony_Alvarez,Hispanic and Latino American people shot dead by law enforcement officers in the United States,True,2021-03-31
Anthony Hill,Killing_of_Anthony_Hill,Black Lives Matter,True,2015-03-09
Anthony Weber,Killing_of_Anthony_Weber,American children shot dead by law enforcement officers,False,
Antonio Martin,Killing_of_Antonio_Martin,Black Lives Matter,True,2014-12-23
Antonio Zambrano-Montes,Killing_of_Antonio_Zambrano-Montes,People shot dead by law enforcement officers in the United States,True,2015-02-10
Antwon Rose Jr.,Killing_of_Antwon_Rose_Jr.,Black Lives Matter,False,
Archie Elliott III,Killing_of_Archie_Elliott_III,African Americans shot dead by law enforcement officers in the United States,False,
Atatiana Jefferson,Killing_of_Atatiana_Jefferson,Black Lives Matter,True,2019-10-12
Bernardo Palacios-Carbajal,Killing_of_Bernardo_Palacios-Carbajal,Hispanic and Latino American people shot dead by law enforcement officers in the United States,True,2020-05-23
Bich Cau Thi Tran,Killing_of_Bich_Cau_Thi_Tran,Asian people shot dead by law enforcement officers in California,False,
Breonna Taylor,Killing_of_Breonna_Taylor,Black Lives Matter,True,2020-03-13
Carlos Carson,Killing_of_Carlos_Carson,Black Lives Matter,False,
Carnell Russ,Killing_of_Carnell_Russ,African Americans shot dead by law enforcement officers in the United States,False,
Casey Goodson,Killing_of_Casey_Goodson,Black Lives Matter,False,
Charley Leundeu Keunang,Killing_of_Charley_Leundeu_Keunang,Black Lives Matter,False,
Christian Hall,Killing_of_Christian_Hall,Asian people shot dead by law enforcement officers in the United States,True,2020-12-30
Christopher Penley,Killing_of_Christopher_Penley,American children shot dead by law enforcement officers,False,
Claudia Gómez González,Killing_of_Claudia_Gómez_González,Hispanic and Latino American people shot dead by law enforcement officers in Texas,False,
Clifford Glover,Killing_of_Clifford_Glover,American children shot dead by law enforcement officers,False,
Corey Jones,Killing_of_Corey_Jones,People murdered by law enforcement officers in the United States,True,2015-10-18
Corey Ruiz,Killing_of_Corey_Ruiz,People killed by law enforcement officers in the United States,False,
Daniel Hambrick,Killing_of_Daniel_Hambrick,People murdered by law enforcement officers in the United States,True,2018-07-26
Daniel Prude,Killing_of_Daniel_Prude,Deaths in police custody in the United States,False,
Daniel Rocha,Killing_of_Daniel_Rocha,Hispanic and Latino American people shot dead by law enforcement officers in Texas,False,
Daunte Wright,Killing_of_Daunte_Wright,Black Lives Matter,True,2021-04-11
David McAtee,Killing_of_David_McAtee,Black Lives Matter,True,2020-06-01
Deborah Danner,Killing_of_Deborah_Danner,Black Lives Matter,True,2016-10-18
Deona Marie Knajdek,Killing_of_Deona_Marie_Knajdek,Black Lives Matter,False,
Dhal Apet and Lueth Mo,Killing_of_Dhal_Apet_and_Lueth_Mo,African people shot dead by law enforcement officers in the United States,False,
Dijon Kizzee,Killing_of_Dijon_Kizzee,Black Lives Matter,True,2020-08-31
Dion Johnson,Killing_of_Dion_Johnson,Black Lives Matter,True,2020-05-25
Dolal Idd,Killing_of_Dolal_Idd,Black Lives Matter,True,2020-12-30
Donovan Lewis,Killing_of_Donovan_Lewis,Black Lives Matter,True,2022-08-30
Dontre Hamilton,Killing_of_Dontre_Hamilton,Black Lives Matter,True,2014-04-30
Duncan Lemp,Killing_of_Duncan_Lemp,People shot dead by law enforcement officers in the United States,False,
Dylan Noble,Killing_of_Dylan_Noble,People killed by law enforcement officers in the United States,True,2016-06-25
Eddie Irizarry,Killing_of_Eddie_Irizarry,Hispanic and Latino American people shot dead by law enforcement officers in the United States,True,2023-08-14
Elijah McClain,Killing_of_Elijah_McClain,Deaths in police custody in the United States,True,2019-08-24
Emantic Fitzgerald Bradford Jr.,Killing_of_Emantic_Fitzgerald_Bradford_Jr.,Black Lives Matter,False,
Eric Garner,Killing_of_Eric_Garner,People killed by law enforcement officers in the United States,True,2014-07-17
Eric Harris,Killing_of_Eric_Harris,African Americans shot dead by law enforcement officers in the United States,True,2014-06-15
Eurie Martin,Killing_of_Eurie_Martin,People killed by law enforcement officers in the United States,False,
Ezell Ford,Killing_of_Ezell_Ford,Black Lives Matter,True,2014-08-11
Fong Lee,Killing_of_Fong_Lee,Asian people shot dead by law enforcement officers in the United States,False,
Fouad Kaady,Killing_of_Fouad_Kaady,People murdered by law enforcement officers in the United States,False,
Freddie Gray,Killing_of_Freddie_Gray,Deaths in police custody in the United States,True,2015-04-12
George Robinson,Killing_of_George_Robinson,Deaths in police custody in the United States,True,2019-01-13
Guillermo Sanchez and Guillardo Sanchez,Killing_of_Guillermo_Sanchez_and_Guillardo_Sanchez,Hispanic and Latino American people shot dead by law enforcement officers in California,False,
Irvo Otieno,Killing_of_Irvo_Otieno,Asphyxia-related deaths by law enforcement in the United States,False,
Jamar Clark,Killing_of_Jamar_Clark,Black Lives Matter,True,2015-11-15
James Boyd,Killing_of_James_Boyd,People shot dead by law enforcement officers in the United States,False,
James Brazier,Killing_of_James_Brazier,Deaths in police custody in the United States,False,
James Scurlock,Killing_of_James_Scurlock,Black Lives Matter,False,
Javier Ambler,Killing_of_Javier_Ambler,Deaths in police custody in the United States,False,
Jayland Walker,Killing_of_Jayland_Walker,Black Lives Matter,True,2022-06-27
Jeremy McDole,Killing_of_Jeremy_McDole,People shot dead by law enforcement officers in the United States,True,2015-09-23
John Albers,Killing_of_John_Albers,People killed by law enforcement officers in the United States,True,2018-01-20
John Crawford III,Killing_of_John_Crawford_III,Black Lives Matter,False,
Johnny Robinson,Killing_of_Johnny_Robinson,People murdered by law enforcement officers in the United States,False,
Jonathan Ferrell,Killing_of_Jonathan_Ferrell,Black Lives Matter,False,
Jonny Gammage,Killing_of_Jonny_Gammage,People killed by law enforcement officers in the United States,False,
Jose Guerena,Killing_of_Jose_Guerena,Hispanic and Latino American people shot dead by law enforcement officers in the United States,False,
Joseph Mann,Killing_of_Joseph_Mann,Black Lives Matter,True,2016-07-11
José Campos Torres,Killing_of_José_Campos_Torres,Deaths in police custody in the United States,False,
Julian Lewis,Killing_of_Julian_Lewis,Deaths in police custody in the United States,False,
Keith Lamont Scott,Killing_of_Keith_Lamont_Scott,Black Lives Matter,True,2016-09-20
Kelly Thomas,Killing_of_Kelly_Thomas,Deaths in police custody in the United States,False,
Kendra James,Killing_of_Kendra_James,African Americans shot dead by law enforcement officers in the United States,False,
Kenneth Chamberlain Sr.,Killing_of_Kenneth_Chamberlain_Sr.,Black Lives Matter,False,
Kevin Mullins,Killing_of_Kevin_Mullins,People murdered by law enforcement officers in the United States,True,2024-09-19
Korryn Gaines,Killing_of_Korryn_Gaines,Black Lives Matter,True,2016-08-01
Kuanchung Kao,Killing_of_Kuanchung_Kao,Asian people shot dead by law enforcement officers in California,False,
Larry Jackson Jr.,Killing_of_Larry_Jackson_Jr.,Black Lives Matter,False,
Leneal Frazier,Killing_of_Leneal_Frazier,Black Lives Matter,False,
Lindani Myeni,Killing_of_Lindani_Myeni,Black Lives Matter,True,2021-04-13
Lorenzo Salgado Araujo,Killing_of_Lorenzo_Salgado_Araujo,Hispanic and Latino American people shot dead by law enforcement officers in Texas,False,
Luana Barbosa dos Reis,Killing_of_Luana_Barbosa_dos_Reis,Black Lives Matter,False,
Ma'Khia Bryant,Killing_of_Ma'Khia_Bryant,2021 United States racial unrest,True,2021-04-20
Malice Green,Killing_of_Malice_Green,Deaths in police custody in the United States,False,
Manuel Ellis,Killing_of_Manuel_Ellis,Deaths in police custody in the United States,False,
Marcellis Stinnette,Killing_of_Marcellis_Stinnette,Deaths in police custody in the United States,True,2020-10-20
Markeis McGlockton,Killing_of_Markeis_McGlockton,Black Lives Matter,False,
Meagan Hockaday,Killing_of_Meagan_Hockaday,Black Lives Matter,True,2015-03-27
Messiah Nantwi,Killing_of_Messiah_Nantwi,People killed by law enforcement officers in the United States,False,
Michael Brown,Killing_of_Michael_Brown,Killing of Michael Brown,True,2014-08-09
Michael Cho,Killing_of_Michael_Cho,Asian people shot dead by law enforcement officers in California,False,
Mohamed Bah,Killing_of_Mohamed_Bah,People shot dead by law enforcement officers in the United States,False,
Nina Pop,Killing_of_Nina_Pop,Black Lives Matter,False,
Nyah Mway,Killing_of_Nyah_Mway,Asian people shot dead by law enforcement officers in New York (state),True,2024-06-28
Oscar Grant,Killing_of_Oscar_Grant,Black Lives Matter,False,
Ousmane Zongo,Killing_of_Ousmane_Zongo,People shot dead by law enforcement officers in the United States,False,
Patrick Harmon,Killing_of_Patrick_Harmon,Black Lives Matter,True,2017-08-13
Patrick Lyoya,Killing_of_Patrick_Lyoya,Black Lives Matter,True,2022-04-04
Philando Castile,Killing_of_Philando_Castile,Black Lives Matter,True,2016-07-06
Ramarley Graham,Killing_of_Ramarley_Graham,Black Lives Matter,False,
Rayshard Brooks,Killing_of_Rayshard_Brooks,Deaths in police custody in the United States,True,2020-06-12
Rekia Boyd,Killing_of_Rekia_Boyd,Black Lives Matter,False,
Richard Lee Richards,Killing_of_Richard_Lee_Richards,People killed by law enforcement officers in the United States,True,2021-11-29
Ricky Cobb II,Killing_of_Ricky_Cobb_II,Black Lives Matter,True,2023-07-31
Rigoberto Alpizar,Killing_of_Rigoberto_Alpizar,People shot dead by law enforcement officers in the United States,False,
Ronald Greene,Killing_of_Ronald_Greene,Deaths in police custody in the United States,True,2019-05-10
Samuel DuBose,Killing_of_Samuel_DuBose,Black Lives Matter,False,
Savannah Graziano,Killing_of_Savannah_Graziano,American children shot dead by law enforcement officers,True,2022-09-27
Sayed Faisal,Killing_of_Sayed_Faisal,Asian people shot dead by law enforcement officers in the United States,True,2023-01-04
Sean Monterrosa,Killing_of_Sean_Monterrosa,2020 United States racial unrest,True,2020-06-02
Tamir Rice,Killing_of_Tamir_Rice,Black Lives Matter,False,
Terence Crutcher,Killing_of_Terence_Crutcher,Black Lives Matter,True,2016-09-16
Timothy Russell and Malissa Williams,Killing_of_Timothy_Russell_and_Malissa_Williams,Black Lives Matter,False,
Tony McDade,Killing_of_Tony_McDade,Black Lives Matter,False,
Tony Robinson,Killing_of_Tony_Robinson,Black Lives Matter,False,
Tony Timpa,Killing_of_Tony_Timpa,People killed by law enforcement officers in the United States,True,2016-08-10
Trayvon Martin,Killing_of_Trayvon_Martin,Killing of Trayvon Martin,False,
Tyre Nichols,Killing_of_Tyre_Nichols,Deaths in police custody in the United States,True,2023-01-07
Vivian Strong,Killing_of_Vivian_Strong,African Americans shot dead by law enforcement officers in the United States,False,
Walter Scott,Killing_of_Walter_Scott,People murdered by law enforcement officers in the United States,True,2015-04-04
Walter Wallace,Killing_of_Walter_Wallace,Black Lives Matter,False,
Willie McCoy,Killing_of_Willie_McCoy,Black Lives Matter,True,2019-02-09
Winston Boogie Smith,Killing_of_Winston_Boogie_Smith,Black Lives Matter,False,
Zachary Hammond,Killing_of_Zachary_Hammond,People shot dead by law enforcement officers in the United States,True,2015-07-26
Kissy Duerré,Kissy_Duerré,Black Lives Matter people,False,
Kyle Rittenhouse,Kyle_Rittenhouse,Shooting of Jacob Blake,False,
Kyng Rhodes,Kyng_Rhodes,Black Lives Matter people,False,
Las Vegas courthouse shooting,Las_Vegas_courthouse_shooting,African Americans shot dead by law enforcement officers in the United States,False,
Lee Harvey Oswald,Lee_Harvey_Oswald,Deaths in police custody in the United States,False,
Lewis Hamilton,Lewis_Hamilton,Black Lives Matter people,False,
Linda Sarsour,Linda_Sarsour,Black Lives Matter people,False,
List of Black Lives Matter street murals,List_of_Black_Lives_Matter_street_murals,Black Lives Matter art,False,
List of Daunte Wright protests,List_of_Daunte_Wright_protests,2021 United States racial unrest,False,
List of Internet phenomena,List_of_Internet_phenomena,Works about woke,False,
List of incidents and protests of the United States racial unrest,List_of_incidents_and_protests_of_the_United_States_racial_unrest,2020–2021 United States racial unrest,False,
"List of killings by law enforcement officers in the United States, September 2013","List_of_killings_by_law_enforcement_officers_in_the_United_States,_September_2013",People shot dead by law enforcement officers in the United States,False,
List of people killed during the 2020–23 United States racial unrest,List_of_people_killed_during_the_2020–23_United_States_racial_unrest,Deaths in police custody in the United States,False,
List of statues of Leopold II of Belgium,List_of_statues_of_Leopold_II_of_Belgium,Black Lives Matter,False,
List of unarmed African Americans killed by law enforcement officers in the United States,List_of_unarmed_African_Americans_killed_by_law_enforcement_officers_in_the_United_States,African Americans shot dead by law enforcement officers in the United States,False,
List of unarmed African Americans killed by law enforcement officers in the United States in the 20th century,List_of_unarmed_African_Americans_killed_by_law_enforcement_officers_in_the_United_States_in_the_20th_century,African Americans shot dead by law enforcement officers in the United States,False,
Louis F. Edwards,Louis_F._Edwards,People murdered by law enforcement officers in the United States,False,
Loyal Like Sid & Nancy,Loyal_Like_Sid_&_Nancy,Black Lives Matter art,False,
Lungi Ngidi,Lungi_Ngidi,Black Lives Matter people,False,
Mack Coleman,Mack_Coleman,Deaths in police custody in the United States,False,
Maghfoor Mansoor,Maghfoor_Mansoor,Asian people shot dead by law enforcement officers in New York (state),False,
Makhaya Ntini,Makhaya_Ntini,Black Lives Matter,False,
Manuel Benitez,Manuel_Benitez,Hispanic and Latino American people shot dead by law enforcement officers in California,False,
Maria Chappelle-Nadal,Maria_Chappelle-Nadal,Killing of Michael Brown,False,
Marilyn Mosby,Marilyn_Mosby,Killing of Freddie Gray,False,
Marissa Johnson,Marissa_Johnson,Black Lives Matter people,False,
Mckesson v. Doe,Mckesson_v._Doe,Black Lives Matter,False,
Melina Abdullah,Melina_Abdullah,Black Lives Matter people,False,
Memorials to George Floyd,Memorials_to_George_Floyd,Murder of George Floyd,False,
Micah Xavier Johnson,Micah_Xavier_Johnson,People killed by law enforcement officers in the United States,True,2016-07-07
Michael Baden,Michael_Baden,Murder of George Floyd,False,
Michael Hardy (attorney),Michael_Hardy_(attorney),Black Lives Matter people,False,
Michael Harold Chapel,Michael_Harold_Chapel,People murdered by law enforcement officers in the United States,False,
Michael Schwerner,Michael_Schwerner,People murdered by law enforcement officers in the United States,False,
Millennial Activists United,Millennial_Activists_United,Black Lives Matter,False,
Missourians Organizing for Reform and Empowerment,Missourians_Organizing_for_Reform_and_Empowerment,Killing of Michael Brown,False,
Moms United for Black Lives,Moms_United_for_Black_Lives,Black Lives Matter people,False,
Moo Moo (Brooklyn Nine-Nine),Moo_Moo_(Brooklyn_Nine-Nine),Black Lives Matter art,False,
Mothers of Gynecology Movement,Mothers_of_Gynecology_Movement,Black Lives Matter,False,
Mothers of the Movement,Mothers_of_the_Movement,Black Lives Matter,False,
Movement for Black Lives,Movement_for_Black_Lives,Black Lives Matter,False,
Muhiyidin Moye,Muhiyidin_Moye,Black Lives Matter people,False,
Ahmaud Arbery,Murder_of_Ahmaud_Arbery,Black Lives Matter,False,
Andre Hill,Murder_of_Andre_Hill,Black Lives Matter,False,
Cara Knott,Murder_of_Cara_Knott,People murdered by law enforcement officers in the United States,False,
David Dorn,Murder_of_David_Dorn,Black Lives Matter,False,
Garrett Foster,Murder_of_Garrett_Foster,2020 United States racial unrest,False,
George Floyd,Murder_of_George_Floyd,Deaths in police custody in the United States,True,2020-05-25
James Craig Anderson,Murder_of_James_Craig_Anderson,Black Lives Matter,False,
Jared Lakey,Murder_of_Jared_Lakey,Deaths in police custody in the United States,True,2019-07-04
Jessie Davis,Murder_of_Jessie_Davis,People murdered by law enforcement officers in the United States,False,
Jordan Davis,Murder_of_Jordan_Davis,Black Lives Matter,False,
Jordan Edwards,Murder_of_Jordan_Edwards,American children shot dead by law enforcement officers,True,2017-04-29
Laquan McDonald,Murder_of_Laquan_McDonald,American children shot dead by law enforcement officers,True,2014-10-20
Michelle Busha,Murder_of_Michelle_Busha,People murdered by law enforcement officers in the United States,False,
Renisha McBride,Murder_of_Renisha_McBride,Black Lives Matter,False,
Santos Rodriguez,Murder_of_Santos_Rodriguez,People murdered by law enforcement officers in the United States,False,
Sherri Rasmussen,Murder_of_Sherri_Rasmussen,People murdered by law enforcement officers in the United States,False,
Murders of Oluwatoyin Salau and Victoria Sims,Murders_of_Oluwatoyin_Salau_and_Victoria_Sims,Black Lives Matter people,False,
Mwende Katwiwa,Mwende_Katwiwa,Black Lives Matter people,False,
Nana Kwabena Tuffuor,Nana_Kwabena_Tuffuor,Black Lives Matter people,False,
Naomi Osaka,Naomi_Osaka,Black Lives Matter people,False,
Natalie Aleta Jackson,Natalie_Aleta_Jackson,Black Lives Matter people,False,
Neil Superior,Neil_Superior,Deaths in police custody in the United States,False,
Nekima Levy Armstrong,Nekima_Levy_Armstrong,Black Lives Matter people,False,
Night Call (film),Night_Call_(film),Black Lives Matter art,False,
Nightmare Elk,Nightmare_Elk,Black Lives Matter art in the United States,False,
Nikkita Oliver,Nikkita_Oliver,Black Lives Matter people,False,
Nova Stevens,Nova_Stevens,Black Lives Matter people,False,
Nupol Kiazolu,Nupol_Kiazolu,Black Lives Matter people,False,
Omar Jimenez,Omar_Jimenez,2020 United States racial unrest,False,
Operation Legend,Operation_Legend,2020 United States racial unrest,False,
Organization for Black Struggle,Organization_for_Black_Struggle,Killing of Michael Brown,False,
Orisha Land,Orisha_Land,Black Lives Matter,False,
Otherside of America,Otherside_of_America,Black Lives Matter art,False,
Our Lady of Ferguson,Our_Lady_of_Ferguson,Black Lives Matter art,False,
Patrick Henry Cronin,Patrick_Henry_Cronin,People murdered by law enforcement officers in the United States,False,
Patrisse Cullors,Patrisse_Cullors,Black Lives Matter people,False,
Peoples Power Assemblies,Peoples_Power_Assemblies,Black Lives Matter,False,
Philip McHarris,Philip_McHarris,Black Lives Matter people,False,
Police abolition,Police_abolition,Black Lives Matter,False,
Police accountability,Police_accountability,Black Lives Matter,False,
Police misconduct,Police_misconduct,Black Lives Matter,False,
Porvenir massacre (1918),Porvenir_massacre_(1918),Hispanic and Latino American people shot dead by law enforcement officers in Texas,False,
Preserve the Baltimore Uprising,Preserve_the_Baltimore_Uprising,Killing of Freddie Gray,False,
Project South (organization),Project_South_(organization),Black Lives Matter,False,
Protests in Minneapolis regarding the trial of Derek Chauvin,Protests_in_Minneapolis_regarding_the_trial_of_Derek_Chauvin,2021 United States racial unrest,False,
Qween Jean,Qween_Jean,Black Lives Matter people,False,
Rankin County torture incident,Rankin_County_torture_incident,Black Lives Matter,False,
Reactions to the murder of George Floyd,Reactions_to_the_murder_of_George_Floyd,Black Lives Matter,False,
Red House eviction defense,Red_House_eviction_defense,2020 United States racial unrest,False,
Red Lopez,Red_Lopez,Hispanic and Latino American people shot dead by law enforcement officers in Texas,False,
Reno Gang,Reno_Gang,Deaths in police custody in the United States,False,
Rest in Power: The Enduring Life of Trayvon Martin,Rest_in_Power:_The_Enduring_Life_of_Trayvon_Martin,Killing of Trayvon Martin,False,
Rest in Power: The Trayvon Martin Story,Rest_in_Power:_The_Trayvon_Martin_Story,Killing of Trayvon Martin,False,
Rest in power,Rest_in_power,Black Lives Matter,False,
Restore Trust,Restore_Trust,Woke,False,
Riot (XXXTentacion song),Riot_(XXXTentacion_song),Killing of Michael Brown,False,
Rizwan Farook and Tashfeen Malik,Rizwan_Farook_and_Tashfeen_Malik,Asian people shot dead by law enforcement officers in California,False,
Robert Jay Mathews,Robert_Jay_Mathews,People killed by law enforcement officers in the United States,False,
Roman Ducksworth Jr.,Roman_Ducksworth_Jr.,People murdered by law enforcement officers in the United States,False,
Ron Settles,Ron_Settles,Deaths in police custody in the United States,False,
Ruben Salazar,Ruben_Salazar,Hispanic and Latino American people shot dead by law enforcement officers in California,False,
Rui Hachimura,Rui_Hachimura,Black Lives Matter people,False,
Russia and Black Lives Matter,Russia_and_Black_Lives_Matter,Black Lives Matter,False,
Samuel Sinyangwe,Samuel_Sinyangwe,Black Lives Matter people,False,
Sandy Hudson,Sandy_Hudson,Black Lives Matter people,False,
Sasha Johnson,Sasha_Johnson,Black Lives Matter people,False,
Save the Boards,Save_the_Boards,Memorials to George Floyd,False,
Say Their Names,Say_Their_Names,Black Lives Matter art in the United States,False,
SayHerName,SayHerName,Black Lives Matter,False,
Scary Movie (2026 film),Scary_Movie_(2026_film),Works about woke,False,
Sermon on the 'Mount (South Park),Sermon_on_the_'Mount_(South_Park),Works about woke,False,
Shatzi Weisberger,Shatzi_Weisberger,Black Lives Matter people,False,
Shaun King,Shaun_King,Black Lives Matter people,False,
Charles Kinsey,Shooting_of_Charles_Kinsey,Black Lives Matter,False,
Daniel Shaver,Shooting_of_Daniel_Shaver,People shot dead by law enforcement officers in the United States,False,
Jacob Blake,Shooting_of_Jacob_Blake,Black Lives Matter,False,
Sitting Bull,Sitting_Bull,People murdered by law enforcement officers in the United States,False,
Snow on tha Bluff (song),Snow_on_tha_Bluff_(song),Black Lives Matter art,False,
Speeches of Barack Obama,Speeches_of_Barack_Obama,Killing of Trayvon Martin,False,
St. Louis gun-toting incident,St._Louis_gun-toting_incident,Black Lives Matter,False,
Statue of Calvin Griffith,Statue_of_Calvin_Griffith,2020 United States racial unrest,False,
"Statue of Christopher Columbus (Saint Paul, Minnesota)","Statue_of_Christopher_Columbus_(Saint_Paul,_Minnesota)",2020 United States racial unrest,False,
Statue of George Floyd,Statue_of_George_Floyd,Black Lives Matter art in the United States,False,
Stay Woke: The Black Lives Matter Movement,Stay_Woke:_The_Black_Lives_Matter_Movement,Black Lives Matter art,False,
Stop WOKE Act,Stop_WOKE_Act,Woke,False,
Stranger Fruit (film),Stranger_Fruit_(film),Killing of Michael Brown,False,
Street Riders NYC,Street_Riders_NYC,Black Lives Matter,False,
Syrus Marcus Ware,Syrus_Marcus_Ware,Black Lives Matter people,False,
Taking a Stand in Baton Rouge,Taking_a_Stand_in_Baton_Rouge,Black Lives Matter art in the United States,False,
Taking the Initiative Party,Taking_the_Initiative_Party,Black Lives Matter,False,
Tameka Bradley Hobbs,Tameka_Bradley_Hobbs,Black Lives Matter people,False,
Tamika Mallory,Tamika_Mallory,Black Lives Matter people,False,
Tay Anderson,Tay_Anderson,Black Lives Matter people,False,
Thandiwe Abdullah,Thandiwe_Abdullah,Black Lives Matter people,False,
The Bigger Picture (song),The_Bigger_Picture_(song),Black Lives Matter art,False,
The Cops Don't Know,The_Cops_Don't_Know,Black Lives Matter art,False,
The Courage to Be Free,The_Courage_to_Be_Free,Works about woke,False,
The Force (film),The_Force_(film),Black Lives Matter art,False,
The Hate U Give,The_Hate_U_Give,Black Lives Matter art,False,
The Hate U Give (film),The_Hate_U_Give_(film),Black Lives Matter art,False,
The Problem with Everything,The_Problem_with_Everything,Works about woke,False,
The Retreat at Twin Lakes,The_Retreat_at_Twin_Lakes,Killing of Trayvon Martin,False,
The Seven Last Words of the Unarmed,The_Seven_Last_Words_of_the_Unarmed,Black Lives Matter art,False,
The War on Warriors,The_War_on_Warriors,Works about woke,False,
The Weeknd,The_Weeknd,Black Lives Matter people,False,
The talk (racism in the United States),The_talk_(racism_in_the_United_States),Black Lives Matter,False,
Timeline of the killing of Trayvon Martin,Timeline_of_the_killing_of_Trayvon_Martin,Killing of Trayvon Martin,False,
Tishaura Jones,Tishaura_Jones,Black Lives Matter people,False,
Titania McGrath,Titania_McGrath,Woke,False,
Trayvon Martin,Trayvon_Martin,Killing of Trayvon Martin,False,
Trey Songz,Trey_Songz,Black Lives Matter,False,
Trial of Derek Chauvin,Trial_of_Derek_Chauvin,Murder of George Floyd,False,
Trial of George Zimmerman,Trial_of_George_Zimmerman,Killing of Trayvon Martin,False,
Tsion Gurmu,Tsion_Gurmu,Black Lives Matter people,False,
Two Distant Strangers,Two_Distant_Strangers,Black Lives Matter art,False,
Tyre Nichols protests,Tyre_Nichols_protests,2020–2021 United States racial unrest,False,
Ultraliberalism,Ultraliberalism,Woke,False,
United States racial unrest (2020–2023),United_States_racial_unrest_(2020–2023),Deaths in police custody in the United States,False,
Use-of-force law in Missouri,Use-of-force_law_in_Missouri,Killing of Michael Brown,False,
Uvalde school shooting,Uvalde_school_shooting,Hispanic and Latino American people shot dead by law enforcement officers in Texas,False,
Vanessa Marquez,Vanessa_Marquez,Hispanic and Latino American people shot dead by law enforcement officers in California,True,2018-08-30
W.L. Nolen,W.L._Nolen,People killed by law enforcement officers in the United States,False,
We Stand with You,We_Stand_with_You,Black Lives Matter art in the United States,False,
Wesley Bell,Wesley_Bell,Killing of Michael Brown,False,
Wesley Lowery,Wesley_Lowery,Black Lives Matter people,False,
"When the looting starts, the shooting starts","When_the_looting_starts,_the_shooting_starts",Black Lives Matter,False,
White Coats for Black Lives,White_Coats_for_Black_Lives,Black Lives Matter,False,
White Noise (play),White_Noise_(play),Works about woke,False,
Whose Streets?,Whose_Streets?,Black Lives Matter,False,
"Why We Kneel, How We Rise","Why_We_Kneel,_How_We_Rise",Black Lives Matter art,False,
William C. Rodgers,William_C._Rodgers,Deaths in police custody in the United States,False,
Willie Wolfe,Willie_Wolfe,People killed by law enforcement officers in the United States,False,
Woke,Woke,Black Lives Matter,False,
Woke (TV series),Woke_(TV_series),Works about woke,False,
World War Zimmerman,World_War_Zimmerman,Killing of Trayvon Martin,False,
"You Belong to Me: Sex, Race and Murder in the South","You_Belong_to_Me:_Sex,_Race_and_Murder_in_the_South",Black Lives Matter art,False,
Zimbabwean Lives Matter,Zimbabwean_Lives_Matter,Black Lives Matter,False,
